"","X","node_loc","technology","year_vtg","year_act","mode","time","value","unit"
"1",0,"South Africa","bio_extr",2010,2010,"M1","year","50","???"
"2",1,"South Africa","bio_extr",2020,2020,"M1","year","47.5","???"
"3",2,"South Africa","bio_extr",2030,2030,"M1","year","45.125","???"
"4",3,"South Africa","bio_extr",2040,2040,"M1","year","42.86875","???"
"5",4,"South Africa","bio_extr",2050,2050,"M1","year","40.7253125","???"
"6",5,"South Africa","bio_extr",2060,2060,"M1","year","38.68904688","???"
"7",6,"South Africa","bio_extr",2070,2070,"M1","year","36.75459453","???"
"8",7,"South Africa","bio_istig",2010,2010,"M1","year","0","USD/GWa"
"9",8,"South Africa","bio_istig",2010,2020,"M1","year","0","USD/GWa"
"10",9,"South Africa","bio_istig",2010,2030,"M1","year","0","USD/GWa"
"11",10,"South Africa","bio_istig",2020,2020,"M1","year","0","USD/GWa"
"12",11,"South Africa","bio_istig",2020,2030,"M1","year","0","USD/GWa"
"13",12,"South Africa","bio_istig",2020,2040,"M1","year","0","USD/GWa"
"14",13,"South Africa","bio_istig",2030,2030,"M1","year","0","USD/GWa"
"15",14,"South Africa","bio_istig",2030,2040,"M1","year","0","USD/GWa"
"16",15,"South Africa","bio_istig",2030,2050,"M1","year","0","USD/GWa"
"17",16,"South Africa","bio_istig",2040,2040,"M1","year","0","USD/GWa"
"18",17,"South Africa","bio_istig",2040,2050,"M1","year","0","USD/GWa"
"19",18,"South Africa","bio_istig",2040,2060,"M1","year","0","USD/GWa"
"20",19,"South Africa","bio_istig",2050,2050,"M1","year","0","USD/GWa"
"21",20,"South Africa","bio_istig",2050,2060,"M1","year","0","USD/GWa"
"22",21,"South Africa","bio_istig",2050,2070,"M1","year","0","USD/GWa"
"23",22,"South Africa","bio_istig",2060,2060,"M1","year","0","USD/GWa"
"24",23,"South Africa","bio_istig",2060,2070,"M1","year","0","USD/GWa"
"25",24,"South Africa","bio_istig",2070,2070,"M1","year","0","USD/GWa"
"26",25,"South Africa","biomass_i",1995,1995,"M1","year","0","USD/GWa"
"27",26,"South Africa","biomass_i",1995,2000,"M1","year","0","USD/GWa"
"28",27,"South Africa","biomass_i",1995,2005,"M1","year","0","USD/GWa"
"29",28,"South Africa","biomass_i",1995,2010,"M1","year","0","USD/GWa"
"30",29,"South Africa","biomass_i",2000,2000,"M1","year","0","USD/GWa"
"31",30,"South Africa","biomass_i",2000,2005,"M1","year","0","USD/GWa"
"32",31,"South Africa","biomass_i",2000,2010,"M1","year","0","USD/GWa"
"33",32,"South Africa","biomass_i",2000,2020,"M1","year","0","USD/GWa"
"34",33,"South Africa","biomass_i",2005,2005,"M1","year","0","USD/GWa"
"35",34,"South Africa","biomass_i",2005,2010,"M1","year","0","USD/GWa"
"36",35,"South Africa","biomass_i",2005,2020,"M1","year","0","USD/GWa"
"37",36,"South Africa","biomass_i",2010,2010,"M1","year","0","USD/GWa"
"38",37,"South Africa","biomass_i",2010,2020,"M1","year","0","USD/GWa"
"39",38,"South Africa","biomass_i",2010,2030,"M1","year","0","USD/GWa"
"40",39,"South Africa","biomass_i",2020,2020,"M1","year","0","USD/GWa"
"41",40,"South Africa","biomass_i",2020,2030,"M1","year","0","USD/GWa"
"42",41,"South Africa","biomass_i",2020,2040,"M1","year","0","USD/GWa"
"43",42,"South Africa","biomass_i",2030,2030,"M1","year","0","USD/GWa"
"44",43,"South Africa","biomass_i",2030,2040,"M1","year","0","USD/GWa"
"45",44,"South Africa","biomass_i",2030,2050,"M1","year","0","USD/GWa"
"46",45,"South Africa","biomass_i",2040,2040,"M1","year","0","USD/GWa"
"47",46,"South Africa","biomass_i",2040,2050,"M1","year","0","USD/GWa"
"48",47,"South Africa","biomass_i",2040,2060,"M1","year","0","USD/GWa"
"49",48,"South Africa","biomass_i",2050,2050,"M1","year","0","USD/GWa"
"50",49,"South Africa","biomass_i",2050,2060,"M1","year","0","USD/GWa"
"51",50,"South Africa","biomass_i",2050,2070,"M1","year","0","USD/GWa"
"52",51,"South Africa","biomass_i",2060,2060,"M1","year","0","USD/GWa"
"53",52,"South Africa","biomass_i",2060,2070,"M1","year","0","USD/GWa"
"54",53,"South Africa","biomass_i",2070,2070,"M1","year","0","USD/GWa"
"55",54,"South Africa","biomass_nc",1990,1990,"M1","year","67.5","USD/GWa"
"56",55,"South Africa","biomass_nc",1995,1995,"M1","year","67.5","USD/GWa"
"57",56,"South Africa","biomass_nc",2000,2000,"M1","year","67.5","USD/GWa"
"58",57,"South Africa","biomass_nc",2005,2005,"M1","year","67.5","USD/GWa"
"59",58,"South Africa","biomass_nc",2010,2010,"M1","year","67.5","USD/GWa"
"60",59,"South Africa","biomass_nc",2020,2020,"M1","year","67.5","USD/GWa"
"61",60,"South Africa","biomass_nc",2030,2030,"M1","year","67.5","USD/GWa"
"62",61,"South Africa","biomass_nc",2040,2040,"M1","year","67.5","USD/GWa"
"63",62,"South Africa","biomass_nc",2050,2050,"M1","year","67.5","USD/GWa"
"64",63,"South Africa","biomass_nc",2060,2060,"M1","year","67.5","USD/GWa"
"65",64,"South Africa","biomass_nc",2070,2070,"M1","year","67.5","USD/GWa"
"66",65,"South Africa","biomass_rc",1995,1995,"M1","year","-40","USD/GWa"
"67",66,"South Africa","biomass_rc",2000,2000,"M1","year","-40","USD/GWa"
"68",67,"South Africa","biomass_rc",2005,2005,"M1","year","-40","USD/GWa"
"69",68,"South Africa","biomass_rc",2010,2010,"M1","year","-40","USD/GWa"
"70",69,"South Africa","biomass_rc",2020,2020,"M1","year","-40","USD/GWa"
"71",70,"South Africa","biomass_rc",2030,2030,"M1","year","-40","USD/GWa"
"72",71,"South Africa","biomass_rc",2040,2040,"M1","year","-40","USD/GWa"
"73",72,"South Africa","biomass_rc",2050,2050,"M1","year","-40","USD/GWa"
"74",73,"South Africa","biomass_rc",2060,2060,"M1","year","-40","USD/GWa"
"75",74,"South Africa","biomass_rc",2070,2070,"M1","year","-40","USD/GWa"
"76",75,"South Africa","biomass_t_d",1990,1990,"M1","year","0","USD/GWa"
"77",76,"South Africa","biomass_t_d",1995,1995,"M1","year","0","USD/GWa"
"78",77,"South Africa","biomass_t_d",2000,2000,"M1","year","0","USD/GWa"
"79",78,"South Africa","biomass_t_d",2005,2005,"M1","year","0","USD/GWa"
"80",79,"South Africa","biomass_t_d",2010,2010,"M1","year","0","USD/GWa"
"81",80,"South Africa","biomass_t_d",2020,2020,"M1","year","5","USD/GWa"
"82",81,"South Africa","biomass_t_d",2030,2030,"M1","year","10","USD/GWa"
"83",82,"South Africa","biomass_t_d",2040,2040,"M1","year","15","USD/GWa"
"84",83,"South Africa","biomass_t_d",2050,2050,"M1","year","20","USD/GWa"
"85",84,"South Africa","biomass_t_d",2060,2060,"M1","year","25","USD/GWa"
"86",85,"South Africa","biomass_t_d",2070,2070,"M1","year","30","USD/GWa"
"87",86,"South Africa","coal_adv",2010,2010,"M1","year","0","USD/GWa"
"88",87,"South Africa","coal_adv",2010,2020,"M1","year","0","USD/GWa"
"89",88,"South Africa","coal_adv",2010,2030,"M1","year","0","USD/GWa"
"90",89,"South Africa","coal_adv",2020,2020,"M1","year","0","USD/GWa"
"91",90,"South Africa","coal_adv",2020,2030,"M1","year","0","USD/GWa"
"92",91,"South Africa","coal_adv",2020,2040,"M1","year","0","USD/GWa"
"93",92,"South Africa","coal_adv",2030,2030,"M1","year","0","USD/GWa"
"94",93,"South Africa","coal_adv",2030,2040,"M1","year","0","USD/GWa"
"95",94,"South Africa","coal_adv",2030,2050,"M1","year","0","USD/GWa"
"96",95,"South Africa","coal_adv",2040,2040,"M1","year","0","USD/GWa"
"97",96,"South Africa","coal_adv",2040,2050,"M1","year","0","USD/GWa"
"98",97,"South Africa","coal_adv",2040,2060,"M1","year","0","USD/GWa"
"99",98,"South Africa","coal_adv",2050,2050,"M1","year","0","USD/GWa"
"100",99,"South Africa","coal_adv",2050,2060,"M1","year","0","USD/GWa"
"101",100,"South Africa","coal_adv",2050,2070,"M1","year","0","USD/GWa"
"102",101,"South Africa","coal_adv",2060,2060,"M1","year","0","USD/GWa"
"103",102,"South Africa","coal_adv",2060,2070,"M1","year","0","USD/GWa"
"104",103,"South Africa","coal_adv",2070,2070,"M1","year","0","USD/GWa"
"105",104,"South Africa","coal_adv_ccs",2020,2020,"M1","year","0","USD/GWa"
"106",105,"South Africa","coal_adv_ccs",2020,2030,"M1","year","0","USD/GWa"
"107",106,"South Africa","coal_adv_ccs",2020,2040,"M1","year","0","USD/GWa"
"108",107,"South Africa","coal_adv_ccs",2030,2030,"M1","year","0","USD/GWa"
"109",108,"South Africa","coal_adv_ccs",2030,2040,"M1","year","0","USD/GWa"
"110",109,"South Africa","coal_adv_ccs",2030,2050,"M1","year","0","USD/GWa"
"111",110,"South Africa","coal_adv_ccs",2040,2040,"M1","year","0","USD/GWa"
"112",111,"South Africa","coal_adv_ccs",2040,2050,"M1","year","0","USD/GWa"
"113",112,"South Africa","coal_adv_ccs",2040,2060,"M1","year","0","USD/GWa"
"114",113,"South Africa","coal_adv_ccs",2050,2050,"M1","year","0","USD/GWa"
"115",114,"South Africa","coal_adv_ccs",2050,2060,"M1","year","0","USD/GWa"
"116",115,"South Africa","coal_adv_ccs",2050,2070,"M1","year","0","USD/GWa"
"117",116,"South Africa","coal_adv_ccs",2060,2060,"M1","year","0","USD/GWa"
"118",117,"South Africa","coal_adv_ccs",2060,2070,"M1","year","0","USD/GWa"
"119",118,"South Africa","coal_adv_ccs",2070,2070,"M1","year","0","USD/GWa"
"120",119,"South Africa","coal_bal",1990,1990,"M1","year","0","USD/GWa"
"121",120,"South Africa","coal_bal",1995,1995,"M1","year","0","USD/GWa"
"122",121,"South Africa","coal_bal",2000,2000,"M1","year","0","USD/GWa"
"123",122,"South Africa","coal_bal",2005,2005,"M1","year","0","USD/GWa"
"124",123,"South Africa","coal_bal",2010,2010,"M1","year","0","USD/GWa"
"125",124,"South Africa","coal_bal",2020,2020,"M1","year","0","USD/GWa"
"126",125,"South Africa","coal_bal",2030,2030,"M1","year","0","USD/GWa"
"127",126,"South Africa","coal_bal",2040,2040,"M1","year","0","USD/GWa"
"128",127,"South Africa","coal_bal",2050,2050,"M1","year","0","USD/GWa"
"129",128,"South Africa","coal_bal",2060,2060,"M1","year","0","USD/GWa"
"130",129,"South Africa","coal_bal",2070,2070,"M1","year","0","USD/GWa"
"131",130,"South Africa","coal_exp",2020,2020,"M1","year","-52.90763","???"
"132",131,"South Africa","coal_exp",2030,2030,"M1","year","-51.752216","???"
"133",132,"South Africa","coal_exp",2040,2040,"M1","year","-58.815617","???"
"134",133,"South Africa","coal_exp",2050,2050,"M1","year","-61.13285","???"
"135",134,"South Africa","coal_exp",2060,2060,"M1","year","-63.450085","???"
"136",135,"South Africa","coal_exp",2070,2070,"M1","year","-65.76732","???"
"137",136,"South Africa","coal_extr",1990,1990,"M1","year","15","USD/GWa"
"138",137,"South Africa","coal_extr",1995,1995,"M1","year","15","USD/GWa"
"139",138,"South Africa","coal_extr",2000,2000,"M1","year","15","USD/GWa"
"140",139,"South Africa","coal_extr",2005,2005,"M1","year","15","USD/GWa"
"141",140,"South Africa","coal_extr",2010,2010,"M1","year","15","USD/GWa"
"142",141,"South Africa","coal_extr",2020,2020,"M1","year","14.25","USD/GWa"
"143",142,"South Africa","coal_extr",2030,2030,"M1","year","13.5375","USD/GWa"
"144",143,"South Africa","coal_extr",2040,2040,"M1","year","12.860625","USD/GWa"
"145",144,"South Africa","coal_extr",2050,2050,"M1","year","12.21759375","USD/GWa"
"146",145,"South Africa","coal_extr",2060,2060,"M1","year","11.60671406","USD/GWa"
"147",146,"South Africa","coal_extr",2070,2070,"M1","year","11.02637836","USD/GWa"
"148",147,"South Africa","coal_fs",1990,1990,"M1","year","0","USD/GWa"
"149",148,"South Africa","coal_fs",1995,1995,"M1","year","0","USD/GWa"
"150",149,"South Africa","coal_fs",2000,2000,"M1","year","0","USD/GWa"
"151",150,"South Africa","coal_fs",2005,2005,"M1","year","0","USD/GWa"
"152",151,"South Africa","coal_fs",2010,2010,"M1","year","0","USD/GWa"
"153",152,"South Africa","coal_fs",2020,2020,"M1","year","0","USD/GWa"
"154",153,"South Africa","coal_fs",2030,2030,"M1","year","0","USD/GWa"
"155",154,"South Africa","coal_fs",2040,2040,"M1","year","0","USD/GWa"
"156",155,"South Africa","coal_fs",2050,2050,"M1","year","0","USD/GWa"
"157",156,"South Africa","coal_fs",2060,2060,"M1","year","0","USD/GWa"
"158",157,"South Africa","coal_fs",2070,2070,"M1","year","0","USD/GWa"
"159",158,"South Africa","coal_gas",2010,2010,"M1","year","0","USD/GWa"
"160",159,"South Africa","coal_gas",2010,2020,"M1","year","0","USD/GWa"
"161",160,"South Africa","coal_gas",2010,2030,"M1","year","0","USD/GWa"
"162",161,"South Africa","coal_gas",2020,2020,"M1","year","0","USD/GWa"
"163",162,"South Africa","coal_gas",2020,2030,"M1","year","0","USD/GWa"
"164",163,"South Africa","coal_gas",2020,2040,"M1","year","0","USD/GWa"
"165",164,"South Africa","coal_gas",2030,2030,"M1","year","0","USD/GWa"
"166",165,"South Africa","coal_gas",2030,2040,"M1","year","0","USD/GWa"
"167",166,"South Africa","coal_gas",2030,2050,"M1","year","0","USD/GWa"
"168",167,"South Africa","coal_gas",2040,2040,"M1","year","0","USD/GWa"
"169",168,"South Africa","coal_gas",2040,2050,"M1","year","0","USD/GWa"
"170",169,"South Africa","coal_gas",2040,2060,"M1","year","0","USD/GWa"
"171",170,"South Africa","coal_gas",2050,2050,"M1","year","0","USD/GWa"
"172",171,"South Africa","coal_gas",2050,2060,"M1","year","0","USD/GWa"
"173",172,"South Africa","coal_gas",2050,2070,"M1","year","0","USD/GWa"
"174",173,"South Africa","coal_gas",2060,2060,"M1","year","0","USD/GWa"
"175",174,"South Africa","coal_gas",2060,2070,"M1","year","0","USD/GWa"
"176",175,"South Africa","coal_gas",2070,2070,"M1","year","0","USD/GWa"
"177",176,"South Africa","coal_i",1990,1990,"M1","year","0","USD/GWa"
"178",177,"South Africa","coal_i",1990,1995,"M1","year","0","USD/GWa"
"179",178,"South Africa","coal_i",1990,2000,"M1","year","0","USD/GWa"
"180",179,"South Africa","coal_i",1990,2005,"M1","year","0","USD/GWa"
"181",180,"South Africa","coal_i",1990,2010,"M1","year","0","USD/GWa"
"182",181,"South Africa","coal_i",1995,1995,"M1","year","0","USD/GWa"
"183",182,"South Africa","coal_i",1995,2000,"M1","year","0","USD/GWa"
"184",183,"South Africa","coal_i",1995,2005,"M1","year","0","USD/GWa"
"185",184,"South Africa","coal_i",1995,2010,"M1","year","0","USD/GWa"
"186",185,"South Africa","coal_i",2000,2000,"M1","year","0","USD/GWa"
"187",186,"South Africa","coal_i",2000,2005,"M1","year","0","USD/GWa"
"188",187,"South Africa","coal_i",2000,2010,"M1","year","0","USD/GWa"
"189",188,"South Africa","coal_i",2000,2020,"M1","year","0","USD/GWa"
"190",189,"South Africa","coal_i",2005,2005,"M1","year","0","USD/GWa"
"191",190,"South Africa","coal_i",2005,2010,"M1","year","0","USD/GWa"
"192",191,"South Africa","coal_i",2005,2020,"M1","year","0","USD/GWa"
"193",192,"South Africa","coal_i",2010,2010,"M1","year","0","USD/GWa"
"194",193,"South Africa","coal_i",2010,2020,"M1","year","0","USD/GWa"
"195",194,"South Africa","coal_i",2010,2030,"M1","year","0","USD/GWa"
"196",195,"South Africa","coal_i",2020,2020,"M1","year","0","USD/GWa"
"197",196,"South Africa","coal_i",2020,2030,"M1","year","0","USD/GWa"
"198",197,"South Africa","coal_i",2020,2040,"M1","year","0","USD/GWa"
"199",198,"South Africa","coal_i",2030,2030,"M1","year","0","USD/GWa"
"200",199,"South Africa","coal_i",2030,2040,"M1","year","0","USD/GWa"
"201",200,"South Africa","coal_i",2030,2050,"M1","year","0","USD/GWa"
"202",201,"South Africa","coal_i",2040,2040,"M1","year","0","USD/GWa"
"203",202,"South Africa","coal_i",2040,2050,"M1","year","0","USD/GWa"
"204",203,"South Africa","coal_i",2040,2060,"M1","year","0","USD/GWa"
"205",204,"South Africa","coal_i",2050,2050,"M1","year","0","USD/GWa"
"206",205,"South Africa","coal_i",2050,2060,"M1","year","0","USD/GWa"
"207",206,"South Africa","coal_i",2050,2070,"M1","year","0","USD/GWa"
"208",207,"South Africa","coal_i",2060,2060,"M1","year","0","USD/GWa"
"209",208,"South Africa","coal_i",2060,2070,"M1","year","0","USD/GWa"
"210",209,"South Africa","coal_i",2070,2070,"M1","year","0","USD/GWa"
"211",210,"South Africa","coal_imp",2020,2020,"M1","year","98.25703","???"
"212",211,"South Africa","coal_imp",2030,2030,"M1","year","96.11126","???"
"213",212,"South Africa","coal_imp",2040,2040,"M1","year","109.229004","???"
"214",213,"South Africa","coal_imp",2050,2050,"M1","year","113.53244","???"
"215",214,"South Africa","coal_imp",2060,2060,"M1","year","117.83588","???"
"216",215,"South Africa","coal_imp",2070,2070,"M1","year","122.13931","???"
"217",216,"South Africa","coal_ppl",1995,1995,"M1","year","0","USD/GWa"
"218",217,"South Africa","coal_ppl",1995,2000,"M1","year","0","USD/GWa"
"219",218,"South Africa","coal_ppl",1995,2005,"M1","year","0","USD/GWa"
"220",219,"South Africa","coal_ppl",1995,2010,"M1","year","0","USD/GWa"
"221",220,"South Africa","coal_ppl",1995,2020,"M1","year","0","USD/GWa"
"222",221,"South Africa","coal_ppl",2000,2000,"M1","year","0","USD/GWa"
"223",222,"South Africa","coal_ppl",2000,2005,"M1","year","0","USD/GWa"
"224",223,"South Africa","coal_ppl",2000,2010,"M1","year","0","USD/GWa"
"225",224,"South Africa","coal_ppl",2000,2020,"M1","year","0","USD/GWa"
"226",225,"South Africa","coal_ppl",2005,2005,"M1","year","0","USD/GWa"
"227",226,"South Africa","coal_ppl",2005,2010,"M1","year","0","USD/GWa"
"228",227,"South Africa","coal_ppl",2005,2020,"M1","year","0","USD/GWa"
"229",228,"South Africa","coal_ppl",2005,2030,"M1","year","0","USD/GWa"
"230",229,"South Africa","coal_ppl",2010,2010,"M1","year","0","USD/GWa"
"231",230,"South Africa","coal_ppl",2010,2020,"M1","year","0","USD/GWa"
"232",231,"South Africa","coal_ppl",2010,2030,"M1","year","0","USD/GWa"
"233",232,"South Africa","coal_ppl",2020,2020,"M1","year","0","USD/GWa"
"234",233,"South Africa","coal_ppl",2020,2030,"M1","year","0","USD/GWa"
"235",234,"South Africa","coal_ppl",2020,2040,"M1","year","0","USD/GWa"
"236",235,"South Africa","coal_ppl",2030,2030,"M1","year","0","USD/GWa"
"237",236,"South Africa","coal_ppl",2030,2040,"M1","year","0","USD/GWa"
"238",237,"South Africa","coal_ppl",2030,2050,"M1","year","0","USD/GWa"
"239",238,"South Africa","coal_ppl",2040,2040,"M1","year","0","USD/GWa"
"240",239,"South Africa","coal_ppl",2040,2050,"M1","year","0","USD/GWa"
"241",240,"South Africa","coal_ppl",2040,2060,"M1","year","0","USD/GWa"
"242",241,"South Africa","coal_ppl",2050,2050,"M1","year","0","USD/GWa"
"243",242,"South Africa","coal_ppl",2050,2060,"M1","year","0","USD/GWa"
"244",243,"South Africa","coal_ppl",2050,2070,"M1","year","0","USD/GWa"
"245",244,"South Africa","coal_ppl",2060,2060,"M1","year","0","USD/GWa"
"246",245,"South Africa","coal_ppl",2060,2070,"M1","year","0","USD/GWa"
"247",246,"South Africa","coal_ppl",2070,2070,"M1","year","0","USD/GWa"
"248",247,"South Africa","coal_rc",1990,1990,"M1","year","0","USD/GWa"
"249",248,"South Africa","coal_rc",1995,1995,"M1","year","0","USD/GWa"
"250",249,"South Africa","coal_rc",2000,2000,"M1","year","0","USD/GWa"
"251",250,"South Africa","coal_rc",2005,2005,"M1","year","0","USD/GWa"
"252",251,"South Africa","coal_rc",2010,2010,"M1","year","0","USD/GWa"
"253",252,"South Africa","coal_rc",2020,2020,"M1","year","0","USD/GWa"
"254",253,"South Africa","coal_rc",2030,2030,"M1","year","0","USD/GWa"
"255",254,"South Africa","coal_rc",2040,2040,"M1","year","0","USD/GWa"
"256",255,"South Africa","coal_rc",2050,2050,"M1","year","0","USD/GWa"
"257",256,"South Africa","coal_rc",2060,2060,"M1","year","0","USD/GWa"
"258",257,"South Africa","coal_rc",2070,2070,"M1","year","0","USD/GWa"
"259",258,"South Africa","coal_t_d",1990,1990,"M1","year","20","USD/GWa"
"260",259,"South Africa","coal_t_d",1995,1995,"M1","year","20","USD/GWa"
"261",260,"South Africa","coal_t_d",2000,2000,"M1","year","20","USD/GWa"
"262",261,"South Africa","coal_t_d",2005,2005,"M1","year","20","USD/GWa"
"263",262,"South Africa","coal_t_d",2010,2010,"M1","year","20","USD/GWa"
"264",263,"South Africa","coal_t_d",2020,2020,"M1","year","20","USD/GWa"
"265",264,"South Africa","coal_t_d",2030,2030,"M1","year","20","USD/GWa"
"266",265,"South Africa","coal_t_d",2040,2040,"M1","year","20","USD/GWa"
"267",266,"South Africa","coal_t_d",2050,2050,"M1","year","20","USD/GWa"
"268",267,"South Africa","coal_t_d",2060,2060,"M1","year","20","USD/GWa"
"269",268,"South Africa","coal_t_d",2070,2070,"M1","year","20","USD/GWa"
"270",269,"South Africa","elec_exp",2020,2020,"M1","year","-209.64244","???"
"271",270,"South Africa","elec_exp",2030,2030,"M1","year","-221.81293","???"
"272",271,"South Africa","elec_exp",2040,2040,"M1","year","-237.0446","???"
"273",272,"South Africa","elec_exp",2050,2050,"M1","year","-263.94766","???"
"274",273,"South Africa","elec_exp",2060,2060,"M1","year","-290.8507","???"
"275",274,"South Africa","elec_exp",2070,2070,"M1","year","-317.75375","???"
"276",275,"South Africa","elec_i",1990,1990,"M1","year","0","USD/GWa"
"277",276,"South Africa","elec_i",1990,1995,"M1","year","0","USD/GWa"
"278",277,"South Africa","elec_i",1990,2000,"M1","year","0","USD/GWa"
"279",278,"South Africa","elec_i",1990,2005,"M1","year","0","USD/GWa"
"280",279,"South Africa","elec_i",1995,1995,"M1","year","0","USD/GWa"
"281",280,"South Africa","elec_i",1995,2000,"M1","year","0","USD/GWa"
"282",281,"South Africa","elec_i",1995,2005,"M1","year","0","USD/GWa"
"283",282,"South Africa","elec_i",1995,2010,"M1","year","0","USD/GWa"
"284",283,"South Africa","elec_i",2000,2000,"M1","year","0","USD/GWa"
"285",284,"South Africa","elec_i",2000,2005,"M1","year","0","USD/GWa"
"286",285,"South Africa","elec_i",2000,2010,"M1","year","0","USD/GWa"
"287",286,"South Africa","elec_i",2005,2005,"M1","year","0","USD/GWa"
"288",287,"South Africa","elec_i",2005,2010,"M1","year","0","USD/GWa"
"289",288,"South Africa","elec_i",2005,2020,"M1","year","0","USD/GWa"
"290",289,"South Africa","elec_i",2010,2010,"M1","year","0","USD/GWa"
"291",290,"South Africa","elec_i",2010,2020,"M1","year","0","USD/GWa"
"292",291,"South Africa","elec_i",2020,2020,"M1","year","0","USD/GWa"
"293",292,"South Africa","elec_i",2020,2030,"M1","year","0","USD/GWa"
"294",293,"South Africa","elec_i",2030,2030,"M1","year","0","USD/GWa"
"295",294,"South Africa","elec_i",2030,2040,"M1","year","0","USD/GWa"
"296",295,"South Africa","elec_i",2040,2040,"M1","year","0","USD/GWa"
"297",296,"South Africa","elec_i",2040,2050,"M1","year","0","USD/GWa"
"298",297,"South Africa","elec_i",2050,2050,"M1","year","0","USD/GWa"
"299",298,"South Africa","elec_i",2050,2060,"M1","year","0","USD/GWa"
"300",299,"South Africa","elec_i",2060,2060,"M1","year","0","USD/GWa"
"301",300,"South Africa","elec_i",2060,2070,"M1","year","0","USD/GWa"
"302",301,"South Africa","elec_i",2070,2070,"M1","year","0","USD/GWa"
"303",302,"South Africa","elec_imp",2020,2020,"M1","year","389.33594","???"
"304",303,"South Africa","elec_imp",2030,2030,"M1","year","411.9383","???"
"305",304,"South Africa","elec_imp",2040,2040,"M1","year","440.22568","???"
"306",305,"South Africa","elec_imp",2050,2050,"M1","year","490.18848","???"
"307",306,"South Africa","elec_imp",2060,2060,"M1","year","540.15125","???"
"308",307,"South Africa","elec_imp",2070,2070,"M1","year","590.114","???"
"309",308,"South Africa","elec_t_d",1965,1990,"M1","year","25.2","USD/GWa"
"310",309,"South Africa","elec_t_d",1965,1995,"M1","year","25.2","USD/GWa"
"311",310,"South Africa","elec_t_d",1965,2000,"M1","year","25.2","USD/GWa"
"312",311,"South Africa","elec_t_d",1965,2005,"M1","year","25.2","USD/GWa"
"313",312,"South Africa","elec_t_d",1965,2010,"M1","year","25.2","USD/GWa"
"314",313,"South Africa","elec_t_d",1965,2020,"M1","year","25.2","USD/GWa"
"315",314,"South Africa","elec_t_d",1970,1990,"M1","year","25.2","USD/GWa"
"316",315,"South Africa","elec_t_d",1970,1995,"M1","year","25.2","USD/GWa"
"317",316,"South Africa","elec_t_d",1970,2000,"M1","year","25.2","USD/GWa"
"318",317,"South Africa","elec_t_d",1970,2005,"M1","year","25.2","USD/GWa"
"319",318,"South Africa","elec_t_d",1970,2010,"M1","year","25.2","USD/GWa"
"320",319,"South Africa","elec_t_d",1970,2020,"M1","year","25.2","USD/GWa"
"321",320,"South Africa","elec_t_d",1975,1990,"M1","year","25.2","USD/GWa"
"322",321,"South Africa","elec_t_d",1975,1995,"M1","year","25.2","USD/GWa"
"323",322,"South Africa","elec_t_d",1975,2000,"M1","year","25.2","USD/GWa"
"324",323,"South Africa","elec_t_d",1975,2005,"M1","year","25.2","USD/GWa"
"325",324,"South Africa","elec_t_d",1975,2010,"M1","year","25.2","USD/GWa"
"326",325,"South Africa","elec_t_d",1975,2020,"M1","year","25.2","USD/GWa"
"327",326,"South Africa","elec_t_d",1975,2030,"M1","year","25.2","USD/GWa"
"328",327,"South Africa","elec_t_d",1980,1990,"M1","year","25.2","USD/GWa"
"329",328,"South Africa","elec_t_d",1980,1995,"M1","year","25.2","USD/GWa"
"330",329,"South Africa","elec_t_d",1980,2000,"M1","year","25.2","USD/GWa"
"331",330,"South Africa","elec_t_d",1980,2005,"M1","year","25.2","USD/GWa"
"332",331,"South Africa","elec_t_d",1980,2010,"M1","year","25.2","USD/GWa"
"333",332,"South Africa","elec_t_d",1980,2020,"M1","year","25.2","USD/GWa"
"334",333,"South Africa","elec_t_d",1980,2030,"M1","year","25.2","USD/GWa"
"335",334,"South Africa","elec_t_d",1985,1990,"M1","year","25.2","USD/GWa"
"336",335,"South Africa","elec_t_d",1985,1995,"M1","year","25.2","USD/GWa"
"337",336,"South Africa","elec_t_d",1985,2000,"M1","year","25.2","USD/GWa"
"338",337,"South Africa","elec_t_d",1985,2005,"M1","year","25.2","USD/GWa"
"339",338,"South Africa","elec_t_d",1985,2010,"M1","year","25.2","USD/GWa"
"340",339,"South Africa","elec_t_d",1985,2020,"M1","year","25.2","USD/GWa"
"341",340,"South Africa","elec_t_d",1985,2030,"M1","year","25.2","USD/GWa"
"342",341,"South Africa","elec_t_d",1985,2040,"M1","year","25.2","USD/GWa"
"343",342,"South Africa","elec_t_d",1990,1990,"M1","year","25.2","USD/GWa"
"344",343,"South Africa","elec_t_d",1990,1995,"M1","year","25.2","USD/GWa"
"345",344,"South Africa","elec_t_d",1990,2000,"M1","year","25.2","USD/GWa"
"346",345,"South Africa","elec_t_d",1990,2005,"M1","year","25.2","USD/GWa"
"347",346,"South Africa","elec_t_d",1990,2010,"M1","year","25.2","USD/GWa"
"348",347,"South Africa","elec_t_d",1990,2020,"M1","year","25.2","USD/GWa"
"349",348,"South Africa","elec_t_d",1990,2030,"M1","year","25.2","USD/GWa"
"350",349,"South Africa","elec_t_d",1990,2040,"M1","year","25.2","USD/GWa"
"351",350,"South Africa","elec_t_d",1995,1995,"M1","year","25.2","USD/GWa"
"352",351,"South Africa","elec_t_d",1995,2000,"M1","year","25.2","USD/GWa"
"353",352,"South Africa","elec_t_d",1995,2005,"M1","year","25.2","USD/GWa"
"354",353,"South Africa","elec_t_d",1995,2010,"M1","year","25.2","USD/GWa"
"355",354,"South Africa","elec_t_d",1995,2020,"M1","year","25.2","USD/GWa"
"356",355,"South Africa","elec_t_d",1995,2030,"M1","year","25.2","USD/GWa"
"357",356,"South Africa","elec_t_d",1995,2040,"M1","year","25.2","USD/GWa"
"358",357,"South Africa","elec_t_d",1995,2050,"M1","year","25.2","USD/GWa"
"359",358,"South Africa","elec_t_d",2000,2000,"M1","year","25.2","USD/GWa"
"360",359,"South Africa","elec_t_d",2000,2005,"M1","year","25.2","USD/GWa"
"361",360,"South Africa","elec_t_d",2000,2010,"M1","year","25.2","USD/GWa"
"362",361,"South Africa","elec_t_d",2000,2020,"M1","year","25.2","USD/GWa"
"363",362,"South Africa","elec_t_d",2000,2030,"M1","year","25.2","USD/GWa"
"364",363,"South Africa","elec_t_d",2000,2040,"M1","year","25.2","USD/GWa"
"365",364,"South Africa","elec_t_d",2000,2050,"M1","year","25.2","USD/GWa"
"366",365,"South Africa","elec_t_d",2005,2005,"M1","year","25.2","USD/GWa"
"367",366,"South Africa","elec_t_d",2005,2010,"M1","year","25.2","USD/GWa"
"368",367,"South Africa","elec_t_d",2005,2020,"M1","year","25.2","USD/GWa"
"369",368,"South Africa","elec_t_d",2005,2030,"M1","year","25.2","USD/GWa"
"370",369,"South Africa","elec_t_d",2005,2040,"M1","year","25.2","USD/GWa"
"371",370,"South Africa","elec_t_d",2005,2050,"M1","year","25.2","USD/GWa"
"372",371,"South Africa","elec_t_d",2005,2060,"M1","year","25.2","USD/GWa"
"373",372,"South Africa","elec_t_d",2010,2010,"M1","year","25.2","USD/GWa"
"374",373,"South Africa","elec_t_d",2010,2020,"M1","year","25.2","USD/GWa"
"375",374,"South Africa","elec_t_d",2010,2030,"M1","year","25.2","USD/GWa"
"376",375,"South Africa","elec_t_d",2010,2040,"M1","year","25.2","USD/GWa"
"377",376,"South Africa","elec_t_d",2010,2050,"M1","year","25.2","USD/GWa"
"378",377,"South Africa","elec_t_d",2010,2060,"M1","year","25.2","USD/GWa"
"379",378,"South Africa","elec_t_d",2020,2020,"M1","year","25.2","USD/GWa"
"380",379,"South Africa","elec_t_d",2020,2030,"M1","year","25.2","USD/GWa"
"381",380,"South Africa","elec_t_d",2020,2040,"M1","year","25.2","USD/GWa"
"382",381,"South Africa","elec_t_d",2020,2050,"M1","year","25.2","USD/GWa"
"383",382,"South Africa","elec_t_d",2020,2060,"M1","year","25.2","USD/GWa"
"384",383,"South Africa","elec_t_d",2020,2070,"M1","year","25.2","USD/GWa"
"385",384,"South Africa","elec_t_d",2030,2030,"M1","year","25.2","USD/GWa"
"386",385,"South Africa","elec_t_d",2030,2040,"M1","year","25.2","USD/GWa"
"387",386,"South Africa","elec_t_d",2030,2050,"M1","year","25.2","USD/GWa"
"388",387,"South Africa","elec_t_d",2030,2060,"M1","year","25.2","USD/GWa"
"389",388,"South Africa","elec_t_d",2030,2070,"M1","year","25.2","USD/GWa"
"390",389,"South Africa","elec_t_d",2040,2040,"M1","year","25.2","USD/GWa"
"391",390,"South Africa","elec_t_d",2040,2050,"M1","year","25.2","USD/GWa"
"392",391,"South Africa","elec_t_d",2040,2060,"M1","year","25.2","USD/GWa"
"393",392,"South Africa","elec_t_d",2040,2070,"M1","year","25.2","USD/GWa"
"394",393,"South Africa","elec_t_d",2050,2050,"M1","year","25.2","USD/GWa"
"395",394,"South Africa","elec_t_d",2050,2060,"M1","year","25.2","USD/GWa"
"396",395,"South Africa","elec_t_d",2050,2070,"M1","year","25.2","USD/GWa"
"397",396,"South Africa","elec_t_d",2060,2060,"M1","year","25.2","USD/GWa"
"398",397,"South Africa","elec_t_d",2060,2070,"M1","year","25.2","USD/GWa"
"399",398,"South Africa","elec_t_d",2070,2070,"M1","year","25.2","USD/GWa"
"400",399,"South Africa","elec_trp",1990,1990,"M1","year","0","USD/GWa"
"401",400,"South Africa","elec_trp",1995,1995,"M1","year","0","USD/GWa"
"402",401,"South Africa","elec_trp",2000,2000,"M1","year","0","USD/GWa"
"403",402,"South Africa","elec_trp",2005,2005,"M1","year","0","USD/GWa"
"404",403,"South Africa","elec_trp",2010,2010,"M1","year","0","USD/GWa"
"405",404,"South Africa","elec_trp",2020,2020,"M1","year","0","USD/GWa"
"406",405,"South Africa","elec_trp",2030,2030,"M1","year","0","USD/GWa"
"407",406,"South Africa","elec_trp",2040,2040,"M1","year","0","USD/GWa"
"408",407,"South Africa","elec_trp",2050,2050,"M1","year","0","USD/GWa"
"409",408,"South Africa","elec_trp",2060,2060,"M1","year","0","USD/GWa"
"410",409,"South Africa","elec_trp",2070,2070,"M1","year","0","USD/GWa"
"411",410,"South Africa","foil_exp",2020,2020,"M1","year","-115.035545","???"
"412",411,"South Africa","foil_exp",2030,2030,"M1","year","-138.67131","???"
"413",412,"South Africa","foil_exp",2040,2040,"M1","year","-154.15346","???"
"414",413,"South Africa","foil_exp",2050,2050,"M1","year","-180.60849","???"
"415",414,"South Africa","foil_exp",2060,2060,"M1","year","-207.06352","???"
"416",415,"South Africa","foil_exp",2070,2070,"M1","year","-233.51855","???"
"417",416,"South Africa","foil_i",1990,1990,"M1","year","0","USD/GWa"
"418",417,"South Africa","foil_i",1990,1995,"M1","year","0","USD/GWa"
"419",418,"South Africa","foil_i",1990,2000,"M1","year","0","USD/GWa"
"420",419,"South Africa","foil_i",1990,2005,"M1","year","0","USD/GWa"
"421",420,"South Africa","foil_i",1990,2010,"M1","year","0","USD/GWa"
"422",421,"South Africa","foil_i",1995,1995,"M1","year","0","USD/GWa"
"423",422,"South Africa","foil_i",1995,2000,"M1","year","0","USD/GWa"
"424",423,"South Africa","foil_i",1995,2005,"M1","year","0","USD/GWa"
"425",424,"South Africa","foil_i",1995,2010,"M1","year","0","USD/GWa"
"426",425,"South Africa","foil_i",2000,2000,"M1","year","0","USD/GWa"
"427",426,"South Africa","foil_i",2000,2005,"M1","year","0","USD/GWa"
"428",427,"South Africa","foil_i",2000,2010,"M1","year","0","USD/GWa"
"429",428,"South Africa","foil_i",2000,2020,"M1","year","0","USD/GWa"
"430",429,"South Africa","foil_i",2005,2005,"M1","year","0","USD/GWa"
"431",430,"South Africa","foil_i",2005,2010,"M1","year","0","USD/GWa"
"432",431,"South Africa","foil_i",2005,2020,"M1","year","0","USD/GWa"
"433",432,"South Africa","foil_i",2010,2010,"M1","year","0","USD/GWa"
"434",433,"South Africa","foil_i",2010,2020,"M1","year","0","USD/GWa"
"435",434,"South Africa","foil_i",2010,2030,"M1","year","0","USD/GWa"
"436",435,"South Africa","foil_i",2020,2020,"M1","year","0","USD/GWa"
"437",436,"South Africa","foil_i",2020,2030,"M1","year","0","USD/GWa"
"438",437,"South Africa","foil_i",2020,2040,"M1","year","0","USD/GWa"
"439",438,"South Africa","foil_i",2030,2030,"M1","year","0","USD/GWa"
"440",439,"South Africa","foil_i",2030,2040,"M1","year","0","USD/GWa"
"441",440,"South Africa","foil_i",2030,2050,"M1","year","0","USD/GWa"
"442",441,"South Africa","foil_i",2040,2040,"M1","year","0","USD/GWa"
"443",442,"South Africa","foil_i",2040,2050,"M1","year","0","USD/GWa"
"444",443,"South Africa","foil_i",2040,2060,"M1","year","0","USD/GWa"
"445",444,"South Africa","foil_i",2050,2050,"M1","year","0","USD/GWa"
"446",445,"South Africa","foil_i",2050,2060,"M1","year","0","USD/GWa"
"447",446,"South Africa","foil_i",2050,2070,"M1","year","0","USD/GWa"
"448",447,"South Africa","foil_i",2060,2060,"M1","year","0","USD/GWa"
"449",448,"South Africa","foil_i",2060,2070,"M1","year","0","USD/GWa"
"450",449,"South Africa","foil_i",2070,2070,"M1","year","0","USD/GWa"
"451",450,"South Africa","foil_imp",2020,2020,"M1","year","213.63744","???"
"452",451,"South Africa","foil_imp",2030,2030,"M1","year","257.53244","???"
"453",452,"South Africa","foil_imp",2040,2040,"M1","year","286.285","???"
"454",453,"South Africa","foil_imp",2050,2050,"M1","year","335.41577","???"
"455",454,"South Africa","foil_imp",2060,2060,"M1","year","384.54654","???"
"456",455,"South Africa","foil_imp",2070,2070,"M1","year","433.6773","???"
"457",456,"South Africa","foil_ppl",1990,1990,"M1","year","0.4","USD/GWa"
"458",457,"South Africa","foil_ppl",1990,1995,"M1","year","0.4","USD/GWa"
"459",458,"South Africa","foil_ppl",1990,2000,"M1","year","0.4","USD/GWa"
"460",459,"South Africa","foil_ppl",1990,2005,"M1","year","0.4","USD/GWa"
"461",460,"South Africa","foil_ppl",1990,2010,"M1","year","0.4","USD/GWa"
"462",461,"South Africa","foil_ppl",1995,1995,"M1","year","0.4","USD/GWa"
"463",462,"South Africa","foil_ppl",1995,2000,"M1","year","0.4","USD/GWa"
"464",463,"South Africa","foil_ppl",1995,2005,"M1","year","0.4","USD/GWa"
"465",464,"South Africa","foil_ppl",1995,2010,"M1","year","0.4","USD/GWa"
"466",465,"South Africa","foil_ppl",1995,2020,"M1","year","0.4","USD/GWa"
"467",466,"South Africa","foil_ppl",2000,2000,"M1","year","0.4","USD/GWa"
"468",467,"South Africa","foil_ppl",2000,2005,"M1","year","0.4","USD/GWa"
"469",468,"South Africa","foil_ppl",2000,2010,"M1","year","0.4","USD/GWa"
"470",469,"South Africa","foil_ppl",2000,2020,"M1","year","0.4","USD/GWa"
"471",470,"South Africa","foil_ppl",2005,2005,"M1","year","0.4","USD/GWa"
"472",471,"South Africa","foil_ppl",2005,2010,"M1","year","0.4","USD/GWa"
"473",472,"South Africa","foil_ppl",2005,2020,"M1","year","0.4","USD/GWa"
"474",473,"South Africa","foil_ppl",2005,2030,"M1","year","0.4","USD/GWa"
"475",474,"South Africa","foil_ppl",2010,2010,"M1","year","0.4","USD/GWa"
"476",475,"South Africa","foil_ppl",2010,2020,"M1","year","0.4","USD/GWa"
"477",476,"South Africa","foil_ppl",2010,2030,"M1","year","0.4","USD/GWa"
"478",477,"South Africa","foil_ppl",2020,2020,"M1","year","0.4","USD/GWa"
"479",478,"South Africa","foil_ppl",2020,2030,"M1","year","0.4","USD/GWa"
"480",479,"South Africa","foil_ppl",2020,2040,"M1","year","0.4","USD/GWa"
"481",480,"South Africa","foil_ppl",2030,2030,"M1","year","0.4","USD/GWa"
"482",481,"South Africa","foil_ppl",2030,2040,"M1","year","0.4","USD/GWa"
"483",482,"South Africa","foil_ppl",2030,2050,"M1","year","0.4","USD/GWa"
"484",483,"South Africa","foil_ppl",2040,2040,"M1","year","0.4","USD/GWa"
"485",484,"South Africa","foil_ppl",2040,2050,"M1","year","0.4","USD/GWa"
"486",485,"South Africa","foil_ppl",2040,2060,"M1","year","0.4","USD/GWa"
"487",486,"South Africa","foil_ppl",2050,2050,"M1","year","0.4","USD/GWa"
"488",487,"South Africa","foil_ppl",2050,2060,"M1","year","0.4","USD/GWa"
"489",488,"South Africa","foil_ppl",2050,2070,"M1","year","0.4","USD/GWa"
"490",489,"South Africa","foil_ppl",2060,2060,"M1","year","0.4","USD/GWa"
"491",490,"South Africa","foil_ppl",2060,2070,"M1","year","0.4","USD/GWa"
"492",491,"South Africa","foil_ppl",2070,2070,"M1","year","0.4","USD/GWa"
"493",492,"South Africa","foil_rc",1990,1990,"M1","year","0","USD/GWa"
"494",493,"South Africa","foil_rc",1995,1995,"M1","year","0","USD/GWa"
"495",494,"South Africa","foil_rc",2000,2000,"M1","year","0","USD/GWa"
"496",495,"South Africa","foil_rc",2005,2005,"M1","year","0","USD/GWa"
"497",496,"South Africa","foil_rc",2010,2010,"M1","year","0","USD/GWa"
"498",497,"South Africa","foil_rc",2020,2020,"M1","year","0","USD/GWa"
"499",498,"South Africa","foil_rc",2030,2030,"M1","year","0","USD/GWa"
"500",499,"South Africa","foil_rc",2040,2040,"M1","year","0","USD/GWa"
"501",500,"South Africa","foil_rc",2050,2050,"M1","year","0","USD/GWa"
"502",501,"South Africa","foil_rc",2060,2060,"M1","year","0","USD/GWa"
"503",502,"South Africa","foil_rc",2070,2070,"M1","year","0","USD/GWa"
"504",503,"South Africa","foil_t_d",1990,1990,"M1","year","0","USD/GWa"
"505",504,"South Africa","foil_t_d",1995,1995,"M1","year","0","USD/GWa"
"506",505,"South Africa","foil_t_d",2000,2000,"M1","year","0","USD/GWa"
"507",506,"South Africa","foil_t_d",2005,2005,"M1","year","0","USD/GWa"
"508",507,"South Africa","foil_t_d",2010,2010,"M1","year","0","USD/GWa"
"509",508,"South Africa","foil_t_d",2020,2020,"M1","year","0","USD/GWa"
"510",509,"South Africa","foil_t_d",2030,2030,"M1","year","0","USD/GWa"
"511",510,"South Africa","foil_t_d",2040,2040,"M1","year","0","USD/GWa"
"512",511,"South Africa","foil_t_d",2050,2050,"M1","year","0","USD/GWa"
"513",512,"South Africa","foil_t_d",2060,2060,"M1","year","0","USD/GWa"
"514",513,"South Africa","foil_t_d",2070,2070,"M1","year","0","USD/GWa"
"515",514,"South Africa","foil_trp",1990,1990,"M1","year","0","USD/GWa"
"516",515,"South Africa","foil_trp",1995,1995,"M1","year","0","USD/GWa"
"517",516,"South Africa","foil_trp",2000,2000,"M1","year","0","USD/GWa"
"518",517,"South Africa","foil_trp",2005,2005,"M1","year","0","USD/GWa"
"519",518,"South Africa","foil_trp",2010,2010,"M1","year","0","USD/GWa"
"520",519,"South Africa","foil_trp",2020,2020,"M1","year","0","USD/GWa"
"521",520,"South Africa","foil_trp",2030,2030,"M1","year","0","USD/GWa"
"522",521,"South Africa","foil_trp",2040,2040,"M1","year","0","USD/GWa"
"523",522,"South Africa","foil_trp",2050,2050,"M1","year","0","USD/GWa"
"524",523,"South Africa","foil_trp",2060,2060,"M1","year","0","USD/GWa"
"525",524,"South Africa","foil_trp",2070,2070,"M1","year","0","USD/GWa"
"526",525,"South Africa","gas_bal",1990,1990,"M1","year","0","USD/GWa"
"527",526,"South Africa","gas_bal",1995,1995,"M1","year","0","USD/GWa"
"528",527,"South Africa","gas_bal",2000,2000,"M1","year","0","USD/GWa"
"529",528,"South Africa","gas_bal",2005,2005,"M1","year","0","USD/GWa"
"530",529,"South Africa","gas_bal",2010,2010,"M1","year","0","USD/GWa"
"531",530,"South Africa","gas_bal",2020,2020,"M1","year","0","USD/GWa"
"532",531,"South Africa","gas_bal",2030,2030,"M1","year","0","USD/GWa"
"533",532,"South Africa","gas_bal",2040,2040,"M1","year","0","USD/GWa"
"534",533,"South Africa","gas_bal",2050,2050,"M1","year","0","USD/GWa"
"535",534,"South Africa","gas_bal",2060,2060,"M1","year","0","USD/GWa"
"536",535,"South Africa","gas_bal",2070,2070,"M1","year","0","USD/GWa"
"537",536,"South Africa","gas_bio",2010,2010,"M1","year","8","USD/GWa"
"538",537,"South Africa","gas_bio",2010,2020,"M1","year","8","USD/GWa"
"539",538,"South Africa","gas_bio",2010,2030,"M1","year","8","USD/GWa"
"540",539,"South Africa","gas_bio",2020,2020,"M1","year","8","USD/GWa"
"541",540,"South Africa","gas_bio",2020,2030,"M1","year","8","USD/GWa"
"542",541,"South Africa","gas_bio",2020,2040,"M1","year","8","USD/GWa"
"543",542,"South Africa","gas_bio",2030,2030,"M1","year","8","USD/GWa"
"544",543,"South Africa","gas_bio",2030,2040,"M1","year","8","USD/GWa"
"545",544,"South Africa","gas_bio",2030,2050,"M1","year","8","USD/GWa"
"546",545,"South Africa","gas_bio",2040,2040,"M1","year","8","USD/GWa"
"547",546,"South Africa","gas_bio",2040,2050,"M1","year","8","USD/GWa"
"548",547,"South Africa","gas_bio",2040,2060,"M1","year","8","USD/GWa"
"549",548,"South Africa","gas_bio",2050,2050,"M1","year","8","USD/GWa"
"550",549,"South Africa","gas_bio",2050,2060,"M1","year","8","USD/GWa"
"551",550,"South Africa","gas_bio",2050,2070,"M1","year","8","USD/GWa"
"552",551,"South Africa","gas_bio",2060,2060,"M1","year","8","USD/GWa"
"553",552,"South Africa","gas_bio",2060,2070,"M1","year","8","USD/GWa"
"554",553,"South Africa","gas_bio",2070,2070,"M1","year","8","USD/GWa"
"555",554,"South Africa","gas_cc",1995,1995,"M1","year","0","USD/GWa"
"556",555,"South Africa","gas_cc",1995,2000,"M1","year","0","USD/GWa"
"557",556,"South Africa","gas_cc",1995,2005,"M1","year","0","USD/GWa"
"558",557,"South Africa","gas_cc",1995,2010,"M1","year","0","USD/GWa"
"559",558,"South Africa","gas_cc",1995,2020,"M1","year","0","USD/GWa"
"560",559,"South Africa","gas_cc",2000,2000,"M1","year","0","USD/GWa"
"561",560,"South Africa","gas_cc",2000,2005,"M1","year","0","USD/GWa"
"562",561,"South Africa","gas_cc",2000,2010,"M1","year","0","USD/GWa"
"563",562,"South Africa","gas_cc",2000,2020,"M1","year","0","USD/GWa"
"564",563,"South Africa","gas_cc",2005,2005,"M1","year","0","USD/GWa"
"565",564,"South Africa","gas_cc",2005,2010,"M1","year","0","USD/GWa"
"566",565,"South Africa","gas_cc",2005,2020,"M1","year","0","USD/GWa"
"567",566,"South Africa","gas_cc",2005,2030,"M1","year","0","USD/GWa"
"568",567,"South Africa","gas_cc",2010,2010,"M1","year","0","USD/GWa"
"569",568,"South Africa","gas_cc",2010,2020,"M1","year","0","USD/GWa"
"570",569,"South Africa","gas_cc",2010,2030,"M1","year","0","USD/GWa"
"571",570,"South Africa","gas_cc",2020,2020,"M1","year","0","USD/GWa"
"572",571,"South Africa","gas_cc",2020,2030,"M1","year","0","USD/GWa"
"573",572,"South Africa","gas_cc",2020,2040,"M1","year","0","USD/GWa"
"574",573,"South Africa","gas_cc",2030,2030,"M1","year","0","USD/GWa"
"575",574,"South Africa","gas_cc",2030,2040,"M1","year","0","USD/GWa"
"576",575,"South Africa","gas_cc",2030,2050,"M1","year","0","USD/GWa"
"577",576,"South Africa","gas_cc",2040,2040,"M1","year","0","USD/GWa"
"578",577,"South Africa","gas_cc",2040,2050,"M1","year","0","USD/GWa"
"579",578,"South Africa","gas_cc",2040,2060,"M1","year","0","USD/GWa"
"580",579,"South Africa","gas_cc",2050,2050,"M1","year","0","USD/GWa"
"581",580,"South Africa","gas_cc",2050,2060,"M1","year","0","USD/GWa"
"582",581,"South Africa","gas_cc",2050,2070,"M1","year","0","USD/GWa"
"583",582,"South Africa","gas_cc",2060,2060,"M1","year","0","USD/GWa"
"584",583,"South Africa","gas_cc",2060,2070,"M1","year","0","USD/GWa"
"585",584,"South Africa","gas_cc",2070,2070,"M1","year","0","USD/GWa"
"586",585,"South Africa","gas_cc_ccs",2020,2020,"M1","year","0","USD/GWa"
"587",586,"South Africa","gas_cc_ccs",2020,2030,"M1","year","0","USD/GWa"
"588",587,"South Africa","gas_cc_ccs",2020,2040,"M1","year","0","USD/GWa"
"589",588,"South Africa","gas_cc_ccs",2030,2030,"M1","year","0","USD/GWa"
"590",589,"South Africa","gas_cc_ccs",2030,2040,"M1","year","0","USD/GWa"
"591",590,"South Africa","gas_cc_ccs",2030,2050,"M1","year","0","USD/GWa"
"592",591,"South Africa","gas_cc_ccs",2040,2040,"M1","year","0","USD/GWa"
"593",592,"South Africa","gas_cc_ccs",2040,2050,"M1","year","0","USD/GWa"
"594",593,"South Africa","gas_cc_ccs",2040,2060,"M1","year","0","USD/GWa"
"595",594,"South Africa","gas_cc_ccs",2050,2050,"M1","year","0","USD/GWa"
"596",595,"South Africa","gas_cc_ccs",2050,2060,"M1","year","0","USD/GWa"
"597",596,"South Africa","gas_cc_ccs",2050,2070,"M1","year","0","USD/GWa"
"598",597,"South Africa","gas_cc_ccs",2060,2060,"M1","year","0","USD/GWa"
"599",598,"South Africa","gas_cc_ccs",2060,2070,"M1","year","0","USD/GWa"
"600",599,"South Africa","gas_cc_ccs",2070,2070,"M1","year","0","USD/GWa"
"601",600,"South Africa","gas_ct",1990,1990,"M1","year","0","USD/GWa"
"602",601,"South Africa","gas_ct",1990,1995,"M1","year","0","USD/GWa"
"603",602,"South Africa","gas_ct",1990,2000,"M1","year","0","USD/GWa"
"604",603,"South Africa","gas_ct",1990,2005,"M1","year","0","USD/GWa"
"605",604,"South Africa","gas_ct",1990,2010,"M1","year","0","USD/GWa"
"606",605,"South Africa","gas_ct",1995,1995,"M1","year","0","USD/GWa"
"607",606,"South Africa","gas_ct",1995,2000,"M1","year","0","USD/GWa"
"608",607,"South Africa","gas_ct",1995,2005,"M1","year","0","USD/GWa"
"609",608,"South Africa","gas_ct",1995,2010,"M1","year","0","USD/GWa"
"610",609,"South Africa","gas_ct",1995,2020,"M1","year","0","USD/GWa"
"611",610,"South Africa","gas_ct",2000,2000,"M1","year","0","USD/GWa"
"612",611,"South Africa","gas_ct",2000,2005,"M1","year","0","USD/GWa"
"613",612,"South Africa","gas_ct",2000,2010,"M1","year","0","USD/GWa"
"614",613,"South Africa","gas_ct",2000,2020,"M1","year","0","USD/GWa"
"615",614,"South Africa","gas_ct",2005,2005,"M1","year","0","USD/GWa"
"616",615,"South Africa","gas_ct",2005,2010,"M1","year","0","USD/GWa"
"617",616,"South Africa","gas_ct",2005,2020,"M1","year","0","USD/GWa"
"618",617,"South Africa","gas_ct",2005,2030,"M1","year","0","USD/GWa"
"619",618,"South Africa","gas_ct",2010,2010,"M1","year","0","USD/GWa"
"620",619,"South Africa","gas_ct",2010,2020,"M1","year","0","USD/GWa"
"621",620,"South Africa","gas_ct",2010,2030,"M1","year","0","USD/GWa"
"622",621,"South Africa","gas_ct",2020,2020,"M1","year","0","USD/GWa"
"623",622,"South Africa","gas_ct",2020,2030,"M1","year","0","USD/GWa"
"624",623,"South Africa","gas_ct",2020,2040,"M1","year","0","USD/GWa"
"625",624,"South Africa","gas_ct",2030,2030,"M1","year","0","USD/GWa"
"626",625,"South Africa","gas_ct",2030,2040,"M1","year","0","USD/GWa"
"627",626,"South Africa","gas_ct",2030,2050,"M1","year","0","USD/GWa"
"628",627,"South Africa","gas_ct",2040,2040,"M1","year","0","USD/GWa"
"629",628,"South Africa","gas_ct",2040,2050,"M1","year","0","USD/GWa"
"630",629,"South Africa","gas_ct",2040,2060,"M1","year","0","USD/GWa"
"631",630,"South Africa","gas_ct",2050,2050,"M1","year","0","USD/GWa"
"632",631,"South Africa","gas_ct",2050,2060,"M1","year","0","USD/GWa"
"633",632,"South Africa","gas_ct",2050,2070,"M1","year","0","USD/GWa"
"634",633,"South Africa","gas_ct",2060,2060,"M1","year","0","USD/GWa"
"635",634,"South Africa","gas_ct",2060,2070,"M1","year","0","USD/GWa"
"636",635,"South Africa","gas_ct",2070,2070,"M1","year","0","USD/GWa"
"637",636,"South Africa","gas_exp",2020,2020,"M1","year","-90.85556","???"
"638",637,"South Africa","gas_exp",2030,2030,"M1","year","-102.639084","???"
"639",638,"South Africa","gas_exp",2040,2040,"M1","year","-116.8001","???"
"640",639,"South Africa","gas_exp",2050,2050,"M1","year","-137.94594","???"
"641",640,"South Africa","gas_exp",2060,2060,"M1","year","-159.09177","???"
"642",641,"South Africa","gas_exp",2070,2070,"M1","year","-180.2376","???"
"643",642,"South Africa","gas_extr",2010,2010,"M1","year","130","???"
"644",643,"South Africa","gas_extr",2020,2020,"M1","year","123.5","???"
"645",644,"South Africa","gas_extr",2030,2030,"M1","year","117.325","???"
"646",645,"South Africa","gas_extr",2040,2040,"M1","year","111.45875","???"
"647",646,"South Africa","gas_extr",2050,2050,"M1","year","105.8858125","???"
"648",647,"South Africa","gas_extr",2060,2060,"M1","year","100.5915219","???"
"649",648,"South Africa","gas_extr",2070,2070,"M1","year","95.56194578","???"
"650",649,"South Africa","gas_fs",1995,1995,"M1","year","0","USD/GWa"
"651",650,"South Africa","gas_fs",2000,2000,"M1","year","0","USD/GWa"
"652",651,"South Africa","gas_fs",2005,2005,"M1","year","0","USD/GWa"
"653",652,"South Africa","gas_fs",2010,2010,"M1","year","0","USD/GWa"
"654",653,"South Africa","gas_fs",2020,2020,"M1","year","0","USD/GWa"
"655",654,"South Africa","gas_fs",2030,2030,"M1","year","0","USD/GWa"
"656",655,"South Africa","gas_fs",2040,2040,"M1","year","0","USD/GWa"
"657",656,"South Africa","gas_fs",2050,2050,"M1","year","0","USD/GWa"
"658",657,"South Africa","gas_fs",2060,2060,"M1","year","0","USD/GWa"
"659",658,"South Africa","gas_fs",2070,2070,"M1","year","0","USD/GWa"
"660",659,"South Africa","gas_i",1990,1990,"M1","year","0","USD/GWa"
"661",660,"South Africa","gas_i",1990,1995,"M1","year","0","USD/GWa"
"662",661,"South Africa","gas_i",1990,2000,"M1","year","0","USD/GWa"
"663",662,"South Africa","gas_i",1990,2005,"M1","year","0","USD/GWa"
"664",663,"South Africa","gas_i",1990,2010,"M1","year","0","USD/GWa"
"665",664,"South Africa","gas_i",1995,1995,"M1","year","0","USD/GWa"
"666",665,"South Africa","gas_i",1995,2000,"M1","year","0","USD/GWa"
"667",666,"South Africa","gas_i",1995,2005,"M1","year","0","USD/GWa"
"668",667,"South Africa","gas_i",1995,2010,"M1","year","0","USD/GWa"
"669",668,"South Africa","gas_i",2000,2000,"M1","year","0","USD/GWa"
"670",669,"South Africa","gas_i",2000,2005,"M1","year","0","USD/GWa"
"671",670,"South Africa","gas_i",2000,2010,"M1","year","0","USD/GWa"
"672",671,"South Africa","gas_i",2000,2020,"M1","year","0","USD/GWa"
"673",672,"South Africa","gas_i",2005,2005,"M1","year","0","USD/GWa"
"674",673,"South Africa","gas_i",2005,2010,"M1","year","0","USD/GWa"
"675",674,"South Africa","gas_i",2005,2020,"M1","year","0","USD/GWa"
"676",675,"South Africa","gas_i",2010,2010,"M1","year","0","USD/GWa"
"677",676,"South Africa","gas_i",2010,2020,"M1","year","0","USD/GWa"
"678",677,"South Africa","gas_i",2010,2030,"M1","year","0","USD/GWa"
"679",678,"South Africa","gas_i",2020,2020,"M1","year","0","USD/GWa"
"680",679,"South Africa","gas_i",2020,2030,"M1","year","0","USD/GWa"
"681",680,"South Africa","gas_i",2020,2040,"M1","year","0","USD/GWa"
"682",681,"South Africa","gas_i",2030,2030,"M1","year","0","USD/GWa"
"683",682,"South Africa","gas_i",2030,2040,"M1","year","0","USD/GWa"
"684",683,"South Africa","gas_i",2030,2050,"M1","year","0","USD/GWa"
"685",684,"South Africa","gas_i",2040,2040,"M1","year","0","USD/GWa"
"686",685,"South Africa","gas_i",2040,2050,"M1","year","0","USD/GWa"
"687",686,"South Africa","gas_i",2040,2060,"M1","year","0","USD/GWa"
"688",687,"South Africa","gas_i",2050,2050,"M1","year","0","USD/GWa"
"689",688,"South Africa","gas_i",2050,2060,"M1","year","0","USD/GWa"
"690",689,"South Africa","gas_i",2050,2070,"M1","year","0","USD/GWa"
"691",690,"South Africa","gas_i",2060,2060,"M1","year","0","USD/GWa"
"692",691,"South Africa","gas_i",2060,2070,"M1","year","0","USD/GWa"
"693",692,"South Africa","gas_i",2070,2070,"M1","year","0","USD/GWa"
"694",693,"South Africa","gas_imp",2020,2020,"M1","year","168.73177","???"
"695",694,"South Africa","gas_imp",2030,2030,"M1","year","190.61545","???"
"696",695,"South Africa","gas_imp",2040,2040,"M1","year","216.91447","???"
"697",696,"South Africa","gas_imp",2050,2050,"M1","year","256.1853","???"
"698",697,"South Africa","gas_imp",2060,2060,"M1","year","295.45612","???"
"699",698,"South Africa","gas_imp",2070,2070,"M1","year","334.72693","???"
"700",699,"South Africa","gas_ppl",1985,1990,"M1","year","0","USD/GWa"
"701",700,"South Africa","gas_ppl",1985,1995,"M1","year","0","USD/GWa"
"702",701,"South Africa","gas_ppl",1985,2000,"M1","year","0","USD/GWa"
"703",702,"South Africa","gas_ppl",1985,2005,"M1","year","0","USD/GWa"
"704",703,"South Africa","gas_ppl",1985,2010,"M1","year","0","USD/GWa"
"705",704,"South Africa","gas_ppl",1990,1990,"M1","year","0","USD/GWa"
"706",705,"South Africa","gas_ppl",1990,1995,"M1","year","0","USD/GWa"
"707",706,"South Africa","gas_ppl",1990,2000,"M1","year","0","USD/GWa"
"708",707,"South Africa","gas_ppl",1990,2005,"M1","year","0","USD/GWa"
"709",708,"South Africa","gas_ppl",1990,2010,"M1","year","0","USD/GWa"
"710",709,"South Africa","gas_ppl",1995,1995,"M1","year","0","USD/GWa"
"711",710,"South Africa","gas_ppl",1995,2000,"M1","year","0","USD/GWa"
"712",711,"South Africa","gas_ppl",1995,2005,"M1","year","0","USD/GWa"
"713",712,"South Africa","gas_ppl",1995,2010,"M1","year","0","USD/GWa"
"714",713,"South Africa","gas_ppl",1995,2020,"M1","year","0","USD/GWa"
"715",714,"South Africa","gas_ppl",2000,2000,"M1","year","0","USD/GWa"
"716",715,"South Africa","gas_ppl",2000,2005,"M1","year","0","USD/GWa"
"717",716,"South Africa","gas_ppl",2000,2010,"M1","year","0","USD/GWa"
"718",717,"South Africa","gas_ppl",2000,2020,"M1","year","0","USD/GWa"
"719",718,"South Africa","gas_ppl",2005,2005,"M1","year","0","USD/GWa"
"720",719,"South Africa","gas_ppl",2005,2010,"M1","year","0","USD/GWa"
"721",720,"South Africa","gas_ppl",2005,2020,"M1","year","0","USD/GWa"
"722",721,"South Africa","gas_ppl",2005,2030,"M1","year","0","USD/GWa"
"723",722,"South Africa","gas_ppl",2010,2010,"M1","year","0","USD/GWa"
"724",723,"South Africa","gas_ppl",2010,2020,"M1","year","0","USD/GWa"
"725",724,"South Africa","gas_ppl",2010,2030,"M1","year","0","USD/GWa"
"726",725,"South Africa","gas_ppl",2020,2020,"M1","year","0","USD/GWa"
"727",726,"South Africa","gas_ppl",2020,2030,"M1","year","0","USD/GWa"
"728",727,"South Africa","gas_ppl",2020,2040,"M1","year","0","USD/GWa"
"729",728,"South Africa","gas_ppl",2030,2030,"M1","year","0","USD/GWa"
"730",729,"South Africa","gas_ppl",2030,2040,"M1","year","0","USD/GWa"
"731",730,"South Africa","gas_ppl",2030,2050,"M1","year","0","USD/GWa"
"732",731,"South Africa","gas_ppl",2040,2040,"M1","year","0","USD/GWa"
"733",732,"South Africa","gas_ppl",2040,2050,"M1","year","0","USD/GWa"
"734",733,"South Africa","gas_ppl",2040,2060,"M1","year","0","USD/GWa"
"735",734,"South Africa","gas_ppl",2050,2050,"M1","year","0","USD/GWa"
"736",735,"South Africa","gas_ppl",2050,2060,"M1","year","0","USD/GWa"
"737",736,"South Africa","gas_ppl",2050,2070,"M1","year","0","USD/GWa"
"738",737,"South Africa","gas_ppl",2060,2060,"M1","year","0","USD/GWa"
"739",738,"South Africa","gas_ppl",2060,2070,"M1","year","0","USD/GWa"
"740",739,"South Africa","gas_ppl",2070,2070,"M1","year","0","USD/GWa"
"741",740,"South Africa","gas_rc",1990,1990,"M1","year","0","USD/GWa"
"742",741,"South Africa","gas_rc",1995,1995,"M1","year","0","USD/GWa"
"743",742,"South Africa","gas_rc",2000,2000,"M1","year","0","USD/GWa"
"744",743,"South Africa","gas_rc",2005,2005,"M1","year","0","USD/GWa"
"745",744,"South Africa","gas_rc",2010,2010,"M1","year","0","USD/GWa"
"746",745,"South Africa","gas_rc",2020,2020,"M1","year","0","USD/GWa"
"747",746,"South Africa","gas_rc",2030,2030,"M1","year","0","USD/GWa"
"748",747,"South Africa","gas_rc",2040,2040,"M1","year","0","USD/GWa"
"749",748,"South Africa","gas_rc",2050,2050,"M1","year","0","USD/GWa"
"750",749,"South Africa","gas_rc",2060,2060,"M1","year","0","USD/GWa"
"751",750,"South Africa","gas_rc",2070,2070,"M1","year","0","USD/GWa"
"752",751,"South Africa","gas_t_d",1975,1990,"M1","year","2.9","USD/GWa"
"753",752,"South Africa","gas_t_d",1975,1995,"M1","year","2.9","USD/GWa"
"754",753,"South Africa","gas_t_d",1975,2000,"M1","year","2.9","USD/GWa"
"755",754,"South Africa","gas_t_d",1975,2005,"M1","year","2.9","USD/GWa"
"756",755,"South Africa","gas_t_d",1975,2010,"M1","year","2.9","USD/GWa"
"757",756,"South Africa","gas_t_d",1980,1990,"M1","year","2.9","USD/GWa"
"758",757,"South Africa","gas_t_d",1980,1995,"M1","year","2.9","USD/GWa"
"759",758,"South Africa","gas_t_d",1980,2000,"M1","year","2.9","USD/GWa"
"760",759,"South Africa","gas_t_d",1980,2005,"M1","year","2.9","USD/GWa"
"761",760,"South Africa","gas_t_d",1980,2010,"M1","year","2.9","USD/GWa"
"762",761,"South Africa","gas_t_d",1985,1990,"M1","year","2.9","USD/GWa"
"763",762,"South Africa","gas_t_d",1985,1995,"M1","year","2.9","USD/GWa"
"764",763,"South Africa","gas_t_d",1985,2000,"M1","year","2.9","USD/GWa"
"765",764,"South Africa","gas_t_d",1985,2005,"M1","year","2.9","USD/GWa"
"766",765,"South Africa","gas_t_d",1985,2010,"M1","year","2.9","USD/GWa"
"767",766,"South Africa","gas_t_d",1985,2020,"M1","year","2.9","USD/GWa"
"768",767,"South Africa","gas_t_d",1990,1990,"M1","year","2.9","USD/GWa"
"769",768,"South Africa","gas_t_d",1990,1995,"M1","year","2.9","USD/GWa"
"770",769,"South Africa","gas_t_d",1990,2000,"M1","year","2.9","USD/GWa"
"771",770,"South Africa","gas_t_d",1990,2005,"M1","year","2.9","USD/GWa"
"772",771,"South Africa","gas_t_d",1990,2010,"M1","year","2.9","USD/GWa"
"773",772,"South Africa","gas_t_d",1990,2020,"M1","year","2.9","USD/GWa"
"774",773,"South Africa","gas_t_d",1995,1995,"M1","year","2.9","USD/GWa"
"775",774,"South Africa","gas_t_d",1995,2000,"M1","year","2.9","USD/GWa"
"776",775,"South Africa","gas_t_d",1995,2005,"M1","year","2.9","USD/GWa"
"777",776,"South Africa","gas_t_d",1995,2010,"M1","year","2.9","USD/GWa"
"778",777,"South Africa","gas_t_d",1995,2020,"M1","year","2.9","USD/GWa"
"779",778,"South Africa","gas_t_d",1995,2030,"M1","year","3","USD/GWa"
"780",779,"South Africa","gas_t_d",2000,2000,"M1","year","2.9","USD/GWa"
"781",780,"South Africa","gas_t_d",2000,2005,"M1","year","2.9","USD/GWa"
"782",781,"South Africa","gas_t_d",2000,2010,"M1","year","2.9","USD/GWa"
"783",782,"South Africa","gas_t_d",2000,2020,"M1","year","2.9","USD/GWa"
"784",783,"South Africa","gas_t_d",2000,2030,"M1","year","3","USD/GWa"
"785",784,"South Africa","gas_t_d",2005,2005,"M1","year","2.9","USD/GWa"
"786",785,"South Africa","gas_t_d",2005,2010,"M1","year","2.9","USD/GWa"
"787",786,"South Africa","gas_t_d",2005,2020,"M1","year","2.9","USD/GWa"
"788",787,"South Africa","gas_t_d",2005,2030,"M1","year","3","USD/GWa"
"789",788,"South Africa","gas_t_d",2005,2040,"M1","year","3.1","USD/GWa"
"790",789,"South Africa","gas_t_d",2010,2010,"M1","year","2.9","USD/GWa"
"791",790,"South Africa","gas_t_d",2010,2020,"M1","year","2.9","USD/GWa"
"792",791,"South Africa","gas_t_d",2010,2030,"M1","year","3","USD/GWa"
"793",792,"South Africa","gas_t_d",2010,2040,"M1","year","3.1","USD/GWa"
"794",793,"South Africa","gas_t_d",2020,2020,"M1","year","2.9","USD/GWa"
"795",794,"South Africa","gas_t_d",2020,2030,"M1","year","3","USD/GWa"
"796",795,"South Africa","gas_t_d",2020,2040,"M1","year","3.1","USD/GWa"
"797",796,"South Africa","gas_t_d",2020,2050,"M1","year","3.2","USD/GWa"
"798",797,"South Africa","gas_t_d",2030,2030,"M1","year","3","USD/GWa"
"799",798,"South Africa","gas_t_d",2030,2040,"M1","year","3.1","USD/GWa"
"800",799,"South Africa","gas_t_d",2030,2050,"M1","year","3.2","USD/GWa"
"801",800,"South Africa","gas_t_d",2030,2060,"M1","year","3.3000002","USD/GWa"
"802",801,"South Africa","gas_t_d",2040,2040,"M1","year","3.1","USD/GWa"
"803",802,"South Africa","gas_t_d",2040,2050,"M1","year","3.2","USD/GWa"
"804",803,"South Africa","gas_t_d",2040,2060,"M1","year","3.3000002","USD/GWa"
"805",804,"South Africa","gas_t_d",2040,2070,"M1","year","3.4000003","USD/GWa"
"806",805,"South Africa","gas_t_d",2050,2050,"M1","year","3.2","USD/GWa"
"807",806,"South Africa","gas_t_d",2050,2060,"M1","year","3.2","USD/GWa"
"808",807,"South Africa","gas_t_d",2050,2070,"M1","year","3.2","USD/GWa"
"809",808,"South Africa","gas_t_d",2060,2060,"M1","year","3.1","USD/GWa"
"810",809,"South Africa","gas_t_d",2060,2070,"M1","year","2.9999998","USD/GWa"
"811",810,"South Africa","gas_t_d",2070,2070,"M1","year","2.7999995","USD/GWa"
"812",811,"South Africa","gas_trp",1995,1995,"M1","year","0","USD/GWa"
"813",812,"South Africa","gas_trp",2000,2000,"M1","year","0","USD/GWa"
"814",813,"South Africa","gas_trp",2005,2005,"M1","year","0","USD/GWa"
"815",814,"South Africa","gas_trp",2010,2010,"M1","year","0","USD/GWa"
"816",815,"South Africa","gas_trp",2020,2020,"M1","year","0","USD/GWa"
"817",816,"South Africa","gas_trp",2030,2030,"M1","year","0","USD/GWa"
"818",817,"South Africa","gas_trp",2040,2040,"M1","year","0","USD/GWa"
"819",818,"South Africa","gas_trp",2050,2050,"M1","year","0","USD/GWa"
"820",819,"South Africa","gas_trp",2060,2060,"M1","year","0","USD/GWa"
"821",820,"South Africa","gas_trp",2070,2070,"M1","year","0","USD/GWa"
"822",821,"South Africa","igcc",2010,2010,"M1","year","0","USD/GWa"
"823",822,"South Africa","igcc",2010,2020,"M1","year","0","USD/GWa"
"824",823,"South Africa","igcc",2010,2030,"M1","year","0","USD/GWa"
"825",824,"South Africa","igcc",2020,2020,"M1","year","0","USD/GWa"
"826",825,"South Africa","igcc",2020,2030,"M1","year","0","USD/GWa"
"827",826,"South Africa","igcc",2020,2040,"M1","year","0","USD/GWa"
"828",827,"South Africa","igcc",2030,2030,"M1","year","0","USD/GWa"
"829",828,"South Africa","igcc",2030,2040,"M1","year","0","USD/GWa"
"830",829,"South Africa","igcc",2030,2050,"M1","year","0","USD/GWa"
"831",830,"South Africa","igcc",2040,2040,"M1","year","0","USD/GWa"
"832",831,"South Africa","igcc",2040,2050,"M1","year","0","USD/GWa"
"833",832,"South Africa","igcc",2040,2060,"M1","year","0","USD/GWa"
"834",833,"South Africa","igcc",2050,2050,"M1","year","0","USD/GWa"
"835",834,"South Africa","igcc",2050,2060,"M1","year","0","USD/GWa"
"836",835,"South Africa","igcc",2050,2070,"M1","year","0","USD/GWa"
"837",836,"South Africa","igcc",2060,2060,"M1","year","0","USD/GWa"
"838",837,"South Africa","igcc",2060,2070,"M1","year","0","USD/GWa"
"839",838,"South Africa","igcc",2070,2070,"M1","year","0","USD/GWa"
"840",839,"South Africa","igcc_ccs",2020,2020,"M1","year","0","USD/GWa"
"841",840,"South Africa","igcc_ccs",2020,2030,"M1","year","0","USD/GWa"
"842",841,"South Africa","igcc_ccs",2020,2040,"M1","year","0","USD/GWa"
"843",842,"South Africa","igcc_ccs",2030,2030,"M1","year","0","USD/GWa"
"844",843,"South Africa","igcc_ccs",2030,2040,"M1","year","0","USD/GWa"
"845",844,"South Africa","igcc_ccs",2030,2050,"M1","year","0","USD/GWa"
"846",845,"South Africa","igcc_ccs",2040,2040,"M1","year","0","USD/GWa"
"847",846,"South Africa","igcc_ccs",2040,2050,"M1","year","0","USD/GWa"
"848",847,"South Africa","igcc_ccs",2040,2060,"M1","year","0","USD/GWa"
"849",848,"South Africa","igcc_ccs",2050,2050,"M1","year","0","USD/GWa"
"850",849,"South Africa","igcc_ccs",2050,2060,"M1","year","0","USD/GWa"
"851",850,"South Africa","igcc_ccs",2050,2070,"M1","year","0","USD/GWa"
"852",851,"South Africa","igcc_ccs",2060,2060,"M1","year","0","USD/GWa"
"853",852,"South Africa","igcc_ccs",2060,2070,"M1","year","0","USD/GWa"
"854",853,"South Africa","igcc_ccs",2070,2070,"M1","year","0","USD/GWa"
"855",854,"South Africa","loil_exp",2020,2020,"M1","year","-106.18665","???"
"856",855,"South Africa","loil_exp",2030,2030,"M1","year","-128.00429","???"
"857",856,"South Africa","loil_exp",2040,2040,"M1","year","-142.2955","???"
"858",857,"South Africa","loil_exp",2050,2050,"M1","year","-166.71553","???"
"859",858,"South Africa","loil_exp",2060,2060,"M1","year","-191.13556","???"
"860",859,"South Africa","loil_exp",2070,2070,"M1","year","-215.55559","???"
"861",860,"South Africa","loil_fs",1990,1990,"M1","year","0","USD/GWa"
"862",861,"South Africa","loil_fs",1995,1995,"M1","year","0","USD/GWa"
"863",862,"South Africa","loil_fs",2000,2000,"M1","year","0","USD/GWa"
"864",863,"South Africa","loil_fs",2005,2005,"M1","year","0","USD/GWa"
"865",864,"South Africa","loil_fs",2010,2010,"M1","year","0","USD/GWa"
"866",865,"South Africa","loil_fs",2020,2020,"M1","year","0","USD/GWa"
"867",866,"South Africa","loil_fs",2030,2030,"M1","year","0","USD/GWa"
"868",867,"South Africa","loil_fs",2040,2040,"M1","year","0","USD/GWa"
"869",868,"South Africa","loil_fs",2050,2050,"M1","year","0","USD/GWa"
"870",869,"South Africa","loil_fs",2060,2060,"M1","year","0","USD/GWa"
"871",870,"South Africa","loil_fs",2070,2070,"M1","year","0","USD/GWa"
"872",871,"South Africa","loil_i",1990,1990,"M1","year","0","USD/GWa"
"873",872,"South Africa","loil_i",1990,1995,"M1","year","0","USD/GWa"
"874",873,"South Africa","loil_i",1990,2000,"M1","year","0","USD/GWa"
"875",874,"South Africa","loil_i",1990,2005,"M1","year","0","USD/GWa"
"876",875,"South Africa","loil_i",1990,2010,"M1","year","0","USD/GWa"
"877",876,"South Africa","loil_i",1995,1995,"M1","year","0","USD/GWa"
"878",877,"South Africa","loil_i",1995,2000,"M1","year","0","USD/GWa"
"879",878,"South Africa","loil_i",1995,2005,"M1","year","0","USD/GWa"
"880",879,"South Africa","loil_i",1995,2010,"M1","year","0","USD/GWa"
"881",880,"South Africa","loil_i",2000,2000,"M1","year","0","USD/GWa"
"882",881,"South Africa","loil_i",2000,2005,"M1","year","0","USD/GWa"
"883",882,"South Africa","loil_i",2000,2010,"M1","year","0","USD/GWa"
"884",883,"South Africa","loil_i",2000,2020,"M1","year","0","USD/GWa"
"885",884,"South Africa","loil_i",2005,2005,"M1","year","0","USD/GWa"
"886",885,"South Africa","loil_i",2005,2010,"M1","year","0","USD/GWa"
"887",886,"South Africa","loil_i",2005,2020,"M1","year","0","USD/GWa"
"888",887,"South Africa","loil_i",2010,2010,"M1","year","0","USD/GWa"
"889",888,"South Africa","loil_i",2010,2020,"M1","year","0","USD/GWa"
"890",889,"South Africa","loil_i",2010,2030,"M1","year","0","USD/GWa"
"891",890,"South Africa","loil_i",2020,2020,"M1","year","0","USD/GWa"
"892",891,"South Africa","loil_i",2020,2030,"M1","year","0","USD/GWa"
"893",892,"South Africa","loil_i",2020,2040,"M1","year","0","USD/GWa"
"894",893,"South Africa","loil_i",2030,2030,"M1","year","0","USD/GWa"
"895",894,"South Africa","loil_i",2030,2040,"M1","year","0","USD/GWa"
"896",895,"South Africa","loil_i",2030,2050,"M1","year","0","USD/GWa"
"897",896,"South Africa","loil_i",2040,2040,"M1","year","0","USD/GWa"
"898",897,"South Africa","loil_i",2040,2050,"M1","year","0","USD/GWa"
"899",898,"South Africa","loil_i",2040,2060,"M1","year","0","USD/GWa"
"900",899,"South Africa","loil_i",2050,2050,"M1","year","0","USD/GWa"
"901",900,"South Africa","loil_i",2050,2060,"M1","year","0","USD/GWa"
"902",901,"South Africa","loil_i",2050,2070,"M1","year","0","USD/GWa"
"903",902,"South Africa","loil_i",2060,2060,"M1","year","0","USD/GWa"
"904",903,"South Africa","loil_i",2060,2070,"M1","year","0","USD/GWa"
"905",904,"South Africa","loil_i",2070,2070,"M1","year","0","USD/GWa"
"906",905,"South Africa","loil_imp",2020,2020,"M1","year","197.2038","???"
"907",906,"South Africa","loil_imp",2030,2030,"M1","year","237.72224","???"
"908",907,"South Africa","loil_imp",2040,2040,"M1","year","264.26306","???"
"909",908,"South Africa","loil_imp",2050,2050,"M1","year","309.61456","???"
"910",909,"South Africa","loil_imp",2060,2060,"M1","year","354.96606","???"
"911",910,"South Africa","loil_imp",2070,2070,"M1","year","400.31757","???"
"912",911,"South Africa","loil_ppl",1990,1990,"M1","year","0","USD/GWa"
"913",912,"South Africa","loil_ppl",1990,1995,"M1","year","0","USD/GWa"
"914",913,"South Africa","loil_ppl",1990,2000,"M1","year","0","USD/GWa"
"915",914,"South Africa","loil_ppl",1990,2005,"M1","year","0","USD/GWa"
"916",915,"South Africa","loil_ppl",1990,2010,"M1","year","0","USD/GWa"
"917",916,"South Africa","loil_ppl",1995,1995,"M1","year","0","USD/GWa"
"918",917,"South Africa","loil_ppl",1995,2000,"M1","year","0","USD/GWa"
"919",918,"South Africa","loil_ppl",1995,2005,"M1","year","0","USD/GWa"
"920",919,"South Africa","loil_ppl",1995,2010,"M1","year","0","USD/GWa"
"921",920,"South Africa","loil_ppl",1995,2020,"M1","year","0","USD/GWa"
"922",921,"South Africa","loil_ppl",2000,2000,"M1","year","0","USD/GWa"
"923",922,"South Africa","loil_ppl",2000,2005,"M1","year","0","USD/GWa"
"924",923,"South Africa","loil_ppl",2000,2010,"M1","year","0","USD/GWa"
"925",924,"South Africa","loil_ppl",2000,2020,"M1","year","0","USD/GWa"
"926",925,"South Africa","loil_ppl",2005,2005,"M1","year","0","USD/GWa"
"927",926,"South Africa","loil_ppl",2005,2010,"M1","year","0","USD/GWa"
"928",927,"South Africa","loil_ppl",2005,2020,"M1","year","0","USD/GWa"
"929",928,"South Africa","loil_ppl",2005,2030,"M1","year","0","USD/GWa"
"930",929,"South Africa","loil_ppl",2010,2010,"M1","year","0","USD/GWa"
"931",930,"South Africa","loil_ppl",2010,2020,"M1","year","0","USD/GWa"
"932",931,"South Africa","loil_ppl",2010,2030,"M1","year","0","USD/GWa"
"933",932,"South Africa","loil_ppl",2020,2020,"M1","year","0","USD/GWa"
"934",933,"South Africa","loil_ppl",2020,2030,"M1","year","0","USD/GWa"
"935",934,"South Africa","loil_ppl",2020,2040,"M1","year","0","USD/GWa"
"936",935,"South Africa","loil_ppl",2030,2030,"M1","year","0","USD/GWa"
"937",936,"South Africa","loil_ppl",2030,2040,"M1","year","0","USD/GWa"
"938",937,"South Africa","loil_ppl",2030,2050,"M1","year","0","USD/GWa"
"939",938,"South Africa","loil_ppl",2040,2040,"M1","year","0","USD/GWa"
"940",939,"South Africa","loil_ppl",2040,2050,"M1","year","0","USD/GWa"
"941",940,"South Africa","loil_ppl",2040,2060,"M1","year","0","USD/GWa"
"942",941,"South Africa","loil_ppl",2050,2050,"M1","year","0","USD/GWa"
"943",942,"South Africa","loil_ppl",2050,2060,"M1","year","0","USD/GWa"
"944",943,"South Africa","loil_ppl",2050,2070,"M1","year","0","USD/GWa"
"945",944,"South Africa","loil_ppl",2060,2060,"M1","year","0","USD/GWa"
"946",945,"South Africa","loil_ppl",2060,2070,"M1","year","0","USD/GWa"
"947",946,"South Africa","loil_ppl",2070,2070,"M1","year","0","USD/GWa"
"948",947,"South Africa","loil_rc",1990,1990,"M1","year","0","USD/GWa"
"949",948,"South Africa","loil_rc",1995,1995,"M1","year","0","USD/GWa"
"950",949,"South Africa","loil_rc",2000,2000,"M1","year","0","USD/GWa"
"951",950,"South Africa","loil_rc",2005,2005,"M1","year","0","USD/GWa"
"952",951,"South Africa","loil_rc",2010,2010,"M1","year","0","USD/GWa"
"953",952,"South Africa","loil_rc",2020,2020,"M1","year","0","USD/GWa"
"954",953,"South Africa","loil_rc",2030,2030,"M1","year","0","USD/GWa"
"955",954,"South Africa","loil_rc",2040,2040,"M1","year","0","USD/GWa"
"956",955,"South Africa","loil_rc",2050,2050,"M1","year","0","USD/GWa"
"957",956,"South Africa","loil_rc",2060,2060,"M1","year","0","USD/GWa"
"958",957,"South Africa","loil_rc",2070,2070,"M1","year","0","USD/GWa"
"959",958,"South Africa","loil_t_d",1990,1990,"M1","year","0","USD/GWa"
"960",959,"South Africa","loil_t_d",1995,1995,"M1","year","0","USD/GWa"
"961",960,"South Africa","loil_t_d",2000,2000,"M1","year","0","USD/GWa"
"962",961,"South Africa","loil_t_d",2005,2005,"M1","year","0","USD/GWa"
"963",962,"South Africa","loil_t_d",2010,2010,"M1","year","0","USD/GWa"
"964",963,"South Africa","loil_t_d",2020,2020,"M1","year","0","USD/GWa"
"965",964,"South Africa","loil_t_d",2030,2030,"M1","year","0","USD/GWa"
"966",965,"South Africa","loil_t_d",2040,2040,"M1","year","0","USD/GWa"
"967",966,"South Africa","loil_t_d",2050,2050,"M1","year","0","USD/GWa"
"968",967,"South Africa","loil_t_d",2060,2060,"M1","year","0","USD/GWa"
"969",968,"South Africa","loil_t_d",2070,2070,"M1","year","0","USD/GWa"
"970",969,"South Africa","loil_trp",1990,1990,"M1","year","0","USD/GWa"
"971",970,"South Africa","loil_trp",1995,1995,"M1","year","0","USD/GWa"
"972",971,"South Africa","loil_trp",2000,2000,"M1","year","0","USD/GWa"
"973",972,"South Africa","loil_trp",2005,2005,"M1","year","0","USD/GWa"
"974",973,"South Africa","loil_trp",2010,2010,"M1","year","0","USD/GWa"
"975",974,"South Africa","loil_trp",2020,2020,"M1","year","0","USD/GWa"
"976",975,"South Africa","loil_trp",2030,2030,"M1","year","0","USD/GWa"
"977",976,"South Africa","loil_trp",2040,2040,"M1","year","0","USD/GWa"
"978",977,"South Africa","loil_trp",2050,2050,"M1","year","0","USD/GWa"
"979",978,"South Africa","loil_trp",2060,2060,"M1","year","0","USD/GWa"
"980",979,"South Africa","loil_trp",2070,2070,"M1","year","0","USD/GWa"
"981",980,"South Africa","meth_coal",2020,2020,"M1","year","0","USD/GWa"
"982",981,"South Africa","meth_coal",2020,2030,"M1","year","0","USD/GWa"
"983",982,"South Africa","meth_coal",2020,2040,"M1","year","0","USD/GWa"
"984",983,"South Africa","meth_coal",2030,2030,"M1","year","0","USD/GWa"
"985",984,"South Africa","meth_coal",2030,2040,"M1","year","0","USD/GWa"
"986",985,"South Africa","meth_coal",2030,2050,"M1","year","0","USD/GWa"
"987",986,"South Africa","meth_coal",2040,2040,"M1","year","0","USD/GWa"
"988",987,"South Africa","meth_coal",2040,2050,"M1","year","0","USD/GWa"
"989",988,"South Africa","meth_coal",2040,2060,"M1","year","0","USD/GWa"
"990",989,"South Africa","meth_coal",2050,2050,"M1","year","0","USD/GWa"
"991",990,"South Africa","meth_coal",2050,2060,"M1","year","0","USD/GWa"
"992",991,"South Africa","meth_coal",2050,2070,"M1","year","0","USD/GWa"
"993",992,"South Africa","meth_coal",2060,2060,"M1","year","0","USD/GWa"
"994",993,"South Africa","meth_coal",2060,2070,"M1","year","0","USD/GWa"
"995",994,"South Africa","meth_coal",2070,2070,"M1","year","0","USD/GWa"
"996",995,"South Africa","meth_coal_ccs",2020,2020,"M1","year","0","USD/GWa"
"997",996,"South Africa","meth_coal_ccs",2020,2030,"M1","year","0","USD/GWa"
"998",997,"South Africa","meth_coal_ccs",2020,2040,"M1","year","0","USD/GWa"
"999",998,"South Africa","meth_coal_ccs",2030,2030,"M1","year","0","USD/GWa"
"1000",999,"South Africa","meth_coal_ccs",2030,2040,"M1","year","0","USD/GWa"
"1001",1000,"South Africa","meth_coal_ccs",2030,2050,"M1","year","0","USD/GWa"
"1002",1001,"South Africa","meth_coal_ccs",2040,2040,"M1","year","0","USD/GWa"
"1003",1002,"South Africa","meth_coal_ccs",2040,2050,"M1","year","0","USD/GWa"
"1004",1003,"South Africa","meth_coal_ccs",2040,2060,"M1","year","0","USD/GWa"
"1005",1004,"South Africa","meth_coal_ccs",2050,2050,"M1","year","0","USD/GWa"
"1006",1005,"South Africa","meth_coal_ccs",2050,2060,"M1","year","0","USD/GWa"
"1007",1006,"South Africa","meth_coal_ccs",2050,2070,"M1","year","0","USD/GWa"
"1008",1007,"South Africa","meth_coal_ccs",2060,2060,"M1","year","0","USD/GWa"
"1009",1008,"South Africa","meth_coal_ccs",2060,2070,"M1","year","0","USD/GWa"
"1010",1009,"South Africa","meth_coal_ccs",2070,2070,"M1","year","0","USD/GWa"
"1011",1010,"South Africa","meth_ng",2020,2020,"M1","year","0","USD/GWa"
"1012",1011,"South Africa","meth_ng",2020,2030,"M1","year","0","USD/GWa"
"1013",1012,"South Africa","meth_ng",2020,2040,"M1","year","0","USD/GWa"
"1014",1013,"South Africa","meth_ng",2030,2030,"M1","year","0","USD/GWa"
"1015",1014,"South Africa","meth_ng",2030,2040,"M1","year","0","USD/GWa"
"1016",1015,"South Africa","meth_ng",2030,2050,"M1","year","0","USD/GWa"
"1017",1016,"South Africa","meth_ng",2040,2040,"M1","year","0","USD/GWa"
"1018",1017,"South Africa","meth_ng",2040,2050,"M1","year","0","USD/GWa"
"1019",1018,"South Africa","meth_ng",2040,2060,"M1","year","0","USD/GWa"
"1020",1019,"South Africa","meth_ng",2050,2050,"M1","year","0","USD/GWa"
"1021",1020,"South Africa","meth_ng",2050,2060,"M1","year","0","USD/GWa"
"1022",1021,"South Africa","meth_ng",2050,2070,"M1","year","0","USD/GWa"
"1023",1022,"South Africa","meth_ng",2060,2060,"M1","year","0","USD/GWa"
"1024",1023,"South Africa","meth_ng",2060,2070,"M1","year","0","USD/GWa"
"1025",1024,"South Africa","meth_ng",2070,2070,"M1","year","0","USD/GWa"
"1026",1025,"South Africa","meth_ng_ccs",2020,2020,"M1","year","0","USD/GWa"
"1027",1026,"South Africa","meth_ng_ccs",2020,2030,"M1","year","0","USD/GWa"
"1028",1027,"South Africa","meth_ng_ccs",2020,2040,"M1","year","0","USD/GWa"
"1029",1028,"South Africa","meth_ng_ccs",2030,2030,"M1","year","0","USD/GWa"
"1030",1029,"South Africa","meth_ng_ccs",2030,2040,"M1","year","0","USD/GWa"
"1031",1030,"South Africa","meth_ng_ccs",2030,2050,"M1","year","0","USD/GWa"
"1032",1031,"South Africa","meth_ng_ccs",2040,2040,"M1","year","0","USD/GWa"
"1033",1032,"South Africa","meth_ng_ccs",2040,2050,"M1","year","0","USD/GWa"
"1034",1033,"South Africa","meth_ng_ccs",2040,2060,"M1","year","0","USD/GWa"
"1035",1034,"South Africa","meth_ng_ccs",2050,2050,"M1","year","0","USD/GWa"
"1036",1035,"South Africa","meth_ng_ccs",2050,2060,"M1","year","0","USD/GWa"
"1037",1036,"South Africa","meth_ng_ccs",2050,2070,"M1","year","0","USD/GWa"
"1038",1037,"South Africa","meth_ng_ccs",2060,2060,"M1","year","0","USD/GWa"
"1039",1038,"South Africa","meth_ng_ccs",2060,2070,"M1","year","0","USD/GWa"
"1040",1039,"South Africa","meth_ng_ccs",2070,2070,"M1","year","0","USD/GWa"
"1041",1040,"South Africa","nuc_ppl",2010,2010,"M1","year","4","???"
"1042",1041,"South Africa","nuc_ppl",2010,2020,"M1","year","4","???"
"1043",1042,"South Africa","nuc_ppl",2010,2030,"M1","year","4","???"
"1044",1043,"South Africa","nuc_ppl",2010,2040,"M1","year","4","???"
"1045",1044,"South Africa","nuc_ppl",2020,2020,"M1","year","4","???"
"1046",1045,"South Africa","nuc_ppl",2020,2040,"M1","year","4","???"
"1047",1046,"South Africa","nuc_ppl",2020,2050,"M1","year","4","???"
"1048",1047,"South Africa","nuc_ppl",2030,2030,"M1","year","4","???"
"1049",1048,"South Africa","nuc_ppl",2030,2040,"M1","year","4","???"
"1050",1049,"South Africa","nuc_ppl",2030,2050,"M1","year","4","???"
"1051",1050,"South Africa","nuc_ppl",2030,2060,"M1","year","4","???"
"1052",1051,"South Africa","nuc_ppl",2040,2040,"M1","year","4","???"
"1053",1052,"South Africa","nuc_ppl",2040,2050,"M1","year","4","???"
"1054",1053,"South Africa","nuc_ppl",2040,2060,"M1","year","4","???"
"1055",1054,"South Africa","nuc_ppl",2040,2070,"M1","year","4","???"
"1056",1055,"South Africa","nuc_ppl",2050,2050,"M1","year","4","???"
"1057",1056,"South Africa","nuc_ppl",2050,2060,"M1","year","4","???"
"1058",1057,"South Africa","nuc_ppl",2050,2070,"M1","year","4","???"
"1059",1058,"South Africa","nuc_ppl",2060,2060,"M1","year","4","???"
"1060",1059,"South Africa","nuc_ppl",2060,2070,"M1","year","4","???"
"1061",1060,"South Africa","nuc_ppl",2070,2070,"M1","year","4","???"
"1062",1061,"South Africa","oil_bal",1990,1990,"M1","year","0","USD/GWa"
"1063",1062,"South Africa","oil_bal",1995,1995,"M1","year","0","USD/GWa"
"1064",1063,"South Africa","oil_bal",2000,2000,"M1","year","0","USD/GWa"
"1065",1064,"South Africa","oil_bal",2005,2005,"M1","year","0","USD/GWa"
"1066",1065,"South Africa","oil_bal",2010,2010,"M1","year","0","USD/GWa"
"1067",1066,"South Africa","oil_bal",2020,2020,"M1","year","0","USD/GWa"
"1068",1067,"South Africa","oil_bal",2030,2030,"M1","year","0","USD/GWa"
"1069",1068,"South Africa","oil_bal",2040,2040,"M1","year","0","USD/GWa"
"1070",1069,"South Africa","oil_bal",2050,2050,"M1","year","0","USD/GWa"
"1071",1070,"South Africa","oil_bal",2060,2060,"M1","year","0","USD/GWa"
"1072",1071,"South Africa","oil_bal",2070,2070,"M1","year","0","USD/GWa"
"1073",1072,"South Africa","oil_exp",2020,2020,"M1","year","-88.488884","???"
"1074",1073,"South Africa","oil_exp",2030,2030,"M1","year","-106.670235","???"
"1075",1074,"South Africa","oil_exp",2040,2040,"M1","year","-118.57958","???"
"1076",1075,"South Africa","oil_exp",2050,2050,"M1","year","-138.92961","???"
"1077",1076,"South Africa","oil_exp",2060,2060,"M1","year","-159.27963","???"
"1078",1077,"South Africa","oil_exp",2070,2070,"M1","year","-179.62965","???"
"1079",1078,"South Africa","oil_extr",2010,2010,"M1","year","150","???"
"1080",1079,"South Africa","oil_extr",2020,2020,"M1","year","142.5","???"
"1081",1080,"South Africa","oil_extr",2030,2030,"M1","year","135.375","???"
"1082",1081,"South Africa","oil_extr",2040,2040,"M1","year","128.60625","???"
"1083",1082,"South Africa","oil_extr",2050,2050,"M1","year","122.1759375","???"
"1084",1083,"South Africa","oil_extr",2060,2060,"M1","year","116.0671406","???"
"1085",1084,"South Africa","oil_extr",2070,2070,"M1","year","110.2637836","???"
"1086",1085,"South Africa","oil_imp",2020,2020,"M1","year","164.33649","???"
"1087",1086,"South Africa","oil_imp",2030,2030,"M1","year","198.10187","???"
"1088",1087,"South Africa","oil_imp",2040,2040,"M1","year","220.21922","???"
"1089",1088,"South Africa","oil_imp",2050,2050,"M1","year","258.01212","???"
"1090",1089,"South Africa","oil_imp",2060,2060,"M1","year","295.805","???"
"1091",1090,"South Africa","oil_imp",2070,2070,"M1","year","333.59787","???"
"1092",1091,"South Africa","ref_hil",1995,1995,"M1","year","0","USD/GWa"
"1093",1092,"South Africa","ref_hil",1995,2000,"M1","year","0","USD/GWa"
"1094",1093,"South Africa","ref_hil",1995,2005,"M1","year","0","USD/GWa"
"1095",1094,"South Africa","ref_hil",1995,2010,"M1","year","0","USD/GWa"
"1096",1095,"South Africa","ref_hil",1995,2020,"M1","year","0","USD/GWa"
"1097",1096,"South Africa","ref_hil",2000,2000,"M1","year","0","USD/GWa"
"1098",1097,"South Africa","ref_hil",2000,2005,"M1","year","0","USD/GWa"
"1099",1098,"South Africa","ref_hil",2000,2010,"M1","year","0","USD/GWa"
"1100",1099,"South Africa","ref_hil",2000,2020,"M1","year","0","USD/GWa"
"1101",1100,"South Africa","ref_hil",2005,2005,"M1","year","0","USD/GWa"
"1102",1101,"South Africa","ref_hil",2005,2010,"M1","year","0","USD/GWa"
"1103",1102,"South Africa","ref_hil",2005,2020,"M1","year","0","USD/GWa"
"1104",1103,"South Africa","ref_hil",2005,2030,"M1","year","0","USD/GWa"
"1105",1104,"South Africa","ref_hil",2010,2010,"M1","year","0","USD/GWa"
"1106",1105,"South Africa","ref_hil",2010,2020,"M1","year","0","USD/GWa"
"1107",1106,"South Africa","ref_hil",2010,2030,"M1","year","0","USD/GWa"
"1108",1107,"South Africa","ref_hil",2020,2020,"M1","year","0","USD/GWa"
"1109",1108,"South Africa","ref_hil",2020,2030,"M1","year","0","USD/GWa"
"1110",1109,"South Africa","ref_hil",2020,2040,"M1","year","0","USD/GWa"
"1111",1110,"South Africa","ref_hil",2030,2030,"M1","year","0","USD/GWa"
"1112",1111,"South Africa","ref_hil",2030,2040,"M1","year","0","USD/GWa"
"1113",1112,"South Africa","ref_hil",2030,2050,"M1","year","0","USD/GWa"
"1114",1113,"South Africa","ref_hil",2040,2040,"M1","year","0","USD/GWa"
"1115",1114,"South Africa","ref_hil",2040,2050,"M1","year","0","USD/GWa"
"1116",1115,"South Africa","ref_hil",2040,2060,"M1","year","0","USD/GWa"
"1117",1116,"South Africa","ref_hil",2050,2050,"M1","year","0","USD/GWa"
"1118",1117,"South Africa","ref_hil",2050,2060,"M1","year","0","USD/GWa"
"1119",1118,"South Africa","ref_hil",2050,2070,"M1","year","0","USD/GWa"
"1120",1119,"South Africa","ref_hil",2060,2060,"M1","year","0","USD/GWa"
"1121",1120,"South Africa","ref_hil",2060,2070,"M1","year","0","USD/GWa"
"1122",1121,"South Africa","ref_hil",2070,2070,"M1","year","0","USD/GWa"
"1123",1122,"South Africa","shale_extr",2020,2020,"M1","year","100000","???"
"1124",1123,"South Africa","shale_extr",2030,2030,"M1","year","95000","???"
"1125",1124,"South Africa","shale_extr",2040,2040,"M1","year","90250","???"
"1126",1125,"South Africa","shale_extr",2050,2050,"M1","year","85737.5","???"
"1127",1126,"South Africa","shale_extr",2060,2060,"M1","year","81450.625","???"
"1128",1127,"South Africa","shale_extr",2070,2070,"M1","year","77378.09375","???"
"1129",1128,"South Africa","sp_el_I",1990,1990,"M1","year","0","USD/GWa"
"1130",1129,"South Africa","sp_el_I",1995,1995,"M1","year","0","USD/GWa"
"1131",1130,"South Africa","sp_el_I",2000,2000,"M1","year","0","USD/GWa"
"1132",1131,"South Africa","sp_el_I",2005,2005,"M1","year","0","USD/GWa"
"1133",1132,"South Africa","sp_el_I",2010,2010,"M1","year","0","USD/GWa"
"1134",1133,"South Africa","sp_el_I",2020,2020,"M1","year","0","USD/GWa"
"1135",1134,"South Africa","sp_el_I",2030,2030,"M1","year","0","USD/GWa"
"1136",1135,"South Africa","sp_el_I",2040,2040,"M1","year","0","USD/GWa"
"1137",1136,"South Africa","sp_el_I",2050,2050,"M1","year","0","USD/GWa"
"1138",1137,"South Africa","sp_el_I",2060,2060,"M1","year","0","USD/GWa"
"1139",1138,"South Africa","sp_el_I",2070,2070,"M1","year","0","USD/GWa"
"1140",1139,"South Africa","sp_el_RC",1990,1990,"M1","year","0","USD/GWa"
"1141",1140,"South Africa","sp_el_RC",1995,1995,"M1","year","0","USD/GWa"
"1142",1141,"South Africa","sp_el_RC",2000,2000,"M1","year","0","USD/GWa"
"1143",1142,"South Africa","sp_el_RC",2005,2005,"M1","year","0","USD/GWa"
"1144",1143,"South Africa","sp_el_RC",2010,2010,"M1","year","0","USD/GWa"
"1145",1144,"South Africa","sp_el_RC",2020,2020,"M1","year","0","USD/GWa"
"1146",1145,"South Africa","sp_el_RC",2030,2030,"M1","year","0","USD/GWa"
"1147",1146,"South Africa","sp_el_RC",2040,2040,"M1","year","0","USD/GWa"
"1148",1147,"South Africa","sp_el_RC",2050,2050,"M1","year","0","USD/GWa"
"1149",1148,"South Africa","sp_el_RC",2060,2060,"M1","year","0","USD/GWa"
"1150",1149,"South Africa","sp_el_RC",2070,2070,"M1","year","0","USD/GWa"
"1151",1150,"South Africa","syn_liq",2020,2020,"M1","year","0","USD/GWa"
"1152",1151,"South Africa","syn_liq",2020,2030,"M1","year","0","USD/GWa"
"1153",1152,"South Africa","syn_liq",2020,2040,"M1","year","0","USD/GWa"
"1154",1153,"South Africa","syn_liq",2030,2030,"M1","year","0","USD/GWa"
"1155",1154,"South Africa","syn_liq",2030,2040,"M1","year","0","USD/GWa"
"1156",1155,"South Africa","syn_liq",2030,2050,"M1","year","0","USD/GWa"
"1157",1156,"South Africa","syn_liq",2040,2040,"M1","year","0","USD/GWa"
"1158",1157,"South Africa","syn_liq",2040,2050,"M1","year","0","USD/GWa"
"1159",1158,"South Africa","syn_liq",2040,2060,"M1","year","0","USD/GWa"
"1160",1159,"South Africa","syn_liq",2050,2050,"M1","year","0","USD/GWa"
"1161",1160,"South Africa","syn_liq",2050,2060,"M1","year","0","USD/GWa"
"1162",1161,"South Africa","syn_liq",2050,2070,"M1","year","0","USD/GWa"
"1163",1162,"South Africa","syn_liq",2060,2060,"M1","year","0","USD/GWa"
"1164",1163,"South Africa","syn_liq",2060,2070,"M1","year","0","USD/GWa"
"1165",1164,"South Africa","syn_liq",2070,2070,"M1","year","0","USD/GWa"
"1166",1165,"South Africa","syn_liq_ccs",2020,2020,"M1","year","0","USD/GWa"
"1167",1166,"South Africa","syn_liq_ccs",2020,2030,"M1","year","0","USD/GWa"
"1168",1167,"South Africa","syn_liq_ccs",2020,2040,"M1","year","0","USD/GWa"
"1169",1168,"South Africa","syn_liq_ccs",2030,2030,"M1","year","0","USD/GWa"
"1170",1169,"South Africa","syn_liq_ccs",2030,2040,"M1","year","0","USD/GWa"
"1171",1170,"South Africa","syn_liq_ccs",2030,2050,"M1","year","0","USD/GWa"
"1172",1171,"South Africa","syn_liq_ccs",2040,2040,"M1","year","0","USD/GWa"
"1173",1172,"South Africa","syn_liq_ccs",2040,2050,"M1","year","0","USD/GWa"
"1174",1173,"South Africa","syn_liq_ccs",2040,2060,"M1","year","0","USD/GWa"
"1175",1174,"South Africa","syn_liq_ccs",2050,2050,"M1","year","0","USD/GWa"
"1176",1175,"South Africa","syn_liq_ccs",2050,2060,"M1","year","0","USD/GWa"
"1177",1176,"South Africa","syn_liq_ccs",2050,2070,"M1","year","0","USD/GWa"
"1178",1177,"South Africa","syn_liq_ccs",2060,2060,"M1","year","0","USD/GWa"
"1179",1178,"South Africa","syn_liq_ccs",2060,2070,"M1","year","0","USD/GWa"
"1180",1179,"South Africa","syn_liq_ccs",2070,2070,"M1","year","0","USD/GWa"
