,node_loc,technology,year_vtg,year_act,mode,time,lvl,mrg
0,South Africa,bio_istig,1990,2010,M1,year,0.0,0.0
1,South Africa,bio_istig,1995,2010,M1,year,0.0,0.0
2,South Africa,bio_istig,1995,2020,M1,year,0.0,88.68105
3,South Africa,bio_istig,2000,2010,M1,year,0.0,0.0
4,South Africa,bio_istig,2000,2020,M1,year,0.0,88.68105
5,South Africa,bio_istig,2005,2010,M1,year,0.0,0.0
6,South Africa,bio_istig,2005,2020,M1,year,0.0,88.68105
7,South Africa,bio_istig,2005,2030,M1,year,0.0021,0.0
8,South Africa,bio_istig,2010,2010,M1,year,0.0,0.0
9,South Africa,bio_istig,2010,2020,M1,year,0.0,0.0
10,South Africa,bio_istig,2010,2030,M1,year,0.0,0.0
11,South Africa,bio_istig,2020,2020,M1,year,0.03892694,0.0
12,South Africa,bio_istig,2020,2030,M1,year,0.00457964,0.0
13,South Africa,bio_istig,2020,2040,M1,year,0.0,0.0
14,South Africa,bio_istig,2030,2030,M1,year,0.0068933447,0.0
15,South Africa,bio_istig,2030,2040,M1,year,0.0015968217,0.0
16,South Africa,bio_istig,2030,2050,M1,year,0.006786492,0.0
17,South Africa,bio_istig,2040,2040,M1,year,0.0031357852,0.0
18,South Africa,bio_istig,2040,2050,M1,year,0.004732607,0.0
19,South Africa,bio_istig,2040,2060,M1,year,0.0023663035,0.0
20,South Africa,bio_istig,2050,2050,M1,year,0.001650158,0.0
21,South Africa,bio_istig,2050,2060,M1,year,0.001650158,0.0
22,South Africa,bio_istig,2050,2070,M1,year,0.000825079,0.0
23,South Africa,bio_istig,2060,2060,M1,year,0.0005753745,0.0
24,South Africa,bio_istig,2060,2070,M1,year,0.0005753745,0.0
25,South Africa,bio_istig,2070,2070,M1,year,0.00020062068,0.0
26,South Africa,biomass_t_d,1990,1990,M1,year,0.0,0.0
27,South Africa,biomass_t_d,1995,1995,M1,year,0.0,0.0
28,South Africa,biomass_t_d,2000,2000,M1,year,0.0,0.0
29,South Africa,biomass_t_d,2005,2005,M1,year,0.0,0.0
30,South Africa,biomass_t_d,2010,2010,M1,year,0.0,0.0
31,South Africa,biomass_t_d,2020,2020,M1,year,12.741727,0.0
32,South Africa,biomass_t_d,2030,2030,M1,year,12.727171,0.0
33,South Africa,biomass_t_d,2040,2040,M1,year,10.51173,0.0
34,South Africa,biomass_t_d,2050,2050,M1,year,7.765947,0.0
35,South Africa,biomass_t_d,2060,2060,M1,year,4.6630645,0.0
36,South Africa,biomass_t_d,2070,2070,M1,year,1.5322998,0.0
37,South Africa,biomass_i,1995,1995,M1,year,0.0,0.0
38,South Africa,biomass_i,1995,2000,M1,year,0.0,0.0
39,South Africa,biomass_i,1995,2005,M1,year,0.0,0.0
40,South Africa,biomass_i,1995,2010,M1,year,0.0,0.0
41,South Africa,biomass_i,1995,2020,M1,year,0.0,57.502247
42,South Africa,biomass_i,2000,2000,M1,year,0.0,0.0
43,South Africa,biomass_i,2000,2005,M1,year,0.0,0.0
44,South Africa,biomass_i,2000,2010,M1,year,0.0,0.0
45,South Africa,biomass_i,2000,2020,M1,year,0.0,0.0
46,South Africa,biomass_i,2005,2005,M1,year,0.0,0.0
47,South Africa,biomass_i,2005,2010,M1,year,0.0,0.0
48,South Africa,biomass_i,2005,2020,M1,year,0.0,0.0
49,South Africa,biomass_i,2005,2030,M1,year,0.0,0.0
50,South Africa,biomass_i,2010,2010,M1,year,0.0,0.0
51,South Africa,biomass_i,2010,2020,M1,year,0.0,0.0
52,South Africa,biomass_i,2010,2030,M1,year,0.0,0.0
53,South Africa,biomass_i,2020,2020,M1,year,1.6079788,0.0
54,South Africa,biomass_i,2020,2030,M1,year,0.0,0.0
55,South Africa,biomass_i,2020,2040,M1,year,0.0,3.6681087
56,South Africa,biomass_i,2030,2030,M1,year,0.96275634,0.0
57,South Africa,biomass_i,2030,2040,M1,year,0.0,0.0
58,South Africa,biomass_i,2030,2050,M1,year,0.0,1.841921
59,South Africa,biomass_i,2040,2040,M1,year,0.5764378,0.0
60,South Africa,biomass_i,2040,2050,M1,year,0.0,0.0
61,South Africa,biomass_i,2040,2060,M1,year,0.0,2.603753
62,South Africa,biomass_i,2050,2050,M1,year,0.3451346,0.0
63,South Africa,biomass_i,2050,2060,M1,year,0.0,0.0
64,South Africa,biomass_i,2050,2070,M1,year,0.0,1.705134
65,South Africa,biomass_i,2060,2060,M1,year,0.20664482,0.0
66,South Africa,biomass_i,2060,2070,M1,year,0.0,1.705134
67,South Africa,biomass_i,2070,2070,M1,year,0.12372588,0.0
68,South Africa,biomass_rc,1995,1995,M1,year,0.0,0.0
69,South Africa,biomass_rc,2000,2000,M1,year,0.0,0.0
70,South Africa,biomass_rc,2005,2005,M1,year,0.0,0.0
71,South Africa,biomass_rc,2010,2010,M1,year,0.0,0.0
72,South Africa,biomass_rc,2020,2020,M1,year,3.9481344,0.0
73,South Africa,biomass_rc,2030,2030,M1,year,4.9929214,0.0
74,South Africa,biomass_rc,2040,2040,M1,year,4.7909956,0.0
75,South Africa,biomass_rc,2050,2050,M1,year,3.9792335,0.0
76,South Africa,biomass_rc,2060,2060,M1,year,2.6459682,0.0
77,South Africa,biomass_rc,2070,2070,M1,year,0.9225921,0.0
78,South Africa,biomass_nc,1990,1990,M1,year,0.0,0.0
79,South Africa,biomass_nc,1990,1995,M1,year,0.0,0.0
80,South Africa,biomass_nc,1995,1995,M1,year,0.0,0.0
81,South Africa,biomass_nc,1995,2000,M1,year,0.0,0.0
82,South Africa,biomass_nc,2000,2000,M1,year,0.0,0.0
83,South Africa,biomass_nc,2000,2005,M1,year,0.0,0.0
84,South Africa,biomass_nc,2005,2005,M1,year,0.0,0.0
85,South Africa,biomass_nc,2005,2010,M1,year,0.0,0.0
86,South Africa,biomass_nc,2010,2010,M1,year,0.0,0.0
87,South Africa,biomass_nc,2010,2020,M1,year,0.0,0.0
88,South Africa,biomass_nc,2020,2020,M1,year,0.0,167.21317
89,South Africa,biomass_nc,2030,2030,M1,year,0.0,102.65438
90,South Africa,biomass_nc,2040,2040,M1,year,0.0,63.020885
91,South Africa,biomass_nc,2050,2050,M1,year,0.0,38.689354
92,South Africa,biomass_nc,2060,2060,M1,year,0.0,23.751907
93,South Africa,biomass_nc,2070,2070,M1,year,0.0,14.581611
94,South Africa,coal_extr,1990,1990,M1,year,0.0,0.0
95,South Africa,coal_extr,1990,1995,M1,year,0.0,0.0
96,South Africa,coal_extr,1995,1995,M1,year,0.0,0.0
97,South Africa,coal_extr,1995,2000,M1,year,0.0,0.0
98,South Africa,coal_extr,2000,2000,M1,year,0.0,0.0
99,South Africa,coal_extr,2000,2005,M1,year,0.0,0.0
100,South Africa,coal_extr,2005,2005,M1,year,0.0,0.0
101,South Africa,coal_extr,2005,2010,M1,year,0.0,0.0
102,South Africa,coal_extr,2010,2010,M1,year,0.0,0.0
103,South Africa,coal_extr,2010,2020,M1,year,0.0,46.623486
104,South Africa,coal_extr,2020,2020,M1,year,194.0,0.0
105,South Africa,coal_extr,2030,2030,M1,year,225.44405,0.0
106,South Africa,coal_extr,2040,2040,M1,year,239.64537,0.0
107,South Africa,coal_extr,2050,2050,M1,year,271.4802,0.0
108,South Africa,coal_extr,2060,2060,M1,year,322.63254,0.0
109,South Africa,coal_extr,2070,2070,M1,year,401.017,0.0
110,South Africa,coal_bal,1990,1990,M1,year,0.0,0.0
111,South Africa,coal_bal,1995,1995,M1,year,0.0,0.0
112,South Africa,coal_bal,2000,2000,M1,year,0.0,0.0
113,South Africa,coal_bal,2005,2005,M1,year,0.0,0.0
114,South Africa,coal_bal,2010,2010,M1,year,0.0,0.0
115,South Africa,coal_bal,2020,2020,M1,year,113.601585,0.0
116,South Africa,coal_bal,2030,2030,M1,year,158.51955,0.0
117,South Africa,coal_bal,2040,2040,M1,year,199.35452,0.0
118,South Africa,coal_bal,2050,2050,M1,year,238.55965,0.0
119,South Africa,coal_bal,2060,2060,M1,year,295.73404,0.0
120,South Africa,coal_bal,2070,2070,M1,year,379.03897,0.0
121,South Africa,coal_adv,2010,2010,M1,year,0.0,0.0
122,South Africa,coal_adv,2010,2020,M1,year,0.0,0.0
123,South Africa,coal_adv,2010,2030,M1,year,0.0,0.0
124,South Africa,coal_adv,2010,2040,M1,year,0.0,0.0
125,South Africa,coal_adv,2020,2020,M1,year,3.0385861,0.0
126,South Africa,coal_adv,2020,2030,M1,year,3.0385861,0.0
127,South Africa,coal_adv,2020,2040,M1,year,3.0385861,0.0
128,South Africa,coal_adv,2030,2030,M1,year,1.0594894,0.0
129,South Africa,coal_adv,2030,2040,M1,year,1.0594894,0.0
130,South Africa,coal_adv,2030,2050,M1,year,1.0594894,0.0
131,South Africa,coal_adv,2040,2040,M1,year,0.36942112,0.0
132,South Africa,coal_adv,2040,2050,M1,year,0.36942112,0.0
133,South Africa,coal_adv,2040,2060,M1,year,0.36942112,0.0
134,South Africa,coal_adv,2050,2050,M1,year,3.441683,0.0
135,South Africa,coal_adv,2050,2060,M1,year,3.441683,0.0
136,South Africa,coal_adv,2050,2070,M1,year,3.441683,0.0
137,South Africa,coal_adv,2060,2060,M1,year,1.2000407,0.0
138,South Africa,coal_adv,2060,2070,M1,year,1.2000407,0.0
139,South Africa,coal_adv,2070,2070,M1,year,0.4184283,0.0
140,South Africa,coal_adv_ccs,2020,2020,M1,year,0.0,0.0
141,South Africa,coal_adv_ccs,2020,2030,M1,year,0.0,0.0
142,South Africa,coal_adv_ccs,2020,2040,M1,year,0.0,1.2170433
143,South Africa,coal_adv_ccs,2030,2030,M1,year,0.0,42.53754
144,South Africa,coal_adv_ccs,2030,2040,M1,year,0.0,1.2170433
145,South Africa,coal_adv_ccs,2030,2050,M1,year,0.0,0.0
146,South Africa,coal_adv_ccs,2040,2040,M1,year,0.0,1.2170433
147,South Africa,coal_adv_ccs,2040,2050,M1,year,0.0,0.0
148,South Africa,coal_adv_ccs,2040,2060,M1,year,0.0,0.0
149,South Africa,coal_adv_ccs,2050,2050,M1,year,0.0,0.0
150,South Africa,coal_adv_ccs,2050,2060,M1,year,0.0,0.0
151,South Africa,coal_adv_ccs,2050,2070,M1,year,0.0,0.0
152,South Africa,coal_adv_ccs,2060,2060,M1,year,0.0,0.0
153,South Africa,coal_adv_ccs,2060,2070,M1,year,0.0,0.0
154,South Africa,coal_adv_ccs,2070,2070,M1,year,0.0,0.0
155,South Africa,coal_ppl,1970,1995,M1,year,0.0,0.0
156,South Africa,coal_ppl,1975,1995,M1,year,0.0,0.0
157,South Africa,coal_ppl,1975,2000,M1,year,0.0,0.0
158,South Africa,coal_ppl,1980,1995,M1,year,0.0,0.0
159,South Africa,coal_ppl,1980,2000,M1,year,0.0,0.0
160,South Africa,coal_ppl,1980,2005,M1,year,0.0,0.0
161,South Africa,coal_ppl,1985,1995,M1,year,0.0,0.0
162,South Africa,coal_ppl,1985,2000,M1,year,0.0,0.0
163,South Africa,coal_ppl,1985,2005,M1,year,0.0,0.0
164,South Africa,coal_ppl,1985,2010,M1,year,0.0,0.0
165,South Africa,coal_ppl,1990,1995,M1,year,0.0,0.0
166,South Africa,coal_ppl,1990,2000,M1,year,0.0,0.0
167,South Africa,coal_ppl,1990,2005,M1,year,0.0,0.0
168,South Africa,coal_ppl,1990,2010,M1,year,0.0,0.0
169,South Africa,coal_ppl,1990,2020,M1,year,0.0,1.2972528
170,South Africa,coal_ppl,1995,1995,M1,year,0.0,0.0
171,South Africa,coal_ppl,1995,2000,M1,year,0.0,0.0
172,South Africa,coal_ppl,1995,2005,M1,year,0.0,0.0
173,South Africa,coal_ppl,1995,2010,M1,year,0.0,0.0
174,South Africa,coal_ppl,1995,2020,M1,year,1.6966002,0.0
175,South Africa,coal_ppl,2000,2000,M1,year,0.0,0.0
176,South Africa,coal_ppl,2000,2005,M1,year,0.0,0.0
177,South Africa,coal_ppl,2000,2010,M1,year,0.0,0.0
178,South Africa,coal_ppl,2000,2020,M1,year,1.81815,0.0
179,South Africa,coal_ppl,2000,2030,M1,year,0.0,0.0
180,South Africa,coal_ppl,2005,2005,M1,year,0.0,0.0
181,South Africa,coal_ppl,2005,2010,M1,year,0.0,0.0
182,South Africa,coal_ppl,2005,2020,M1,year,3.26655,0.0
183,South Africa,coal_ppl,2005,2030,M1,year,3.26655,0.0
184,South Africa,coal_ppl,2010,2010,M1,year,0.0,0.0
185,South Africa,coal_ppl,2010,2020,M1,year,0.0,0.0
186,South Africa,coal_ppl,2010,2030,M1,year,0.0,0.0
187,South Africa,coal_ppl,2010,2040,M1,year,0.0,0.0
188,South Africa,coal_ppl,2020,2020,M1,year,21.943266,0.0
189,South Africa,coal_ppl,2020,2030,M1,year,21.943266,0.0
190,South Africa,coal_ppl,2020,2040,M1,year,21.943266,0.0
191,South Africa,coal_ppl,2030,2030,M1,year,16.883417,0.0
192,South Africa,coal_ppl,2030,2040,M1,year,16.883417,0.0
193,South Africa,coal_ppl,2030,2050,M1,year,16.883417,0.0
194,South Africa,coal_ppl,2040,2040,M1,year,16.317749,0.0
195,South Africa,coal_ppl,2040,2050,M1,year,16.317749,0.0
196,South Africa,coal_ppl,2040,2060,M1,year,16.317749,0.0
197,South Africa,coal_ppl,2050,2050,M1,year,25.5,0.0
198,South Africa,coal_ppl,2050,2060,M1,year,25.5,0.0
199,South Africa,coal_ppl,2050,2070,M1,year,25.5,0.0
200,South Africa,coal_ppl,2060,2060,M1,year,25.5,0.0
201,South Africa,coal_ppl,2060,2070,M1,year,25.5,0.0
202,South Africa,coal_ppl,2070,2070,M1,year,25.5,0.0
203,South Africa,igcc,2010,2010,M1,year,0.0,0.0
204,South Africa,igcc,2010,2020,M1,year,0.0,0.0
205,South Africa,igcc,2010,2030,M1,year,0.0,0.0
206,South Africa,igcc,2010,2040,M1,year,0.0,0.0
207,South Africa,igcc,2020,2020,M1,year,1.4915007,0.0
208,South Africa,igcc,2020,2030,M1,year,1.4915007,0.0
209,South Africa,igcc,2020,2040,M1,year,1.4915007,0.0
210,South Africa,igcc,2030,2030,M1,year,0.52005416,0.0
211,South Africa,igcc,2030,2040,M1,year,0.52005416,0.0
212,South Africa,igcc,2030,2050,M1,year,0.52005416,0.0
213,South Africa,igcc,2040,2040,M1,year,0.18133166,0.0
214,South Africa,igcc,2040,2050,M1,year,0.18133166,0.0
215,South Africa,igcc,2040,2060,M1,year,0.18133166,0.0
216,South Africa,igcc,2050,2050,M1,year,7.5285606,0.0
217,South Africa,igcc,2050,2060,M1,year,7.5285606,0.0
218,South Africa,igcc,2050,2070,M1,year,7.5285606,0.0
219,South Africa,igcc,2060,2060,M1,year,5.0326867,0.0
220,South Africa,igcc,2060,2070,M1,year,5.0326867,0.0
221,South Africa,igcc,2070,2070,M1,year,11.312644,0.0
222,South Africa,igcc_ccs,2020,2020,M1,year,0.0,1.1643312
223,South Africa,igcc_ccs,2020,2030,M1,year,0.0,0.0
224,South Africa,igcc_ccs,2020,2040,M1,year,0.0,1.5500385
225,South Africa,igcc_ccs,2030,2030,M1,year,0.0,39.86151
226,South Africa,igcc_ccs,2030,2040,M1,year,0.0,1.5500385
227,South Africa,igcc_ccs,2030,2050,M1,year,0.0,0.0
228,South Africa,igcc_ccs,2040,2040,M1,year,0.0,1.5500385
229,South Africa,igcc_ccs,2040,2050,M1,year,0.0,0.0
230,South Africa,igcc_ccs,2040,2060,M1,year,0.0,0.0
231,South Africa,igcc_ccs,2050,2050,M1,year,0.0,0.0
232,South Africa,igcc_ccs,2050,2060,M1,year,0.0,0.0
233,South Africa,igcc_ccs,2050,2070,M1,year,0.0,0.0
234,South Africa,igcc_ccs,2060,2060,M1,year,0.0,0.0
235,South Africa,igcc_ccs,2060,2070,M1,year,0.0,0.0
236,South Africa,igcc_ccs,2070,2070,M1,year,0.0,0.0
237,South Africa,coal_t_d,1990,1990,M1,year,0.0,0.0
238,South Africa,coal_t_d,1995,1995,M1,year,0.0,0.0
239,South Africa,coal_t_d,2000,2000,M1,year,0.0,0.0
240,South Africa,coal_t_d,2005,2005,M1,year,0.0,0.0
241,South Africa,coal_t_d,2010,2010,M1,year,0.0,0.0
242,South Africa,coal_t_d,2020,2020,M1,year,19.796131,0.0
243,South Africa,coal_t_d,2030,2030,M1,year,22.440016,0.0
244,South Africa,coal_t_d,2040,2040,M1,year,25.44467,0.0
245,South Africa,coal_t_d,2050,2050,M1,year,26.921131,0.0
246,South Africa,coal_t_d,2060,2060,M1,year,30.04633,0.0
247,South Africa,coal_t_d,2070,2070,M1,year,31.070631,0.0
248,South Africa,coal_fs,1990,1990,M1,year,0.0,0.0
249,South Africa,coal_fs,1995,1995,M1,year,0.0,0.0
250,South Africa,coal_fs,2000,2000,M1,year,0.0,0.0
251,South Africa,coal_fs,2005,2005,M1,year,0.0,0.0
252,South Africa,coal_fs,2010,2010,M1,year,0.0,0.0
253,South Africa,coal_fs,2020,2020,M1,year,1.7081412,0.0
254,South Africa,coal_fs,2030,2030,M1,year,2.1685283,0.0
255,South Africa,coal_fs,2040,2040,M1,year,3.0,0.0
256,South Africa,coal_fs,2050,2050,M1,year,3.4,0.0
257,South Africa,coal_fs,2060,2060,M1,year,3.8000002,0.0
258,South Africa,coal_fs,2070,2070,M1,year,4.2000003,0.0
259,South Africa,coal_i,1990,1990,M1,year,0.0,0.0
260,South Africa,coal_i,1990,1995,M1,year,0.0,0.0
261,South Africa,coal_i,1990,2000,M1,year,0.0,0.0
262,South Africa,coal_i,1990,2005,M1,year,0.0,0.0
263,South Africa,coal_i,1990,2010,M1,year,0.0,0.0
264,South Africa,coal_i,1995,1995,M1,year,0.0,0.0
265,South Africa,coal_i,1995,2000,M1,year,0.0,0.0
266,South Africa,coal_i,1995,2005,M1,year,0.0,0.0
267,South Africa,coal_i,1995,2010,M1,year,0.0,0.0
268,South Africa,coal_i,1995,2020,M1,year,0.0,0.0
269,South Africa,coal_i,2000,2000,M1,year,0.0,0.0
270,South Africa,coal_i,2000,2005,M1,year,0.0,0.0
271,South Africa,coal_i,2000,2010,M1,year,0.0,0.0
272,South Africa,coal_i,2000,2020,M1,year,0.0,0.0
273,South Africa,coal_i,2005,2005,M1,year,0.0,0.0
274,South Africa,coal_i,2005,2010,M1,year,0.0,0.0
275,South Africa,coal_i,2005,2020,M1,year,0.0,0.0
276,South Africa,coal_i,2005,2030,M1,year,0.0,0.0
277,South Africa,coal_i,2010,2010,M1,year,0.0,0.0
278,South Africa,coal_i,2010,2020,M1,year,0.0,0.0
279,South Africa,coal_i,2010,2030,M1,year,0.0,0.0
280,South Africa,coal_i,2020,2020,M1,year,6.7243056,0.0
281,South Africa,coal_i,2020,2030,M1,year,6.7243056,0.0
282,South Africa,coal_i,2020,2040,M1,year,3.3621528,0.0
283,South Africa,coal_i,2030,2030,M1,year,4.2214394,0.0
284,South Africa,coal_i,2030,2040,M1,year,4.2214394,0.0
285,South Africa,coal_i,2030,2050,M1,year,2.1107197,0.0
286,South Africa,coal_i,2040,2040,M1,year,6.439942,0.0
287,South Africa,coal_i,2040,2050,M1,year,6.439942,0.0
288,South Africa,coal_i,2040,2060,M1,year,3.219971,0.0
289,South Africa,coal_i,2050,2050,M1,year,7.3299923,0.0
290,South Africa,coal_i,2050,2060,M1,year,5.5484314,0.0
291,South Africa,coal_i,2050,2070,M1,year,0.0,0.70110023
292,South Africa,coal_i,2060,2060,M1,year,8.701276,0.0
293,South Africa,coal_i,2060,2070,M1,year,0.0,0.70110023
294,South Africa,coal_i,2070,2070,M1,year,18.261276,0.0
295,South Africa,coal_rc,1990,1990,M1,year,0.0,0.0
296,South Africa,coal_rc,1995,1995,M1,year,0.0,0.0
297,South Africa,coal_rc,2000,2000,M1,year,0.0,0.0
298,South Africa,coal_rc,2005,2005,M1,year,0.0,0.0
299,South Africa,coal_rc,2010,2010,M1,year,0.0,0.0
300,South Africa,coal_rc,2020,2020,M1,year,2.3669407,0.0
301,South Africa,coal_rc,2030,2030,M1,year,0.8253012,0.0
302,South Africa,coal_rc,2040,2040,M1,year,0.28776473,0.0
303,South Africa,coal_rc,2050,2050,M1,year,0.10033736,0.0
304,South Africa,coal_rc,2060,2060,M1,year,0.03498547,0.0
305,South Africa,coal_rc,2070,2070,M1,year,0.012198679,0.0
306,South Africa,gas_bal,1990,1990,M1,year,0.0,0.0
307,South Africa,gas_bal,1995,1995,M1,year,0.0,0.0
308,South Africa,gas_bal,2000,2000,M1,year,0.0,0.0
309,South Africa,gas_bal,2005,2005,M1,year,0.0,0.0
310,South Africa,gas_bal,2010,2010,M1,year,0.0,0.0
311,South Africa,gas_bal,2020,2020,M1,year,0.028334958,0.0
312,South Africa,gas_bal,2030,2030,M1,year,0.0,53.222385
313,South Africa,gas_bal,2040,2040,M1,year,0.0,56.356506
314,South Africa,gas_bal,2050,2050,M1,year,0.0,57.38374
315,South Africa,gas_bal,2060,2060,M1,year,0.0,54.989666
316,South Africa,gas_bal,2070,2070,M1,year,0.0,58.699333
317,South Africa,gas_cc,1995,1995,M1,year,0.0,0.0
318,South Africa,gas_cc,1995,2000,M1,year,0.0,0.0
319,South Africa,gas_cc,1995,2005,M1,year,0.0,0.0
320,South Africa,gas_cc,1995,2010,M1,year,0.0,0.0
321,South Africa,gas_cc,1995,2020,M1,year,0.0,0.0
322,South Africa,gas_cc,2000,2000,M1,year,0.0,0.0
323,South Africa,gas_cc,2000,2005,M1,year,0.0,0.0
324,South Africa,gas_cc,2000,2010,M1,year,0.0,0.0
325,South Africa,gas_cc,2000,2020,M1,year,0.0,0.0
326,South Africa,gas_cc,2000,2030,M1,year,0.0,0.0
327,South Africa,gas_cc,2005,2005,M1,year,0.0,0.0
328,South Africa,gas_cc,2005,2010,M1,year,0.0,0.0
329,South Africa,gas_cc,2005,2020,M1,year,0.0,0.0
330,South Africa,gas_cc,2005,2030,M1,year,0.0,41.038815
331,South Africa,gas_cc,2010,2010,M1,year,0.0,0.0
332,South Africa,gas_cc,2010,2020,M1,year,0.0,0.0
333,South Africa,gas_cc,2010,2030,M1,year,0.0,41.038815
334,South Africa,gas_cc,2010,2040,M1,year,0.0,0.0
335,South Africa,gas_cc,2020,2020,M1,year,2.3320312,0.0
336,South Africa,gas_cc,2020,2030,M1,year,1.9260349,0.0
337,South Africa,gas_cc,2020,2040,M1,year,1.9260349,0.0
338,South Africa,gas_cc,2030,2030,M1,year,2.2580957,0.0
339,South Africa,gas_cc,2030,2040,M1,year,2.2580957,0.0
340,South Africa,gas_cc,2030,2050,M1,year,2.2580957,0.0
341,South Africa,gas_cc,2040,2040,M1,year,1.294364,0.0
342,South Africa,gas_cc,2040,2050,M1,year,1.294364,0.0
343,South Africa,gas_cc,2040,2060,M1,year,1.294364,0.0
344,South Africa,gas_cc,2050,2050,M1,year,3.0,0.0
345,South Africa,gas_cc,2050,2060,M1,year,3.0,0.0
346,South Africa,gas_cc,2050,2070,M1,year,3.0,0.0
347,South Africa,gas_cc,2060,2060,M1,year,3.0,0.0
348,South Africa,gas_cc,2060,2070,M1,year,3.0,0.0
349,South Africa,gas_cc,2070,2070,M1,year,2.4626622,0.0
350,South Africa,gas_cc_ccs,2020,2020,M1,year,0.0,0.0
351,South Africa,gas_cc_ccs,2020,2030,M1,year,0.0,52.571884
352,South Africa,gas_cc_ccs,2020,2040,M1,year,0.0,33.849674
353,South Africa,gas_cc_ccs,2030,2030,M1,year,0.0,52.571884
354,South Africa,gas_cc_ccs,2030,2040,M1,year,0.0,33.849674
355,South Africa,gas_cc_ccs,2030,2050,M1,year,0.0,13.885331
356,South Africa,gas_cc_ccs,2040,2040,M1,year,0.0,33.849674
357,South Africa,gas_cc_ccs,2040,2050,M1,year,0.0,13.885331
358,South Africa,gas_cc_ccs,2040,2060,M1,year,0.0,14.533945
359,South Africa,gas_cc_ccs,2050,2050,M1,year,0.0,13.885331
360,South Africa,gas_cc_ccs,2050,2060,M1,year,0.0,14.533945
361,South Africa,gas_cc_ccs,2050,2070,M1,year,0.0,3.5803313
362,South Africa,gas_cc_ccs,2060,2060,M1,year,0.0,0.0
363,South Africa,gas_cc_ccs,2060,2070,M1,year,0.0,3.5803313
364,South Africa,gas_cc_ccs,2070,2070,M1,year,0.0,3.5803313
365,South Africa,gas_ct,1990,1990,M1,year,0.0,0.0
366,South Africa,gas_ct,1990,1995,M1,year,0.0,0.0
367,South Africa,gas_ct,1990,2000,M1,year,0.0,0.0
368,South Africa,gas_ct,1990,2005,M1,year,0.0,0.0
369,South Africa,gas_ct,1990,2010,M1,year,0.0,0.0
370,South Africa,gas_ct,1990,2020,M1,year,0.0,8.651079
371,South Africa,gas_ct,1995,1995,M1,year,0.0,0.0
372,South Africa,gas_ct,1995,2000,M1,year,0.0,0.0
373,South Africa,gas_ct,1995,2005,M1,year,0.0,0.0
374,South Africa,gas_ct,1995,2010,M1,year,0.0,0.0
375,South Africa,gas_ct,1995,2020,M1,year,0.0,90.02814
376,South Africa,gas_ct,2000,2000,M1,year,0.0,0.0
377,South Africa,gas_ct,2000,2005,M1,year,0.0,0.0
378,South Africa,gas_ct,2000,2010,M1,year,0.0,0.0
379,South Africa,gas_ct,2000,2020,M1,year,0.0,90.02814
380,South Africa,gas_ct,2000,2030,M1,year,0.0,0.0
381,South Africa,gas_ct,2005,2005,M1,year,0.0,0.0
382,South Africa,gas_ct,2005,2010,M1,year,0.0,0.0
383,South Africa,gas_ct,2005,2020,M1,year,0.0,90.02814
384,South Africa,gas_ct,2005,2030,M1,year,0.0,49.371006
385,South Africa,gas_ct,2010,2010,M1,year,0.0,0.0
386,South Africa,gas_ct,2010,2020,M1,year,0.0,90.02814
387,South Africa,gas_ct,2010,2030,M1,year,0.0,49.371006
388,South Africa,gas_ct,2010,2040,M1,year,0.0,0.0
389,South Africa,gas_ct,2020,2020,M1,year,0.0,87.97359
390,South Africa,gas_ct,2020,2030,M1,year,0.0,0.0
391,South Africa,gas_ct,2020,2040,M1,year,0.0,0.0
392,South Africa,gas_ct,2030,2030,M1,year,0.0,0.0
393,South Africa,gas_ct,2030,2040,M1,year,0.0,0.0
394,South Africa,gas_ct,2030,2050,M1,year,0.0,19.234217
395,South Africa,gas_ct,2040,2040,M1,year,0.0,0.0
396,South Africa,gas_ct,2040,2050,M1,year,0.0,0.0
397,South Africa,gas_ct,2040,2060,M1,year,0.0,13.292659
398,South Africa,gas_ct,2050,2050,M1,year,0.6723303,0.0
399,South Africa,gas_ct,2050,2060,M1,year,0.6723303,0.0
400,South Africa,gas_ct,2050,2070,M1,year,0.6723303,0.0
401,South Africa,gas_ct,2060,2060,M1,year,0.9533012,0.0
402,South Africa,gas_ct,2060,2070,M1,year,0.9533012,0.0
403,South Africa,gas_ct,2070,2070,M1,year,0.33239555,0.0
404,South Africa,gas_ppl,1980,1990,M1,year,0.0,0.0
405,South Africa,gas_ppl,1980,1995,M1,year,0.0,0.0
406,South Africa,gas_ppl,1980,2000,M1,year,0.0,0.0
407,South Africa,gas_ppl,1980,2005,M1,year,0.0,0.0
408,South Africa,gas_ppl,1985,1990,M1,year,0.0,0.0
409,South Africa,gas_ppl,1985,1995,M1,year,0.0,0.0
410,South Africa,gas_ppl,1985,2000,M1,year,0.0,0.0
411,South Africa,gas_ppl,1985,2005,M1,year,0.0,0.0
412,South Africa,gas_ppl,1985,2010,M1,year,0.0,0.0
413,South Africa,gas_ppl,1990,1990,M1,year,0.0,0.0
414,South Africa,gas_ppl,1990,1995,M1,year,0.0,0.0
415,South Africa,gas_ppl,1990,2000,M1,year,0.0,0.0
416,South Africa,gas_ppl,1990,2005,M1,year,0.0,0.0
417,South Africa,gas_ppl,1990,2010,M1,year,0.0,0.0
418,South Africa,gas_ppl,1990,2020,M1,year,0.0,0.0
419,South Africa,gas_ppl,1995,1995,M1,year,0.0,0.0
420,South Africa,gas_ppl,1995,2000,M1,year,0.0,0.0
421,South Africa,gas_ppl,1995,2005,M1,year,0.0,0.0
422,South Africa,gas_ppl,1995,2010,M1,year,0.0,0.0
423,South Africa,gas_ppl,1995,2020,M1,year,0.0,81.37705
424,South Africa,gas_ppl,2000,2000,M1,year,0.0,0.0
425,South Africa,gas_ppl,2000,2005,M1,year,0.0,0.0
426,South Africa,gas_ppl,2000,2010,M1,year,0.0,0.0
427,South Africa,gas_ppl,2000,2020,M1,year,0.0,81.37705
428,South Africa,gas_ppl,2000,2030,M1,year,0.0,0.0
429,South Africa,gas_ppl,2005,2005,M1,year,0.0,0.0
430,South Africa,gas_ppl,2005,2010,M1,year,0.0,0.0
431,South Africa,gas_ppl,2005,2020,M1,year,0.0,0.0
432,South Africa,gas_ppl,2005,2030,M1,year,0.0,11.54725
433,South Africa,gas_ppl,2010,2010,M1,year,0.0,0.0
434,South Africa,gas_ppl,2010,2020,M1,year,0.0,0.0
435,South Africa,gas_ppl,2010,2030,M1,year,0.0,11.54725
436,South Africa,gas_ppl,2010,2040,M1,year,0.0,0.0
437,South Africa,gas_ppl,2020,2020,M1,year,0.029513957,0.0
438,South Africa,gas_ppl,2020,2030,M1,year,0.0,0.0
439,South Africa,gas_ppl,2020,2040,M1,year,0.0,38.753498
440,South Africa,gas_ppl,2030,2030,M1,year,0.010290881,0.0
441,South Africa,gas_ppl,2030,2040,M1,year,0.0,25.818035
442,South Africa,gas_ppl,2030,2050,M1,year,0.0,0.0
443,South Africa,gas_ppl,2040,2040,M1,year,0.0035882082,0.0
444,South Africa,gas_ppl,2040,2050,M1,year,0.0035882082,0.0
445,South Africa,gas_ppl,2040,2060,M1,year,0.0035882082,0.0
446,South Africa,gas_ppl,2050,2050,M1,year,0.0012511308,0.0
447,South Africa,gas_ppl,2050,2060,M1,year,0.0012511308,0.0
448,South Africa,gas_ppl,2050,2070,M1,year,0.0012511308,0.0
449,South Africa,gas_ppl,2060,2060,M1,year,0.00043624232,0.0
450,South Africa,gas_ppl,2060,2070,M1,year,0.00043624232,0.0
451,South Africa,gas_ppl,2070,2070,M1,year,0.00015210829,0.0
452,South Africa,gas_t_d,1990,1990,M1,year,0.0,0.0
453,South Africa,gas_t_d,1990,1995,M1,year,0.0,0.0
454,South Africa,gas_t_d,1990,2000,M1,year,0.0,0.0
455,South Africa,gas_t_d,1990,2005,M1,year,0.0,0.0
456,South Africa,gas_t_d,1990,2010,M1,year,0.0,0.0
457,South Africa,gas_t_d,1990,2020,M1,year,0.0,0.0
458,South Africa,gas_t_d,1990,2030,M1,year,0.0,0.0
459,South Africa,gas_t_d,1995,1995,M1,year,0.0,0.0
460,South Africa,gas_t_d,1995,2000,M1,year,0.0,0.0
461,South Africa,gas_t_d,1995,2005,M1,year,0.0,0.0
462,South Africa,gas_t_d,1995,2010,M1,year,0.0,0.0
463,South Africa,gas_t_d,1995,2020,M1,year,0.0,0.0
464,South Africa,gas_t_d,1995,2030,M1,year,0.0,0.0
465,South Africa,gas_t_d,2000,2000,M1,year,0.0,0.0
466,South Africa,gas_t_d,2000,2005,M1,year,0.0,0.0
467,South Africa,gas_t_d,2000,2010,M1,year,0.0,0.0
468,South Africa,gas_t_d,2000,2020,M1,year,0.0,0.0
469,South Africa,gas_t_d,2000,2030,M1,year,0.0,0.0
470,South Africa,gas_t_d,2000,2040,M1,year,0.0,0.0
471,South Africa,gas_t_d,2005,2005,M1,year,0.0,0.0
472,South Africa,gas_t_d,2005,2010,M1,year,0.0,0.0
473,South Africa,gas_t_d,2005,2020,M1,year,0.0,0.0
474,South Africa,gas_t_d,2005,2030,M1,year,0.0,0.0
475,South Africa,gas_t_d,2005,2040,M1,year,0.0,0.0
476,South Africa,gas_t_d,2010,2010,M1,year,0.0,0.0
477,South Africa,gas_t_d,2010,2020,M1,year,0.0,0.0
478,South Africa,gas_t_d,2010,2030,M1,year,0.0,0.0
479,South Africa,gas_t_d,2010,2040,M1,year,0.0,0.0
480,South Africa,gas_t_d,2010,2050,M1,year,0.0,0.0
481,South Africa,gas_t_d,2020,2020,M1,year,1.4621044,0.0
482,South Africa,gas_t_d,2020,2030,M1,year,1.4621044,0.0
483,South Africa,gas_t_d,2020,2040,M1,year,1.4621044,0.0
484,South Africa,gas_t_d,2020,2050,M1,year,0.0,0.13664272
485,South Africa,gas_t_d,2030,2030,M1,year,0.019295467,0.0
486,South Africa,gas_t_d,2030,2040,M1,year,0.019295467,0.0
487,South Africa,gas_t_d,2030,2050,M1,year,0.019295467,0.0
488,South Africa,gas_t_d,2030,2060,M1,year,0.019295467,0.0
489,South Africa,gas_t_d,2040,2040,M1,year,0.6829707,0.0
490,South Africa,gas_t_d,2040,2050,M1,year,0.6829707,0.0
491,South Africa,gas_t_d,2040,2060,M1,year,0.6829707,0.0
492,South Africa,gas_t_d,2040,2070,M1,year,0.6829707,0.0
493,South Africa,gas_t_d,2050,2050,M1,year,2.9476385,0.0
494,South Africa,gas_t_d,2050,2060,M1,year,2.9476385,0.0
495,South Africa,gas_t_d,2050,2070,M1,year,2.9476385,0.0
496,South Africa,gas_t_d,2060,2060,M1,year,2.6462035,0.0
497,South Africa,gas_t_d,2060,2070,M1,year,2.6462035,0.0
498,South Africa,gas_t_d,2070,2070,M1,year,4.426921,0.0
499,South Africa,gas_fs,1995,1995,M1,year,0.0,0.0
500,South Africa,gas_fs,2000,2000,M1,year,0.0,0.0
501,South Africa,gas_fs,2005,2005,M1,year,0.0,0.0
502,South Africa,gas_fs,2010,2010,M1,year,0.0,0.0
503,South Africa,gas_fs,2020,2020,M1,year,0.0,156.68254
504,South Africa,gas_fs,2030,2030,M1,year,0.0,0.0
505,South Africa,gas_fs,2040,2040,M1,year,0.0,9.327946
506,South Africa,gas_fs,2050,2050,M1,year,0.0,4.3576384
507,South Africa,gas_fs,2060,2060,M1,year,0.0,5.8743677
508,South Africa,gas_fs,2070,2070,M1,year,0.0,0.0
509,South Africa,gas_i,1990,1990,M1,year,0.0,0.0
510,South Africa,gas_i,1990,1995,M1,year,0.0,0.0
511,South Africa,gas_i,1990,2000,M1,year,0.0,0.0
512,South Africa,gas_i,1990,2005,M1,year,0.0,0.0
513,South Africa,gas_i,1990,2010,M1,year,0.0,0.0
514,South Africa,gas_i,1995,1995,M1,year,0.0,0.0
515,South Africa,gas_i,1995,2000,M1,year,0.0,0.0
516,South Africa,gas_i,1995,2005,M1,year,0.0,0.0
517,South Africa,gas_i,1995,2010,M1,year,0.0,0.0
518,South Africa,gas_i,1995,2020,M1,year,0.0,0.0
519,South Africa,gas_i,2000,2000,M1,year,0.0,0.0
520,South Africa,gas_i,2000,2005,M1,year,0.0,0.0
521,South Africa,gas_i,2000,2010,M1,year,0.0,0.0
522,South Africa,gas_i,2000,2020,M1,year,0.0,0.0
523,South Africa,gas_i,2005,2005,M1,year,0.0,0.0
524,South Africa,gas_i,2005,2010,M1,year,0.0,0.0
525,South Africa,gas_i,2005,2020,M1,year,0.0,0.0
526,South Africa,gas_i,2005,2030,M1,year,0.0,0.0
527,South Africa,gas_i,2010,2010,M1,year,0.0,0.0
528,South Africa,gas_i,2010,2020,M1,year,0.0,0.0
529,South Africa,gas_i,2010,2030,M1,year,0.0,0.0
530,South Africa,gas_i,2020,2020,M1,year,1.029455,0.0
531,South Africa,gas_i,2020,2030,M1,year,0.0,0.0
532,South Africa,gas_i,2020,2040,M1,year,0.0,2.1691675
533,South Africa,gas_i,2030,2030,M1,year,0.6163727,0.0
534,South Africa,gas_i,2030,2040,M1,year,0.0,0.0
535,South Africa,gas_i,2030,2050,M1,year,0.0,1.3316807
536,South Africa,gas_i,2040,2040,M1,year,0.3690451,0.0
537,South Africa,gas_i,2040,2050,M1,year,0.0,0.0
538,South Africa,gas_i,2040,2060,M1,year,0.0,0.0
539,South Africa,gas_i,2050,2050,M1,year,0.22096093,0.0
540,South Africa,gas_i,2050,2060,M1,year,0.0,0.0
541,South Africa,gas_i,2050,2070,M1,year,0.0,0.0
542,South Africa,gas_i,2060,2060,M1,year,0.13229747,0.0
543,South Africa,gas_i,2060,2070,M1,year,0.0,0.0
544,South Africa,gas_i,2070,2070,M1,year,0.079211384,0.0
545,South Africa,gas_rc,1990,1990,M1,year,0.0,0.0
546,South Africa,gas_rc,1995,1995,M1,year,0.0,0.0
547,South Africa,gas_rc,2000,2000,M1,year,0.0,0.0
548,South Africa,gas_rc,2005,2005,M1,year,0.0,0.0
549,South Africa,gas_rc,2010,2010,M1,year,0.0,0.0
550,South Africa,gas_rc,2020,2020,M1,year,0.00013135147,0.0
551,South Africa,gas_rc,2030,2030,M1,year,4.5799425e-05,0.0
552,South Africa,gas_rc,2040,2040,M1,year,1.5969272e-05,0.0
553,South Africa,gas_rc,2050,2050,M1,year,5.5681403e-06,0.0
554,South Africa,gas_rc,2060,2060,M1,year,1.9414904e-06,0.0
555,South Africa,gas_rc,2070,2070,M1,year,0.0,5.7148194
556,South Africa,gas_trp,1995,1995,M1,year,0.0,0.0
557,South Africa,gas_trp,2000,2000,M1,year,0.0,0.0
558,South Africa,gas_trp,2005,2005,M1,year,0.0,0.0
559,South Africa,gas_trp,2010,2010,M1,year,0.0,0.0
560,South Africa,gas_trp,2020,2020,M1,year,0.011974738,0.0
561,South Africa,gas_trp,2030,2030,M1,year,0.64840025,0.0
562,South Africa,gas_trp,2040,2040,M1,year,1.6850703,0.0
563,South Africa,gas_trp,2050,2050,M1,year,3.3736966,0.0
564,South Africa,gas_trp,2060,2060,M1,year,6.124291,0.0
565,South Africa,gas_trp,2070,2070,M1,year,10.604719,0.0
566,South Africa,oil_bal,1990,1990,M1,year,0.0,0.0
567,South Africa,oil_bal,1995,1995,M1,year,0.0,0.0
568,South Africa,oil_bal,2000,2000,M1,year,0.0,0.0
569,South Africa,oil_bal,2005,2005,M1,year,0.0,0.0
570,South Africa,oil_bal,2010,2010,M1,year,0.0,0.0
571,South Africa,oil_bal,2020,2020,M1,year,0.0,0.0
572,South Africa,oil_bal,2030,2030,M1,year,0.0,0.0
573,South Africa,oil_bal,2040,2040,M1,year,0.0,0.0
574,South Africa,oil_bal,2050,2050,M1,year,0.3,0.0
575,South Africa,oil_bal,2060,2060,M1,year,0.0,0.0
576,South Africa,oil_bal,2070,2070,M1,year,0.0,0.8479687
577,South Africa,foil_ppl,1965,1990,M1,year,0.0,0.0
578,South Africa,foil_ppl,1970,1990,M1,year,0.0,0.0
579,South Africa,foil_ppl,1970,1995,M1,year,0.0,0.0
580,South Africa,foil_ppl,1975,1990,M1,year,0.0,0.0
581,South Africa,foil_ppl,1975,1995,M1,year,0.0,0.0
582,South Africa,foil_ppl,1975,2000,M1,year,0.0,0.0
583,South Africa,foil_ppl,1980,1990,M1,year,0.0,0.0
584,South Africa,foil_ppl,1980,1995,M1,year,0.0,0.0
585,South Africa,foil_ppl,1980,2000,M1,year,0.0,0.0
586,South Africa,foil_ppl,1980,2005,M1,year,0.0,0.0
587,South Africa,foil_ppl,1985,1990,M1,year,0.0,0.0
588,South Africa,foil_ppl,1985,1995,M1,year,0.0,0.0
589,South Africa,foil_ppl,1985,2000,M1,year,0.0,0.0
590,South Africa,foil_ppl,1985,2005,M1,year,0.0,0.0
591,South Africa,foil_ppl,1985,2010,M1,year,0.0,0.0
592,South Africa,foil_ppl,1990,1990,M1,year,0.0,0.0
593,South Africa,foil_ppl,1990,1995,M1,year,0.0,0.0
594,South Africa,foil_ppl,1990,2000,M1,year,0.0,0.0
595,South Africa,foil_ppl,1990,2005,M1,year,0.0,0.0
596,South Africa,foil_ppl,1990,2010,M1,year,0.0,0.0
597,South Africa,foil_ppl,1990,2020,M1,year,0.0,65.06465
598,South Africa,foil_ppl,1995,1995,M1,year,0.0,0.0
599,South Africa,foil_ppl,1995,2000,M1,year,0.0,0.0
600,South Africa,foil_ppl,1995,2005,M1,year,0.0,0.0
601,South Africa,foil_ppl,1995,2010,M1,year,0.0,0.0
602,South Africa,foil_ppl,1995,2020,M1,year,0.0,-3.1974423e-14
603,South Africa,foil_ppl,2000,2000,M1,year,0.0,0.0
604,South Africa,foil_ppl,2000,2005,M1,year,0.0,0.0
605,South Africa,foil_ppl,2000,2010,M1,year,0.0,0.0
606,South Africa,foil_ppl,2000,2020,M1,year,2.7e-05,0.0
607,South Africa,foil_ppl,2000,2030,M1,year,0.000135,0.0
608,South Africa,foil_ppl,2005,2005,M1,year,0.0,0.0
609,South Africa,foil_ppl,2005,2010,M1,year,0.0,0.0
610,South Africa,foil_ppl,2005,2020,M1,year,0.022379316,0.0
611,South Africa,foil_ppl,2005,2030,M1,year,0.022379316,0.0
612,South Africa,foil_ppl,2010,2010,M1,year,0.0,0.0
613,South Africa,foil_ppl,2010,2020,M1,year,0.07614,0.0
614,South Africa,foil_ppl,2010,2030,M1,year,0.0023961863,0.0
615,South Africa,foil_ppl,2010,2040,M1,year,0.011980931,0.0
616,South Africa,foil_ppl,2020,2020,M1,year,0.01635094,0.0
617,South Africa,foil_ppl,2020,2030,M1,year,0.009450474,0.0
618,South Africa,foil_ppl,2020,2040,M1,year,0.0,60.271984
619,South Africa,foil_ppl,2030,2030,M1,year,0.00570122,0.0
620,South Africa,foil_ppl,2030,2040,M1,year,0.0,43.29179
621,South Africa,foil_ppl,2030,2050,M1,year,0.0,0.0
622,South Africa,foil_ppl,2040,2040,M1,year,0.0019878927,0.0
623,South Africa,foil_ppl,2040,2050,M1,year,0.0019878927,0.0
624,South Africa,foil_ppl,2040,2060,M1,year,0.00076346623,0.0
625,South Africa,foil_ppl,2050,2050,M1,year,0.002882735,0.0
626,South Africa,foil_ppl,2050,2060,M1,year,0.00069313525,0.0
627,South Africa,foil_ppl,2050,2070,M1,year,0.00050788553,0.0
628,South Africa,foil_ppl,2060,2060,M1,year,0.00024168132,0.0
629,South Africa,foil_ppl,2060,2070,M1,year,0.0,3.5527137e-15
630,South Africa,foil_ppl,2070,2070,M1,year,8.4269064e-05,0.0
631,South Africa,foil_t_d,1990,1990,M1,year,0.0,0.0
632,South Africa,foil_t_d,1995,1995,M1,year,0.0,0.0
633,South Africa,foil_t_d,2000,2000,M1,year,0.0,0.0
634,South Africa,foil_t_d,2005,2005,M1,year,0.0,0.0
635,South Africa,foil_t_d,2010,2010,M1,year,0.0,0.0
636,South Africa,foil_t_d,2020,2020,M1,year,29.063896,0.0
637,South Africa,foil_t_d,2030,2030,M1,year,32.805527,0.0
638,South Africa,foil_t_d,2040,2040,M1,year,37.15556,0.0
639,South Africa,foil_t_d,2050,2050,M1,year,39.56992,0.0
640,South Africa,foil_t_d,2060,2060,M1,year,38.036476,0.0
641,South Africa,foil_t_d,2070,2070,M1,year,29.739506,0.0
642,South Africa,foil_i,1990,1990,M1,year,0.0,0.0
643,South Africa,foil_i,1990,1995,M1,year,0.0,0.0
644,South Africa,foil_i,1990,2000,M1,year,0.0,0.0
645,South Africa,foil_i,1990,2005,M1,year,0.0,0.0
646,South Africa,foil_i,1990,2010,M1,year,0.0,0.0
647,South Africa,foil_i,1995,1995,M1,year,0.0,0.0
648,South Africa,foil_i,1995,2000,M1,year,0.0,0.0
649,South Africa,foil_i,1995,2005,M1,year,0.0,0.0
650,South Africa,foil_i,1995,2010,M1,year,0.0,0.0
651,South Africa,foil_i,1995,2020,M1,year,0.0,14.96971
652,South Africa,foil_i,2000,2000,M1,year,0.0,0.0
653,South Africa,foil_i,2000,2005,M1,year,0.0,0.0
654,South Africa,foil_i,2000,2010,M1,year,0.0,0.0
655,South Africa,foil_i,2000,2020,M1,year,0.0,0.0
656,South Africa,foil_i,2005,2005,M1,year,0.0,0.0
657,South Africa,foil_i,2005,2010,M1,year,0.0,0.0
658,South Africa,foil_i,2005,2020,M1,year,0.0,0.0
659,South Africa,foil_i,2005,2030,M1,year,0.0,0.0
660,South Africa,foil_i,2010,2010,M1,year,0.0,0.0
661,South Africa,foil_i,2010,2020,M1,year,0.0,0.0
662,South Africa,foil_i,2010,2030,M1,year,0.0,0.0
663,South Africa,foil_i,2020,2020,M1,year,1.3705583,0.0
664,South Africa,foil_i,2020,2030,M1,year,0.0,0.0
665,South Africa,foil_i,2020,2040,M1,year,0.0,3.5495467
666,South Africa,foil_i,2030,2030,M1,year,0.82060385,0.0
667,South Africa,foil_i,2030,2040,M1,year,0.0,0.0
668,South Africa,foil_i,2030,2050,M1,year,0.0,2.1791139
669,South Africa,foil_i,2040,2040,M1,year,0.49132583,0.0
670,South Africa,foil_i,2040,2050,M1,year,0.0,-1.7763568e-15
671,South Africa,foil_i,2040,2060,M1,year,0.0,0.0
672,South Africa,foil_i,2050,2050,M1,year,0.2941749,0.0
673,South Africa,foil_i,2050,2060,M1,year,0.0,0.0
674,South Africa,foil_i,2050,2070,M1,year,0.0,-1.7763568e-15
675,South Africa,foil_i,2060,2060,M1,year,0.1761334,0.0
676,South Africa,foil_i,2060,2070,M1,year,0.0,0.0
677,South Africa,foil_i,2070,2070,M1,year,0.10545757,0.0
678,South Africa,foil_rc,1990,1990,M1,year,0.0,0.0
679,South Africa,foil_rc,1995,1995,M1,year,0.0,0.0
680,South Africa,foil_rc,2000,2000,M1,year,0.0,0.0
681,South Africa,foil_rc,2005,2005,M1,year,0.0,0.0
682,South Africa,foil_rc,2010,2010,M1,year,0.0,0.0
683,South Africa,foil_rc,2020,2020,M1,year,0.9568599,0.0
684,South Africa,foil_rc,2030,2030,M1,year,0.3336364,0.0
685,South Africa,foil_rc,2040,2040,M1,year,0.11633182,0.0
686,South Africa,foil_rc,2050,2050,M1,year,0.0405624,0.0
687,South Africa,foil_rc,2060,2060,M1,year,0.014143233,0.0
688,South Africa,foil_rc,2070,2070,M1,year,0.0049314406,0.0
689,South Africa,foil_trp,1990,1990,M1,year,0.0,0.0
690,South Africa,foil_trp,1995,1995,M1,year,0.0,0.0
691,South Africa,foil_trp,2000,2000,M1,year,0.0,0.0
692,South Africa,foil_trp,2005,2005,M1,year,0.0,0.0
693,South Africa,foil_trp,2010,2010,M1,year,0.0,0.0
694,South Africa,foil_trp,2020,2020,M1,year,24.974686,0.0
695,South Africa,foil_trp,2030,2030,M1,year,30.974134,0.0
696,South Africa,foil_trp,2040,2040,M1,year,36.269665,0.0
697,South Africa,foil_trp,2050,2050,M1,year,39.115284,0.0
698,South Africa,foil_trp,2060,2060,M1,year,37.768456,0.0
699,South Africa,foil_trp,2070,2070,M1,year,29.592575,0.0
700,South Africa,loil_ppl,1990,1990,M1,year,0.0,0.0
701,South Africa,loil_ppl,1990,1995,M1,year,0.0,0.0
702,South Africa,loil_ppl,1990,2000,M1,year,0.0,0.0
703,South Africa,loil_ppl,1990,2005,M1,year,0.0,0.0
704,South Africa,loil_ppl,1990,2010,M1,year,0.0,0.0
705,South Africa,loil_ppl,1990,2020,M1,year,0.0,2.508957
706,South Africa,loil_ppl,1995,1995,M1,year,0.0,0.0
707,South Africa,loil_ppl,1995,2000,M1,year,0.0,0.0
708,South Africa,loil_ppl,1995,2005,M1,year,0.0,0.0
709,South Africa,loil_ppl,1995,2010,M1,year,0.0,0.0
710,South Africa,loil_ppl,1995,2020,M1,year,0.0,0.0
711,South Africa,loil_ppl,2000,2000,M1,year,0.0,0.0
712,South Africa,loil_ppl,2000,2005,M1,year,0.0,0.0
713,South Africa,loil_ppl,2000,2010,M1,year,0.0,0.0
714,South Africa,loil_ppl,2000,2020,M1,year,0.0,0.0
715,South Africa,loil_ppl,2000,2030,M1,year,0.0,0.0
716,South Africa,loil_ppl,2005,2005,M1,year,0.0,0.0
717,South Africa,loil_ppl,2005,2010,M1,year,0.0,0.0
718,South Africa,loil_ppl,2005,2020,M1,year,0.2925,0.0
719,South Africa,loil_ppl,2005,2030,M1,year,0.15918031,0.0
720,South Africa,loil_ppl,2010,2010,M1,year,0.0,0.0
721,South Africa,loil_ppl,2010,2020,M1,year,0.195,0.0
722,South Africa,loil_ppl,2010,2030,M1,year,0.03,0.0
723,South Africa,loil_ppl,2010,2040,M1,year,0.0732577,0.0
724,South Africa,loil_ppl,2020,2020,M1,year,0.13598458,0.0
725,South Africa,loil_ppl,2020,2030,M1,year,0.020920705,0.0
726,South Africa,loil_ppl,2020,2040,M1,year,0.0,45.26645
727,South Africa,loil_ppl,2030,2030,M1,year,0.007294599,0.0
728,South Africa,loil_ppl,2030,2040,M1,year,0.0,2.262076
729,South Africa,loil_ppl,2030,2050,M1,year,0.0,0.0
730,South Africa,loil_ppl,2040,2040,M1,year,0.0025434694,0.0
731,South Africa,loil_ppl,2040,2050,M1,year,0.01653255,0.0
732,South Africa,loil_ppl,2040,2060,M1,year,0.004241823,0.0
733,South Africa,loil_ppl,2050,2050,M1,year,0.009897682,0.0
734,South Africa,loil_ppl,2050,2060,M1,year,0.0015227203,0.0
735,South Africa,loil_ppl,2050,2070,M1,year,0.0015227203,0.0
736,South Africa,loil_ppl,2060,2060,M1,year,0.0034511082,0.0
737,South Africa,loil_ppl,2060,2070,M1,year,0.0015054514,0.0
738,South Africa,loil_ppl,2070,2070,M1,year,0.00018512724,0.0
739,South Africa,loil_t_d,1990,1990,M1,year,0.0,0.0
740,South Africa,loil_t_d,1995,1995,M1,year,0.0,0.0
741,South Africa,loil_t_d,2000,2000,M1,year,0.0,0.0
742,South Africa,loil_t_d,2005,2005,M1,year,0.0,0.0
743,South Africa,loil_t_d,2010,2010,M1,year,0.0,0.0
744,South Africa,loil_t_d,2020,2020,M1,year,5.7834053,0.0
745,South Africa,loil_t_d,2030,2030,M1,year,7.66853,0.0
746,South Africa,loil_t_d,2040,2040,M1,year,8.424384,0.0
747,South Africa,loil_t_d,2050,2050,M1,year,11.050313,0.0
748,South Africa,loil_t_d,2060,2060,M1,year,15.582608,0.0
749,South Africa,loil_t_d,2070,2070,M1,year,22.957539,0.0
750,South Africa,loil_fs,1990,1990,M1,year,0.0,0.0
751,South Africa,loil_fs,1995,1995,M1,year,0.0,0.0
752,South Africa,loil_fs,2000,2000,M1,year,0.0,0.0
753,South Africa,loil_fs,2005,2005,M1,year,0.0,0.0
754,South Africa,loil_fs,2010,2010,M1,year,0.0,0.0
755,South Africa,loil_fs,2020,2020,M1,year,3.9784958,0.0
756,South Africa,loil_fs,2030,2030,M1,year,4.6051054,0.0
757,South Africa,loil_fs,2040,2040,M1,year,4.523378,0.0
758,South Africa,loil_fs,2050,2050,M1,year,4.752132,0.0
759,South Africa,loil_fs,2060,2060,M1,year,4.980886,0.0
760,South Africa,loil_fs,2070,2070,M1,year,5.2096386,0.0
761,South Africa,loil_i,1990,1990,M1,year,0.0,0.0
762,South Africa,loil_i,1990,1995,M1,year,0.0,0.0
763,South Africa,loil_i,1990,2000,M1,year,0.0,0.0
764,South Africa,loil_i,1990,2005,M1,year,0.0,0.0
765,South Africa,loil_i,1990,2010,M1,year,0.0,0.0
766,South Africa,loil_i,1995,1995,M1,year,0.0,0.0
767,South Africa,loil_i,1995,2000,M1,year,0.0,0.0
768,South Africa,loil_i,1995,2005,M1,year,0.0,0.0
769,South Africa,loil_i,1995,2010,M1,year,0.0,0.0
770,South Africa,loil_i,1995,2020,M1,year,0.0,0.0
771,South Africa,loil_i,2000,2000,M1,year,0.0,0.0
772,South Africa,loil_i,2000,2005,M1,year,0.0,0.0
773,South Africa,loil_i,2000,2010,M1,year,0.0,0.0
774,South Africa,loil_i,2000,2020,M1,year,0.0,0.0
775,South Africa,loil_i,2005,2005,M1,year,0.0,0.0
776,South Africa,loil_i,2005,2010,M1,year,0.0,0.0
777,South Africa,loil_i,2005,2020,M1,year,0.0,0.0
778,South Africa,loil_i,2005,2030,M1,year,0.0,12.534276
779,South Africa,loil_i,2010,2010,M1,year,0.0,0.0
780,South Africa,loil_i,2010,2020,M1,year,0.0,0.0
781,South Africa,loil_i,2010,2030,M1,year,0.0,0.0
782,South Africa,loil_i,2020,2020,M1,year,0.5762183,0.0
783,South Africa,loil_i,2020,2030,M1,year,0.0,0.0
784,South Africa,loil_i,2020,2040,M1,year,0.0,1.8847784
785,South Africa,loil_i,2030,2030,M1,year,0.3450032,0.0
786,South Africa,loil_i,2030,2040,M1,year,0.0,0.0
787,South Africa,loil_i,2030,2050,M1,year,0.0,0.31843507
788,South Africa,loil_i,2040,2040,M1,year,0.20656614,0.0
789,South Africa,loil_i,2040,2050,M1,year,0.0,0.0
790,South Africa,loil_i,2040,2060,M1,year,0.0,0.0
791,South Africa,loil_i,2050,2050,M1,year,0.12367878,0.0
792,South Africa,loil_i,2050,2060,M1,year,0.0,0.0
793,South Africa,loil_i,2050,2070,M1,year,0.0,0.0
794,South Africa,loil_i,2060,2060,M1,year,0.07405105,0.0
795,South Africa,loil_i,2060,2070,M1,year,0.0,0.0
796,South Africa,loil_i,2070,2070,M1,year,0.0443371,0.0
797,South Africa,loil_rc,1990,1990,M1,year,0.0,0.0
798,South Africa,loil_rc,1995,1995,M1,year,0.0,0.0
799,South Africa,loil_rc,2000,2000,M1,year,0.0,0.0
800,South Africa,loil_rc,2005,2005,M1,year,0.0,0.0
801,South Africa,loil_rc,2010,2010,M1,year,0.0,0.0
802,South Africa,loil_rc,2020,2020,M1,year,0.14376035,0.0
803,South Africa,loil_rc,2030,2030,M1,year,0.53711826,0.0
804,South Africa,loil_rc,2040,2040,M1,year,0.18728155,0.0
805,South Africa,loil_rc,2050,2050,M1,year,0.06530104,0.0
806,South Africa,loil_rc,2060,2060,M1,year,0.022769064,0.0
807,South Africa,loil_rc,2070,2070,M1,year,0.007939082,0.0
808,South Africa,loil_trp,1990,1990,M1,year,0.0,0.0
809,South Africa,loil_trp,1995,1995,M1,year,0.0,0.0
810,South Africa,loil_trp,2000,2000,M1,year,0.0,0.0
811,South Africa,loil_trp,2005,2005,M1,year,0.0,0.0
812,South Africa,loil_trp,2010,2010,M1,year,0.0,0.0
813,South Africa,loil_trp,2020,2020,M1,year,0.6288946,0.0
814,South Africa,loil_trp,2030,2030,M1,year,1.6532978,0.0
815,South Africa,loil_trp,2040,2040,M1,year,3.3219426,0.0
816,South Africa,loil_trp,2050,2050,M1,year,6.039989,0.0
817,South Africa,loil_trp,2060,2060,M1,year,10.467401,0.0
818,South Africa,loil_trp,2070,2070,M1,year,17.679186,0.0
819,South Africa,elec_t_d,1990,1990,M1,year,0.0,0.0
820,South Africa,elec_t_d,1990,1995,M1,year,0.0,0.0
821,South Africa,elec_t_d,1990,2000,M1,year,0.0,0.0
822,South Africa,elec_t_d,1990,2005,M1,year,0.0,0.0
823,South Africa,elec_t_d,1990,2010,M1,year,0.0,0.0
824,South Africa,elec_t_d,1990,2020,M1,year,0.0,0.0
825,South Africa,elec_t_d,1990,2030,M1,year,0.0,0.0
826,South Africa,elec_t_d,1990,2040,M1,year,0.0,0.0
827,South Africa,elec_t_d,1990,2050,M1,year,0.0,0.0
828,South Africa,elec_t_d,1995,1995,M1,year,0.0,0.0
829,South Africa,elec_t_d,1995,2000,M1,year,0.0,0.0
830,South Africa,elec_t_d,1995,2005,M1,year,0.0,0.0
831,South Africa,elec_t_d,1995,2010,M1,year,0.0,0.0
832,South Africa,elec_t_d,1995,2020,M1,year,0.0,0.0
833,South Africa,elec_t_d,1995,2030,M1,year,0.0,0.0
834,South Africa,elec_t_d,1995,2040,M1,year,0.0,0.0
835,South Africa,elec_t_d,1995,2050,M1,year,0.0,0.0
836,South Africa,elec_t_d,2000,2000,M1,year,0.0,0.0
837,South Africa,elec_t_d,2000,2005,M1,year,0.0,0.0
838,South Africa,elec_t_d,2000,2010,M1,year,0.0,0.0
839,South Africa,elec_t_d,2000,2020,M1,year,0.0,0.0
840,South Africa,elec_t_d,2000,2030,M1,year,0.0,0.0
841,South Africa,elec_t_d,2000,2040,M1,year,0.0,0.0
842,South Africa,elec_t_d,2000,2050,M1,year,0.0,0.0
843,South Africa,elec_t_d,2000,2060,M1,year,0.0,0.0
844,South Africa,elec_t_d,2005,2005,M1,year,0.0,0.0
845,South Africa,elec_t_d,2005,2010,M1,year,0.0,0.0
846,South Africa,elec_t_d,2005,2020,M1,year,0.0,0.0
847,South Africa,elec_t_d,2005,2030,M1,year,0.0,0.0
848,South Africa,elec_t_d,2005,2040,M1,year,0.0,0.0
849,South Africa,elec_t_d,2005,2050,M1,year,0.0,0.0
850,South Africa,elec_t_d,2005,2060,M1,year,0.0,0.0
851,South Africa,elec_t_d,2010,2010,M1,year,0.0,0.0
852,South Africa,elec_t_d,2010,2020,M1,year,0.0,0.0
853,South Africa,elec_t_d,2010,2030,M1,year,0.0,0.0
854,South Africa,elec_t_d,2010,2040,M1,year,0.0,0.0
855,South Africa,elec_t_d,2010,2050,M1,year,0.0,0.0
856,South Africa,elec_t_d,2010,2060,M1,year,0.0,0.0
857,South Africa,elec_t_d,2010,2070,M1,year,0.0,0.0
858,South Africa,elec_t_d,2020,2020,M1,year,34.75197,0.0
859,South Africa,elec_t_d,2020,2030,M1,year,34.75197,0.0
860,South Africa,elec_t_d,2020,2040,M1,year,34.75197,0.0
861,South Africa,elec_t_d,2020,2050,M1,year,34.75197,0.0
862,South Africa,elec_t_d,2020,2060,M1,year,34.75197,0.0
863,South Africa,elec_t_d,2020,2070,M1,year,34.75197,0.0
864,South Africa,elec_t_d,2030,2030,M1,year,14.309206,0.0
865,South Africa,elec_t_d,2030,2040,M1,year,14.309206,0.0
866,South Africa,elec_t_d,2030,2050,M1,year,14.309206,0.0
867,South Africa,elec_t_d,2030,2060,M1,year,14.309206,0.0
868,South Africa,elec_t_d,2030,2070,M1,year,14.309206,0.0
869,South Africa,elec_t_d,2040,2040,M1,year,13.766921,0.0
870,South Africa,elec_t_d,2040,2050,M1,year,13.766921,0.0
871,South Africa,elec_t_d,2040,2060,M1,year,13.766921,0.0
872,South Africa,elec_t_d,2040,2070,M1,year,13.766921,0.0
873,South Africa,elec_t_d,2050,2050,M1,year,12.218617,0.0
874,South Africa,elec_t_d,2050,2060,M1,year,12.218617,0.0
875,South Africa,elec_t_d,2050,2070,M1,year,12.218617,0.0
876,South Africa,elec_t_d,2060,2060,M1,year,9.740981,0.0
877,South Africa,elec_t_d,2060,2070,M1,year,9.740981,0.0
878,South Africa,elec_t_d,2070,2070,M1,year,7.5612607,0.0
879,South Africa,elec_i,1990,1990,M1,year,0.0,0.0
880,South Africa,elec_i,1990,1995,M1,year,0.0,0.0
881,South Africa,elec_i,1990,2000,M1,year,0.0,0.0
882,South Africa,elec_i,1990,2005,M1,year,0.0,0.0
883,South Africa,elec_i,1995,1995,M1,year,0.0,0.0
884,South Africa,elec_i,1995,2000,M1,year,0.0,0.0
885,South Africa,elec_i,1995,2005,M1,year,0.0,0.0
886,South Africa,elec_i,1995,2010,M1,year,0.0,0.0
887,South Africa,elec_i,2000,2000,M1,year,0.0,0.0
888,South Africa,elec_i,2000,2005,M1,year,0.0,0.0
889,South Africa,elec_i,2000,2010,M1,year,0.0,0.0
890,South Africa,elec_i,2000,2020,M1,year,0.0,0.0
891,South Africa,elec_i,2005,2005,M1,year,0.0,0.0
892,South Africa,elec_i,2005,2010,M1,year,0.0,0.0
893,South Africa,elec_i,2005,2020,M1,year,0.0,222.61267
894,South Africa,elec_i,2010,2010,M1,year,0.0,0.0
895,South Africa,elec_i,2010,2020,M1,year,0.0,222.61267
896,South Africa,elec_i,2010,2030,M1,year,0.0,0.0
897,South Africa,elec_i,2020,2020,M1,year,0.0,222.61267
898,South Africa,elec_i,2020,2030,M1,year,0.0,68.812126
899,South Africa,elec_i,2030,2030,M1,year,0.0,66.56364
900,South Africa,elec_i,2030,2040,M1,year,0.0,31.407476
901,South Africa,elec_i,2040,2040,M1,year,0.0,30.027096
902,South Africa,elec_i,2040,2050,M1,year,0.0,27.499668
903,South Africa,elec_i,2050,2050,M1,year,0.0,26.652235
904,South Africa,elec_i,2050,2060,M1,year,0.0,18.689707
905,South Africa,elec_i,2060,2060,M1,year,0.0,17.895628
906,South Africa,elec_i,2060,2070,M1,year,0.0,9.296741
907,South Africa,elec_i,2070,2070,M1,year,0.0,8.704078
908,South Africa,elec_trp,1990,1990,M1,year,0.0,0.0
909,South Africa,elec_trp,1995,1995,M1,year,0.0,0.0
910,South Africa,elec_trp,2000,2000,M1,year,0.0,0.0
911,South Africa,elec_trp,2005,2005,M1,year,0.0,0.0
912,South Africa,elec_trp,2010,2010,M1,year,0.0,0.0
913,South Africa,elec_trp,2020,2020,M1,year,0.35421103,0.0
914,South Africa,elec_trp,2030,2030,M1,year,1.205867,0.0
915,South Africa,elec_trp,2040,2040,M1,year,2.593125,0.0
916,South Africa,elec_trp,2050,2050,M1,year,4.8528223,0.0
917,South Africa,elec_trp,2060,2060,M1,year,8.53363,0.0
918,South Africa,elec_trp,2070,2070,M1,year,14.52928,0.0
919,South Africa,coal_gas,2010,2010,M1,year,0.0,0.0
920,South Africa,coal_gas,2010,2020,M1,year,0.0,0.0
921,South Africa,coal_gas,2010,2030,M1,year,0.0,0.0
922,South Africa,coal_gas,2020,2020,M1,year,2.972419,0.0
923,South Africa,coal_gas,2020,2030,M1,year,2.972419,0.0
924,South Africa,coal_gas,2020,2040,M1,year,1.4862095,0.0
925,South Africa,coal_gas,2030,2030,M1,year,3.1162565,0.0
926,South Africa,coal_gas,2030,2040,M1,year,3.1162565,0.0
927,South Africa,coal_gas,2030,2050,M1,year,1.5581282,0.0
928,South Africa,coal_gas,2040,2040,M1,year,5.265232,0.0
929,South Africa,coal_gas,2040,2050,M1,year,5.265232,0.0
930,South Africa,coal_gas,2040,2060,M1,year,2.632616,0.0
931,South Africa,coal_gas,2050,2050,M1,year,9.315013,0.0
932,South Africa,coal_gas,2050,2060,M1,year,9.315013,0.0
933,South Africa,coal_gas,2050,2070,M1,year,4.6575065,0.0
934,South Africa,coal_gas,2060,2060,M1,year,11.879642,0.0
935,South Africa,coal_gas,2060,2070,M1,year,0.038770195,0.0
936,South Africa,coal_gas,2070,2070,M1,year,29.412998,0.0
937,South Africa,meth_coal,2020,2020,M1,year,1.8240247,0.0
938,South Africa,meth_coal,2020,2030,M1,year,0.0,0.0
939,South Africa,meth_coal,2020,2040,M1,year,0.0,-8.881784e-16
940,South Africa,meth_coal,2030,2030,M1,year,1.0921109,0.0
941,South Africa,meth_coal,2030,2040,M1,year,0.0,0.0
942,South Africa,meth_coal,2030,2050,M1,year,0.0,-1.3322676e-15
943,South Africa,meth_coal,2040,2040,M1,year,0.65388715,0.0
944,South Africa,meth_coal,2040,2050,M1,year,0.0,0.0
945,South Africa,meth_coal,2040,2060,M1,year,0.0,0.05367663
946,South Africa,meth_coal,2050,2050,M1,year,0.39150637,0.0
947,South Africa,meth_coal,2050,2060,M1,year,0.0,0.0
948,South Africa,meth_coal,2050,2070,M1,year,0.0,0.0
949,South Africa,meth_coal,2060,2060,M1,year,0.23440933,0.0
950,South Africa,meth_coal,2060,2070,M1,year,0.0,0.0
951,South Africa,meth_coal,2070,2070,M1,year,0.14034952,0.0
952,South Africa,meth_coal_ccs,2020,2020,M1,year,0.0,129.86911
953,South Africa,meth_coal_ccs,2020,2030,M1,year,0.0,15.816549
954,South Africa,meth_coal_ccs,2020,2040,M1,year,0.0,12.789939
955,South Africa,meth_coal_ccs,2030,2030,M1,year,0.0,15.816549
956,South Africa,meth_coal_ccs,2030,2040,M1,year,0.0,8.802176
957,South Africa,meth_coal_ccs,2030,2050,M1,year,0.0,7.7999616
958,South Africa,meth_coal_ccs,2040,2040,M1,year,0.0,8.802176
959,South Africa,meth_coal_ccs,2040,2050,M1,year,0.0,5.3518214
960,South Africa,meth_coal_ccs,2040,2060,M1,year,0.0,4.8440638
961,South Africa,meth_coal_ccs,2050,2050,M1,year,0.0,5.3518214
962,South Africa,meth_coal_ccs,2050,2060,M1,year,0.0,3.3411183
963,South Africa,meth_coal_ccs,2050,2070,M1,year,0.0,3.0066478
964,South Africa,meth_coal_ccs,2060,2060,M1,year,0.0,3.3411183
965,South Africa,meth_coal_ccs,2060,2070,M1,year,0.0,3.0066478
966,South Africa,meth_coal_ccs,2070,2070,M1,year,0.0,2.0839696
967,South Africa,syn_liq,1995,2020,M1,year,3.052875,0.0
968,South Africa,syn_liq,2020,2020,M1,year,1.4373975,0.0
969,South Africa,syn_liq,2020,2030,M1,year,1.4373974,0.0
970,South Africa,syn_liq,2020,2040,M1,year,0.7186987,0.0
971,South Africa,syn_liq,2030,2030,M1,year,1.2510946,0.0
972,South Africa,syn_liq,2030,2040,M1,year,1.2510946,0.0
973,South Africa,syn_liq,2030,2050,M1,year,0.6255473,0.0
974,South Africa,syn_liq,2040,2040,M1,year,1.2329941,0.0
975,South Africa,syn_liq,2040,2050,M1,year,1.2329941,0.0
976,South Africa,syn_liq,2040,2060,M1,year,0.61649704,0.0
977,South Africa,syn_liq,2050,2050,M1,year,4.243047,0.0
978,South Africa,syn_liq,2050,2060,M1,year,4.243047,0.0
979,South Africa,syn_liq,2050,2070,M1,year,2.1215236,0.0
980,South Africa,syn_liq,2060,2060,M1,year,6.2245317,0.0
981,South Africa,syn_liq,2060,2070,M1,year,6.2245317,0.0
982,South Africa,syn_liq,2070,2070,M1,year,10.966526,0.0
983,South Africa,syn_liq_ccs,2020,2020,M1,year,0.0,64.00601
984,South Africa,syn_liq_ccs,2020,2030,M1,year,0.0,4.2171574
985,South Africa,syn_liq_ccs,2020,2040,M1,year,0.0,0.0
986,South Africa,syn_liq_ccs,2030,2030,M1,year,0.0,29.49554
987,South Africa,syn_liq_ccs,2030,2040,M1,year,0.0,0.0
988,South Africa,syn_liq_ccs,2030,2050,M1,year,0.0,0.0
989,South Africa,syn_liq_ccs,2040,2040,M1,year,0.0,0.0
990,South Africa,syn_liq_ccs,2040,2050,M1,year,0.0,0.0
991,South Africa,syn_liq_ccs,2040,2060,M1,year,0.0,0.0
992,South Africa,syn_liq_ccs,2050,2050,M1,year,0.0,0.0
993,South Africa,syn_liq_ccs,2050,2060,M1,year,0.0,0.0
994,South Africa,syn_liq_ccs,2050,2070,M1,year,0.0,0.0
995,South Africa,syn_liq_ccs,2060,2060,M1,year,0.0,0.0
996,South Africa,syn_liq_ccs,2060,2070,M1,year,0.0,0.0
997,South Africa,syn_liq_ccs,2070,2070,M1,year,0.30174848,0.0
998,South Africa,gas_bio,2010,2010,M1,year,0.0,0.0
999,South Africa,gas_bio,2010,2020,M1,year,0.0,0.0
1000,South Africa,gas_bio,2010,2030,M1,year,0.0,0.0
1001,South Africa,gas_bio,2020,2020,M1,year,1.2577893,0.0
1002,South Africa,gas_bio,2020,2030,M1,year,1.2577893,0.0
1003,South Africa,gas_bio,2020,2040,M1,year,0.6288946,0.0
1004,South Africa,gas_bio,2030,2030,M1,year,0.7530849,0.0
1005,South Africa,gas_bio,2030,2040,M1,year,0.7530849,0.0
1006,South Africa,gas_bio,2030,2050,M1,year,0.37654245,0.0
1007,South Africa,gas_bio,2040,2040,M1,year,0.45089975,0.0
1008,South Africa,gas_bio,2040,2050,M1,year,0.45089975,0.0
1009,South Africa,gas_bio,2040,2060,M1,year,0.22544987,0.0
1010,South Africa,gas_bio,2050,2050,M1,year,0.26997033,0.0
1011,South Africa,gas_bio,2050,2060,M1,year,0.26997033,0.0
1012,South Africa,gas_bio,2050,2070,M1,year,0.13498516,0.0
1013,South Africa,gas_bio,2060,2060,M1,year,0.16164121,0.0
1014,South Africa,gas_bio,2060,2070,M1,year,0.16164121,0.0
1015,South Africa,gas_bio,2070,2070,M1,year,0.09678056,0.0
1016,South Africa,meth_ng,2020,2020,M1,year,1.2501227,0.0
1017,South Africa,meth_ng,2020,2030,M1,year,0.0,0.0
1018,South Africa,meth_ng,2020,2040,M1,year,0.0,0.0
1019,South Africa,meth_ng,2030,2030,M1,year,0.7484946,0.0
1020,South Africa,meth_ng,2030,2040,M1,year,0.0,0.0
1021,South Africa,meth_ng,2030,2050,M1,year,0.0,-3.5527137e-15
1022,South Africa,meth_ng,2040,2040,M1,year,0.44815135,0.0
1023,South Africa,meth_ng,2040,2050,M1,year,0.0,0.0
1024,South Africa,meth_ng,2040,2060,M1,year,0.0,0.05367663
1025,South Africa,meth_ng,2050,2050,M1,year,0.26832476,0.0
1026,South Africa,meth_ng,2050,2060,M1,year,0.0,0.0
1027,South Africa,meth_ng,2050,2070,M1,year,0.0,0.0
1028,South Africa,meth_ng,2060,2060,M1,year,0.16065595,0.0
1029,South Africa,meth_ng,2060,2070,M1,year,0.0,0.0
1030,South Africa,meth_ng,2070,2070,M1,year,0.096190654,0.0
1031,South Africa,meth_ng_ccs,2020,2020,M1,year,0.0,190.2488
1032,South Africa,meth_ng_ccs,2020,2030,M1,year,0.0,64.66503
1033,South Africa,meth_ng_ccs,2020,2040,M1,year,0.0,39.06771
1034,South Africa,meth_ng_ccs,2030,2030,M1,year,0.0,64.66503
1035,South Africa,meth_ng_ccs,2030,2040,M1,year,0.0,36.93141
1036,South Africa,meth_ng_ccs,2030,2050,M1,year,0.0,22.827957
1037,South Africa,meth_ng_ccs,2040,2040,M1,year,0.0,36.93141
1038,South Africa,meth_ng_ccs,2040,2050,M1,year,0.0,21.42902
1039,South Africa,meth_ng_ccs,2040,2060,M1,year,0.0,17.853407
1040,South Africa,meth_ng_ccs,2050,2050,M1,year,0.0,21.42902
1041,South Africa,meth_ng_ccs,2050,2060,M1,year,0.0,16.940905
1042,South Africa,meth_ng_ccs,2050,2070,M1,year,0.0,6.075254
1043,South Africa,meth_ng_ccs,2060,2060,M1,year,0.0,16.940905
1044,South Africa,meth_ng_ccs,2060,2070,M1,year,0.0,6.075254
1045,South Africa,meth_ng_ccs,2070,2070,M1,year,0.0,5.5480094
1046,South Africa,ref_hil,1970,1995,M1,year,0.0,0.0
1047,South Africa,ref_hil,1975,1995,M1,year,0.0,0.0
1048,South Africa,ref_hil,1975,2000,M1,year,0.0,0.0
1049,South Africa,ref_hil,1995,1995,M1,year,0.0,0.0
1050,South Africa,ref_hil,1995,2000,M1,year,0.0,0.0
1051,South Africa,ref_hil,1995,2005,M1,year,0.0,0.0
1052,South Africa,ref_hil,1995,2010,M1,year,0.0,0.0
1053,South Africa,ref_hil,1995,2020,M1,year,0.0,0.0
1054,South Africa,ref_hil,2000,2000,M1,year,0.0,0.0
1055,South Africa,ref_hil,2000,2005,M1,year,0.0,0.0
1056,South Africa,ref_hil,2000,2010,M1,year,0.0,0.0
1057,South Africa,ref_hil,2000,2020,M1,year,0.0,0.0
1058,South Africa,ref_hil,2000,2030,M1,year,0.0,0.0
1059,South Africa,ref_hil,2005,2005,M1,year,0.0,0.0
1060,South Africa,ref_hil,2005,2010,M1,year,0.0,0.0
1061,South Africa,ref_hil,2005,2020,M1,year,0.0,0.0
1062,South Africa,ref_hil,2005,2030,M1,year,0.0,0.0
1063,South Africa,ref_hil,2010,2010,M1,year,0.0,0.0
1064,South Africa,ref_hil,2010,2020,M1,year,0.0,0.0
1065,South Africa,ref_hil,2010,2030,M1,year,0.0,0.0
1066,South Africa,ref_hil,2010,2040,M1,year,0.0,0.0
1067,South Africa,ref_hil,2020,2020,M1,year,27.763979,0.0
1068,South Africa,ref_hil,2020,2030,M1,year,20.306364,0.0
1069,South Africa,ref_hil,2020,2040,M1,year,15.130173,0.0
1070,South Africa,ref_hil,2030,2030,M1,year,16.62332,0.0
1071,South Africa,ref_hil,2030,2040,M1,year,16.62332,0.0
1072,South Africa,ref_hil,2030,2050,M1,year,16.62332,0.0
1073,South Africa,ref_hil,2040,2040,M1,year,9.952995,0.0
1074,South Africa,ref_hil,2040,2050,M1,year,9.952995,0.0
1075,South Africa,ref_hil,2040,2060,M1,year,9.952995,0.0
1076,South Africa,ref_hil,2050,2050,M1,year,17.847898,0.0
1077,South Africa,ref_hil,2050,2060,M1,year,17.847898,0.0
1078,South Africa,ref_hil,2050,2070,M1,year,9.568577,0.0
1079,South Africa,ref_hil,2060,2060,M1,year,14.89347,0.0
1080,South Africa,ref_hil,2060,2070,M1,year,14.89347,0.0
1081,South Africa,ref_hil,2070,2070,M1,year,8.917271,0.0
1082,South Africa,sp_el_I,1990,1990,M1,year,0.0,0.0
1083,South Africa,sp_el_I,1995,1995,M1,year,0.0,0.0
1084,South Africa,sp_el_I,2000,2000,M1,year,0.0,0.0
1085,South Africa,sp_el_I,2005,2005,M1,year,0.0,0.0
1086,South Africa,sp_el_I,2010,2010,M1,year,0.0,0.0
1087,South Africa,sp_el_I,2020,2020,M1,year,13.426834,0.0
1088,South Africa,sp_el_I,2030,2030,M1,year,17.763708,0.0
1089,South Africa,sp_el_I,2040,2040,M1,year,21.359564,0.0
1090,South Africa,sp_el_I,2050,2050,M1,year,23.858725,0.0
1091,South Africa,sp_el_I,2060,2060,M1,year,26.357885,0.0
1092,South Africa,sp_el_I,2070,2070,M1,year,28.857046,0.0
1093,South Africa,sp_el_RC,1990,1990,M1,year,0.0,0.0
1094,South Africa,sp_el_RC,1995,1995,M1,year,0.0,0.0
1095,South Africa,sp_el_RC,2000,2000,M1,year,0.0,0.0
1096,South Africa,sp_el_RC,2005,2005,M1,year,0.0,0.0
1097,South Africa,sp_el_RC,2010,2010,M1,year,0.0,0.0
1098,South Africa,sp_el_RC,2020,2020,M1,year,7.2225103,0.0
1099,South Africa,sp_el_RC,2030,2030,M1,year,12.424913,0.0
1100,South Africa,sp_el_RC,2040,2040,M1,year,19.042704,0.0
1101,South Africa,sp_el_RC,2050,2050,M1,year,26.59986,0.0
1102,South Africa,sp_el_RC,2060,2060,M1,year,34.157013,0.0
1103,South Africa,sp_el_RC,2070,2070,M1,year,41.714165,0.0
1104,South Africa,nuc_ppl,1985,2010,M1,year,0.0,0.0
1105,South Africa,nuc_ppl,1985,2020,M1,year,0.71922225,0.0
1106,South Africa,nuc_ppl,1990,2010,M1,year,0.0,0.0
1107,South Africa,nuc_ppl,1990,2020,M1,year,0.0,0.0
1108,South Africa,nuc_ppl,1990,2030,M1,year,0.0,0.0
1109,South Africa,nuc_ppl,2010,2010,M1,year,0.0,0.0
1110,South Africa,nuc_ppl,2010,2020,M1,year,0.0,0.0
1111,South Africa,nuc_ppl,2010,2030,M1,year,0.0,0.0
1112,South Africa,nuc_ppl,2010,2040,M1,year,0.0,0.0
1113,South Africa,nuc_ppl,2010,2050,M1,year,0.0,0.0
1114,South Africa,nuc_ppl,2020,2020,M1,year,0.53800374,0.0
1115,South Africa,nuc_ppl,2020,2030,M1,year,0.5610611,0.0
1116,South Africa,nuc_ppl,2020,2040,M1,year,0.53800374,0.0
1117,South Africa,nuc_ppl,2020,2050,M1,year,0.5456895,0.0
1118,South Africa,nuc_ppl,2030,2030,M1,year,0.1875903,0.0
1119,South Africa,nuc_ppl,2030,2040,M1,year,0.19027016,0.0
1120,South Africa,nuc_ppl,2030,2050,M1,year,0.19027016,0.0
1121,South Africa,nuc_ppl,2030,2060,M1,year,0.19027016,0.0
1122,South Africa,nuc_ppl,2040,2040,M1,year,0.0663431,0.0
1123,South Africa,nuc_ppl,2040,2050,M1,year,0.0663431,0.0
1124,South Africa,nuc_ppl,2040,2060,M1,year,0.0663431,0.0
1125,South Africa,nuc_ppl,2040,2070,M1,year,0.0663431,0.0
1126,South Africa,nuc_ppl,2050,2050,M1,year,0.02313241,0.0
1127,South Africa,nuc_ppl,2050,2060,M1,year,0.02313241,0.0
1128,South Africa,nuc_ppl,2050,2070,M1,year,0.02313241,0.0
1129,South Africa,nuc_ppl,2060,2060,M1,year,0.008065772,0.0
1130,South Africa,nuc_ppl,2060,2070,M1,year,0.008065772,0.0
1131,South Africa,nuc_ppl,2070,2070,M1,year,0.0028123609,0.0
1132,South Africa,solar_th_ppl_base,2010,2010,M1,year,0.0,0.0
1133,South Africa,solar_th_ppl_base,2010,2020,M1,year,0.0,0.0
1134,South Africa,solar_th_ppl_base,2010,2030,M1,year,0.0,0.0
1135,South Africa,solar_th_ppl_base,2010,2040,M1,year,0.0,0.0
1136,South Africa,solar_th_ppl_base,2020,2020,M1,year,0.0,0.0
1137,South Africa,solar_th_ppl_base,2020,2030,M1,year,0.0,0.0
1138,South Africa,solar_th_ppl_base,2020,2040,M1,year,0.0,0.0
1139,South Africa,solar_th_ppl_base,2030,2030,M1,year,0.0,0.0
1140,South Africa,solar_th_ppl_base,2030,2040,M1,year,0.0,0.0
1141,South Africa,solar_th_ppl_base,2030,2050,M1,year,0.0,0.0
1142,South Africa,solar_th_ppl_base,2040,2040,M1,year,0.0,0.0
1143,South Africa,solar_th_ppl_base,2040,2050,M1,year,0.0,0.0
1144,South Africa,solar_th_ppl_base,2040,2060,M1,year,0.0,0.0
1145,South Africa,solar_th_ppl_base,2050,2050,M1,year,0.0,0.0
1146,South Africa,solar_th_ppl_base,2050,2060,M1,year,0.0,0.0
1147,South Africa,solar_th_ppl_base,2050,2070,M1,year,0.0,0.0
1148,South Africa,solar_th_ppl_base,2060,2060,M1,year,0.0,0.0
1149,South Africa,solar_th_ppl_base,2060,2070,M1,year,0.0,0.0
1150,South Africa,solar_th_ppl_base,2070,2070,M1,year,0.0,0.0
1151,South Africa,coal_exp,2010,2010,M1,year,0.0,0.0
1152,South Africa,coal_exp,2020,2020,M1,year,60.351067,0.0
1153,South Africa,coal_exp,2030,2030,M1,year,49.311214,0.0
1154,South Africa,coal_exp,2040,2040,M1,year,40.290855,0.0
1155,South Africa,coal_exp,2050,2050,M1,year,32.920563,0.0
1156,South Africa,coal_exp,2060,2060,M1,year,26.898495,0.0
1157,South Africa,coal_exp,2070,2070,M1,year,21.97803,0.0
1158,South Africa,solar_i,2010,2010,M1,year,0.0,0.0
1159,South Africa,solar_i,2010,2020,M1,year,0.0,0.0
1160,South Africa,solar_i,2020,2020,M1,year,0.03297705,0.0
1161,South Africa,solar_i,2020,2030,M1,year,0.024903359,0.0
1162,South Africa,solar_i,2030,2030,M1,year,0.011329743,0.0
1163,South Africa,solar_i,2030,2040,M1,year,0.0038390895,0.0
1164,South Africa,solar_i,2040,2040,M1,year,0.017855005,0.0
1165,South Africa,solar_i,2040,2050,M1,year,0.0022986047,0.0
1166,South Africa,solar_i,2050,2050,M1,year,0.010690452,0.0
1167,South Africa,solar_i,2050,2060,M1,year,0.0013762595,0.0
1168,South Africa,solar_i,2060,2060,M1,year,0.006400768,0.0
1169,South Africa,solar_i,2060,2070,M1,year,0.00049236685,0.0
1170,South Africa,solar_i,2070,2070,M1,year,0.64107025,0.0
1171,South Africa,gas_extr,2010,2010,M1,year,0.0,0.0
1172,South Africa,gas_extr,2010,2020,M1,year,0.0,0.0
1173,South Africa,gas_extr,2020,2020,M1,year,0.029035345,0.0
1174,South Africa,gas_extr,2030,2030,M1,year,0.00041934758,0.0
1175,South Africa,gas_extr,2040,2040,M1,year,0.0002510789,0.0
1176,South Africa,gas_extr,2050,2050,M1,year,0.0001503302,0.0
1177,South Africa,gas_extr,2060,2060,M1,year,9.0008245e-05,0.0
1178,South Africa,gas_extr,2070,2070,M1,year,5.389126e-05,0.0
1179,South Africa,bio_extr,2010,2010,M1,year,0.0,0.0
1180,South Africa,bio_extr,2020,2020,M1,year,14.551256,0.0
1181,South Africa,bio_extr,2030,2030,M1,year,15.425121,0.0
1182,South Africa,bio_extr,2040,2040,M1,year,12.904883,0.0
1183,South Africa,bio_extr,2050,2050,M1,year,9.22675,0.0
1184,South Africa,bio_extr,2060,2060,M1,year,5.5288014,0.0
1185,South Africa,bio_extr,2070,2070,M1,year,2.0475452,0.0
1186,South Africa,gas_imp,2010,2010,M1,year,0.0,0.0
1187,South Africa,gas_imp,2020,2020,M1,year,4.4999614,0.0
1188,South Africa,gas_imp,2030,2030,M1,year,2.694293,0.0
1189,South Africa,gas_imp,2040,2040,M1,year,1.6131728,0.0
1190,South Africa,gas_imp,2050,2050,M1,year,0.96586615,0.0
1191,South Africa,gas_imp,2060,2060,M1,year,0.5782997,0.0
1192,South Africa,gas_imp,2070,2070,M1,year,0.3462494,0.0
1193,South Africa,solar_rc,2000,2000,M1,year,0.0,0.0
1194,South Africa,solar_rc,2005,2005,M1,year,0.0,0.0
1195,South Africa,solar_rc,2010,2010,M1,year,0.0,0.0
1196,South Africa,solar_rc,2020,2020,M1,year,0.2668143,0.0
1197,South Africa,solar_rc,2030,2030,M1,year,0.7024925,0.0
1198,South Africa,solar_rc,2040,2040,M1,year,1.2880075,0.0
1199,South Africa,solar_rc,2050,2050,M1,year,2.0748906,0.0
1200,South Africa,solar_rc,2060,2060,M1,year,3.132396,0.0
1201,South Africa,solar_rc,2070,2070,M1,year,4.492536,0.0
1202,South Africa,wind_ppl,2000,2010,M1,year,0.0,0.0
1203,South Africa,wind_ppl,2000,2020,M1,year,0.0,149.2185
1204,South Africa,wind_ppl,2000,2030,M1,year,0.0,0.0
1205,South Africa,wind_ppl,2005,2010,M1,year,0.0,0.0
1206,South Africa,wind_ppl,2005,2020,M1,year,0.0,149.2185
1207,South Africa,wind_ppl,2005,2030,M1,year,0.0,0.0
1208,South Africa,wind_ppl,2010,2010,M1,year,0.0,0.0
1209,South Africa,wind_ppl,2010,2020,M1,year,0.0,0.0
1210,South Africa,wind_ppl,2010,2030,M1,year,0.044999998,0.0
1211,South Africa,wind_ppl,2010,2040,M1,year,0.022499999,0.0
1212,South Africa,wind_ppl,2020,2020,M1,year,0.28504565,0.0
1213,South Africa,wind_ppl,2020,2030,M1,year,0.0,-1.7763568e-15
1214,South Africa,wind_ppl,2020,2040,M1,year,0.78530955,0.0
1215,South Africa,wind_ppl,2030,2030,M1,year,0.955,0.0
1216,South Africa,wind_ppl,2030,2040,M1,year,0.24177615,0.0
1217,South Africa,wind_ppl,2030,2050,M1,year,2.104337,0.0
1218,South Africa,wind_ppl,2040,2040,M1,year,3.1165123,0.0
1219,South Africa,wind_ppl,2040,2050,M1,year,0.0,3.5527137e-15
1220,South Africa,wind_ppl,2040,2060,M1,year,0.0,0.0
1221,South Africa,wind_ppl,2050,2050,M1,year,10.796919,0.0
1222,South Africa,wind_ppl,2050,2060,M1,year,1.1214275,0.0
1223,South Africa,wind_ppl,2050,2070,M1,year,6.725664,0.0
1224,South Africa,wind_ppl,2060,2060,M1,year,15.926467,0.0
1225,South Africa,wind_ppl,2060,2070,M1,year,8.835888,0.0
1226,South Africa,wind_ppl,2070,2070,M1,year,0.0,0.0
1227,South Africa,foil_exp,2010,2010,M1,year,0.0,0.0
1228,South Africa,foil_exp,2020,2020,M1,year,4.3389482,0.0
1229,South Africa,foil_exp,2030,2030,M1,year,0.0,75.987434
1230,South Africa,foil_exp,2040,2040,M1,year,0.0,46.28007
1231,South Africa,foil_exp,2050,2050,M1,year,0.0,30.035946
1232,South Africa,foil_exp,2060,2060,M1,year,0.0,19.252844
1233,South Africa,foil_exp,2070,2070,M1,year,0.0,12.378679
1234,South Africa,oil_exp,2010,2010,M1,year,0.0,0.0
1235,South Africa,oil_exp,2020,2020,M1,year,0.0,25.79536
1236,South Africa,oil_exp,2030,2030,M1,year,0.0,19.08988
1237,South Africa,oil_exp,2040,2040,M1,year,0.0,13.027973
1238,South Africa,oil_exp,2050,2050,M1,year,0.0,9.370628
1239,South Africa,oil_exp,2060,2060,M1,year,0.0,6.595399
1240,South Africa,oil_exp,2070,2070,M1,year,0.0,5.4142833
1241,South Africa,oil_extr,2010,2010,M1,year,0.0,0.0
1242,South Africa,oil_extr,2010,2020,M1,year,0.0,0.0
1243,South Africa,oil_extr,2020,2020,M1,year,0.0,0.08267543
1244,South Africa,oil_extr,2030,2030,M1,year,0.0,0.0
1245,South Africa,oil_extr,2040,2040,M1,year,0.0,0.0
1246,South Africa,oil_extr,2050,2050,M1,year,0.3,0.0
1247,South Africa,oil_extr,2060,2060,M1,year,0.0,0.0
1248,South Africa,oil_extr,2070,2070,M1,year,0.0,0.0
1249,South Africa,gas_exp,2010,2010,M1,year,0.0,0.0
1250,South Africa,gas_exp,2020,2020,M1,year,0.00070038706,0.0
1251,South Africa,gas_exp,2030,2030,M1,year,0.00041934758,0.0
1252,South Africa,gas_exp,2040,2040,M1,year,0.0002510789,0.0
1253,South Africa,gas_exp,2050,2050,M1,year,0.0001503302,0.0
1254,South Africa,gas_exp,2060,2060,M1,year,9.0008245e-05,0.0
1255,South Africa,gas_exp,2070,2070,M1,year,5.389126e-05,0.0
1256,South Africa,oil_imp,2010,2010,M1,year,0.0,0.0
1257,South Africa,oil_imp,2020,2020,M1,year,29.536146,0.0
1258,South Africa,oil_imp,2030,2030,M1,year,38.873352,0.0
1259,South Africa,oil_imp,2040,2040,M1,year,43.901566,0.0
1260,South Africa,oil_imp,2050,2050,M1,year,46.46233,0.0
1261,South Africa,oil_imp,2060,2060,M1,year,44.941437,0.0
1262,South Africa,oil_imp,2070,2070,M1,year,35.136124,0.0
1263,South Africa,loil_imp,2010,2010,M1,year,0.0,0.0
1264,South Africa,loil_imp,2020,2020,M1,year,3.4291863,0.0
1265,South Africa,loil_imp,2030,2030,M1,year,2.0531805,0.0
1266,South Africa,loil_imp,2040,2040,M1,year,1.229315,0.0
1267,South Africa,loil_imp,2050,2050,M1,year,0.7360363,0.0
1268,South Africa,loil_imp,2060,2060,M1,year,0.44069213,0.0
1269,South Africa,loil_imp,2070,2070,M1,year,0.26385865,0.0
1270,South Africa,loil_exp,2010,2010,M1,year,0.0,0.0
1271,South Africa,loil_exp,2020,2020,M1,year,0.2424472,0.0
1272,South Africa,loil_exp,2030,2030,M1,year,0.14516209,0.0
1273,South Africa,loil_exp,2040,2040,M1,year,0.086913906,0.0
1274,South Africa,loil_exp,2050,2050,M1,year,0.052038565,0.0
1275,South Africa,loil_exp,2060,2060,M1,year,0.031157412,0.0
1276,South Africa,loil_exp,2070,2070,M1,year,0.018655093,0.0
1277,South Africa,bio_ind,2010,2010,M1,year,0.0,0.0
1278,South Africa,solar_pv_ppl,2005,2010,M1,year,0.0,0.0
1279,South Africa,solar_pv_ppl,2005,2020,M1,year,8.6e-05,0.0
1280,South Africa,solar_pv_ppl,2005,2030,M1,year,0.0,0.0
1281,South Africa,solar_pv_ppl,2010,2010,M1,year,0.0,0.0
1282,South Africa,solar_pv_ppl,2010,2020,M1,year,0.004516,0.0
1283,South Africa,solar_pv_ppl,2010,2030,M1,year,0.004516,0.0
1284,South Africa,solar_pv_ppl,2010,2040,M1,year,0.0,9.39074
1285,South Africa,solar_pv_ppl,2020,2020,M1,year,0.21967882,0.0
1286,South Africa,solar_pv_ppl,2020,2030,M1,year,0.0,-1.7763568e-15
1287,South Africa,solar_pv_ppl,2020,2040,M1,year,0.32897893,0.0
1288,South Africa,solar_pv_ppl,2030,2030,M1,year,0.29762125,0.0
1289,South Africa,solar_pv_ppl,2030,2040,M1,year,0.0,0.0
1290,South Africa,solar_pv_ppl,2030,2050,M1,year,0.11470785,0.0
1291,South Africa,solar_pv_ppl,2040,2040,M1,year,0.0,0.0
1292,South Africa,solar_pv_ppl,2040,2050,M1,year,0.0,0.0
1293,South Africa,solar_pv_ppl,2040,2060,M1,year,0.04010874,0.0
1294,South Africa,solar_pv_ppl,2050,2050,M1,year,0.0,0.0
1295,South Africa,solar_pv_ppl,2050,2060,M1,year,0.0,0.0
1296,South Africa,solar_pv_ppl,2050,2070,M1,year,0.014097639,0.0
1297,South Africa,solar_pv_ppl,2060,2060,M1,year,0.0,0.0
1298,South Africa,solar_pv_ppl,2060,2070,M1,year,0.0,0.0
1299,South Africa,solar_pv_ppl,2070,2070,M1,year,0.0,0.0
1300,South Africa,elec_imp,2010,2010,M1,year,0.0,0.0
1301,South Africa,elec_imp,2020,2020,M1,year,1.4911708,0.0
1302,South Africa,elec_imp,2030,2030,M1,year,0.892819,0.0
1303,South Africa,elec_imp,2040,2040,M1,year,0.5345637,0.0
1304,South Africa,elec_imp,2050,2050,M1,year,0.32006305,0.0
1305,South Africa,elec_imp,2060,2060,M1,year,0.19163357,0.0
1306,South Africa,elec_imp,2070,2070,M1,year,0.11473809,0.0
1307,South Africa,foil_imp,2010,2010,M1,year,0.0,0.0
1308,South Africa,foil_imp,2020,2020,M1,year,8.99608,0.0
1309,South Africa,foil_imp,2030,2030,M1,year,0.0,6.2462707
1310,South Africa,foil_imp,2040,2040,M1,year,0.0,5.905267
1311,South Africa,foil_imp,2050,2050,M1,year,0.0,3.7856832
1312,South Africa,foil_imp,2060,2060,M1,year,0.0,2.606143
1313,South Africa,foil_imp,2070,2070,M1,year,0.0,1.7133483
1314,South Africa,coal_imp,2010,2010,M1,year,0.0,0.0
1315,South Africa,coal_imp,2020,2020,M1,year,1.7,0.0
1316,South Africa,coal_imp,2030,2030,M1,year,1.3890238,0.0
1317,South Africa,coal_imp,2040,2040,M1,year,1.1349336,0.0
1318,South Africa,coal_imp,2050,2050,M1,year,0.9273234,0.0
1319,South Africa,coal_imp,2060,2060,M1,year,0.7576907,0.0
1320,South Africa,coal_imp,2070,2070,M1,year,0.6190885,0.0
1321,South Africa,gas_ind,2010,2010,M1,year,0.0,0.0
1322,South Africa,hydro_ppl,1960,2010,M1,year,0.0,0.0
1323,South Africa,hydro_ppl,1960,2020,M1,year,0.0,0.0
1324,South Africa,hydro_ppl,1965,2010,M1,year,0.0,0.0
1325,South Africa,hydro_ppl,1965,2020,M1,year,0.0,0.0
1326,South Africa,hydro_ppl,1970,2010,M1,year,0.0,0.0
1327,South Africa,hydro_ppl,1970,2020,M1,year,0.0,0.0
1328,South Africa,hydro_ppl,1970,2030,M1,year,0.0,0.0
1329,South Africa,hydro_ppl,1975,2010,M1,year,0.0,0.0
1330,South Africa,hydro_ppl,1975,2020,M1,year,0.0,0.0
1331,South Africa,hydro_ppl,1975,2030,M1,year,0.0,0.0
1332,South Africa,hydro_ppl,1980,2010,M1,year,0.0,0.0
1333,South Africa,hydro_ppl,1980,2020,M1,year,0.07649524,0.0
1334,South Africa,hydro_ppl,1980,2030,M1,year,0.020594286,0.0
1335,South Africa,hydro_ppl,1980,2040,M1,year,0.0,0.0
1336,South Africa,hydro_ppl,1985,2010,M1,year,0.0,0.0
1337,South Africa,hydro_ppl,1985,2020,M1,year,0.0,0.0
1338,South Africa,hydro_ppl,1985,2030,M1,year,0.0,0.0
1339,South Africa,hydro_ppl,1985,2040,M1,year,0.0,0.0
1340,South Africa,hydro_ppl,1990,2010,M1,year,0.0,0.0
1341,South Africa,hydro_ppl,1990,2020,M1,year,0.0,0.0
1342,South Africa,hydro_ppl,1990,2030,M1,year,0.0,0.0
1343,South Africa,hydro_ppl,1990,2040,M1,year,0.0,0.0
1344,South Africa,hydro_ppl,1990,2050,M1,year,0.0,0.0
1345,South Africa,hydro_ppl,2005,2010,M1,year,0.0,0.0
1346,South Africa,hydro_ppl,2005,2020,M1,year,0.0,0.0
1347,South Africa,hydro_ppl,2005,2030,M1,year,0.0,0.0
1348,South Africa,hydro_ppl,2005,2040,M1,year,0.0011028299,0.0
1349,South Africa,hydro_ppl,2005,2050,M1,year,0.0,0.0
1350,South Africa,hydro_ppl,2005,2060,M1,year,0.0,0.0
1351,South Africa,hydro_ppl,2010,2010,M1,year,0.0,0.0
1352,South Africa,hydro_ppl,2010,2020,M1,year,0.0045065996,0.0
1353,South Africa,hydro_ppl,2010,2030,M1,year,0.0045065996,0.0
1354,South Africa,hydro_ppl,2010,2040,M1,year,0.0045065996,0.0
1355,South Africa,hydro_ppl,2010,2050,M1,year,0.0045065996,0.0
1356,South Africa,hydro_ppl,2010,2060,M1,year,0.0045065996,0.0
1357,South Africa,hydro_ppl,2010,2070,M1,year,0.0,0.0
1358,South Africa,hydro_ppl,2020,2020,M1,year,0.003142708,0.0
1359,South Africa,hydro_ppl,2020,2030,M1,year,0.003142708,0.0
1360,South Africa,hydro_ppl,2020,2040,M1,year,0.003142708,0.0
1361,South Africa,hydro_ppl,2020,2050,M1,year,0.003142708,0.0
1362,South Africa,hydro_ppl,2020,2060,M1,year,0.003142708,0.0
1363,South Africa,hydro_ppl,2020,2070,M1,year,0.003142708,0.0
1364,South Africa,hydro_ppl,2030,2030,M1,year,0.0010957945,0.0
1365,South Africa,hydro_ppl,2030,2040,M1,year,0.0010957945,0.0
1366,South Africa,hydro_ppl,2030,2050,M1,year,0.0010957945,0.0
1367,South Africa,hydro_ppl,2030,2060,M1,year,0.0010957945,0.0
1368,South Africa,hydro_ppl,2030,2070,M1,year,0.0010957945,0.0
1369,South Africa,hydro_ppl,2040,2040,M1,year,0.00038207992,0.0
1370,South Africa,hydro_ppl,2040,2050,M1,year,0.00038207992,0.0
1371,South Africa,hydro_ppl,2040,2060,M1,year,0.00038207992,0.0
1372,South Africa,hydro_ppl,2040,2070,M1,year,0.00038207992,0.0
1373,South Africa,hydro_ppl,2050,2050,M1,year,0.00013322303,0.0
1374,South Africa,hydro_ppl,2050,2060,M1,year,0.00013322303,0.0
1375,South Africa,hydro_ppl,2050,2070,M1,year,0.00013322303,0.0
1376,South Africa,hydro_ppl,2060,2060,M1,year,4.6451998e-05,0.0
1377,South Africa,hydro_ppl,2060,2070,M1,year,4.6451998e-05,0.0
1378,South Africa,hydro_ppl,2070,2070,M1,year,1.619681e-05,0.0
1379,South Africa,elec_exp,2010,2010,M1,year,0.0,0.0
1380,South Africa,elec_exp,2020,2020,M1,year,1.6663264,0.0
1381,South Africa,elec_exp,2030,2030,M1,year,3.4689436,0.0
1382,South Africa,elec_exp,2040,2040,M1,year,6.405217,0.0
1383,South Africa,elec_exp,2050,2050,M1,year,11.188098,0.0
1384,South Africa,elec_exp,2060,2060,M1,year,18.978907,0.0
1385,South Africa,elec_exp,2070,2070,M1,year,31.669312,0.0
1386,South Africa,solar_th_ppl,2010,2010,M1,year,0.0,0.0
1387,South Africa,solar_th_ppl,2010,2020,M1,year,0.0,-7.1054274e-15
1388,South Africa,solar_th_ppl,2010,2030,M1,year,0.0,0.0
1389,South Africa,solar_th_ppl,2010,2040,M1,year,0.0,0.0
1390,South Africa,solar_th_ppl,2020,2020,M1,year,3.0385861,0.0
1391,South Africa,solar_th_ppl,2020,2030,M1,year,2.497881,0.0
1392,South Africa,solar_th_ppl,2020,2040,M1,year,4.4674964,0.0
1393,South Africa,solar_th_ppl,2030,2030,M1,year,1.6001945,0.0
1394,South Africa,solar_th_ppl,2030,2040,M1,year,0.0,-4.440892e-16
1395,South Africa,solar_th_ppl,2030,2050,M1,year,1.3631735,0.0
1396,South Africa,solar_th_ppl,2040,2040,M1,year,0.0,-4.440892e-16
1397,South Africa,solar_th_ppl,2040,2050,M1,year,0.0,-8.881784e-16
1398,South Africa,solar_th_ppl,2040,2060,M1,year,0.5431433,0.0
1399,South Africa,solar_th_ppl,2050,2050,M1,year,0.19454628,0.0
1400,South Africa,solar_th_ppl,2050,2060,M1,year,0.0,0.0
1401,South Africa,solar_th_ppl,2050,2070,M1,year,0.18938234,0.0
1402,South Africa,solar_th_ppl,2060,2060,M1,year,0.0,0.0
1403,South Africa,solar_th_ppl,2060,2070,M1,year,0.0,0.0
1404,South Africa,solar_th_ppl,2070,2070,M1,year,0.0,0.0
1405,South Africa,shale_extr,2020,2020,M1,year,0.0,33895.53
1406,South Africa,shale_extr,2030,2030,M1,year,0.0,20786.885
1407,South Africa,shale_extr,2040,2040,M1,year,0.0,12739.312
1408,South Africa,shale_extr,2050,2050,M1,year,0.0,7798.801
1409,South Africa,shale_extr,2060,2060,M1,year,0.0,4765.7554
1410,South Africa,shale_extr,2070,2070,M1,year,0.0,2903.7288
