,node_loc,technology,year_vtg,year_act,time,value,unit
0,South Africa,bio_istig,2010,2010,year,0.85,%
1,South Africa,bio_istig,2010,2020,year,0.85,%
2,South Africa,bio_istig,2010,2030,year,0.85,%
3,South Africa,bio_istig,2020,2020,year,0.85,%
4,South Africa,bio_istig,2020,2030,year,0.85,%
5,South Africa,bio_istig,2020,2040,year,0.85,%
6,South Africa,bio_istig,2030,2030,year,0.85,%
7,South Africa,bio_istig,2030,2040,year,0.85,%
8,South Africa,bio_istig,2030,2050,year,0.85,%
9,South Africa,bio_istig,2040,2040,year,0.85,%
10,South Africa,bio_istig,2040,2050,year,0.85,%
11,South Africa,bio_istig,2040,2060,year,0.85,%
12,South Africa,bio_istig,2050,2050,year,0.85,%
13,South Africa,bio_istig,2050,2060,year,0.85,%
14,South Africa,bio_istig,2050,2070,year,0.85,%
15,South Africa,bio_istig,2060,2060,year,0.85,%
16,South Africa,bio_istig,2060,2070,year,0.85,%
17,South Africa,bio_istig,2070,2070,year,0.85,%
18,South Africa,biomass_i,1995,1995,year,0.65,%
19,South Africa,biomass_i,1995,2000,year,0.65,%
20,South Africa,biomass_i,1995,2005,year,0.65,%
21,South Africa,biomass_i,1995,2010,year,0.65,%
22,South Africa,biomass_i,2000,2000,year,0.65,%
23,South Africa,biomass_i,2000,2005,year,0.65,%
24,South Africa,biomass_i,2000,2010,year,0.65,%
25,South Africa,biomass_i,2000,2020,year,0.65,%
26,South Africa,biomass_i,2005,2005,year,0.65,%
27,South Africa,biomass_i,2005,2010,year,0.65,%
28,South Africa,biomass_i,2005,2020,year,0.65,%
29,South Africa,biomass_i,2010,2010,year,0.65,%
30,South Africa,biomass_i,2010,2020,year,0.65,%
31,South Africa,biomass_i,2010,2030,year,0.65,%
32,South Africa,biomass_i,2020,2020,year,0.65,%
33,South Africa,biomass_i,2020,2030,year,0.65,%
34,South Africa,biomass_i,2020,2040,year,0.65,%
35,South Africa,biomass_i,2030,2030,year,0.65,%
36,South Africa,biomass_i,2030,2040,year,0.65,%
37,South Africa,biomass_i,2030,2050,year,0.65,%
38,South Africa,biomass_i,2040,2040,year,0.65,%
39,South Africa,biomass_i,2040,2050,year,0.65,%
40,South Africa,biomass_i,2040,2060,year,0.65,%
41,South Africa,biomass_i,2050,2050,year,0.65,%
42,South Africa,biomass_i,2050,2060,year,0.65,%
43,South Africa,biomass_i,2050,2070,year,0.65,%
44,South Africa,biomass_i,2060,2060,year,0.65,%
45,South Africa,biomass_i,2060,2070,year,0.65,%
46,South Africa,biomass_i,2070,2070,year,0.65,%
47,South Africa,biomass_nc,1990,1990,year,1,%
48,South Africa,biomass_nc,1995,1995,year,1,%
49,South Africa,biomass_nc,2000,2000,year,1,%
50,South Africa,biomass_nc,2005,2005,year,1,%
51,South Africa,biomass_nc,2010,2010,year,1,%
52,South Africa,biomass_nc,2020,2020,year,1,%
53,South Africa,biomass_nc,2030,2030,year,1,%
54,South Africa,biomass_nc,2040,2040,year,1,%
55,South Africa,biomass_nc,2050,2050,year,1,%
56,South Africa,biomass_nc,2060,2060,year,1,%
57,South Africa,biomass_nc,2070,2070,year,1,%
58,South Africa,biomass_rc,1995,1995,year,1,%
59,South Africa,biomass_rc,2000,2000,year,1,%
60,South Africa,biomass_rc,2005,2005,year,1,%
61,South Africa,biomass_rc,2010,2010,year,1,%
62,South Africa,biomass_rc,2020,2020,year,1,%
63,South Africa,biomass_rc,2030,2030,year,1,%
64,South Africa,biomass_rc,2040,2040,year,1,%
65,South Africa,biomass_rc,2050,2050,year,1,%
66,South Africa,biomass_rc,2060,2060,year,1,%
67,South Africa,biomass_rc,2070,2070,year,1,%
68,South Africa,biomass_t_d,1990,1990,year,1,%
69,South Africa,biomass_t_d,1995,1995,year,1,%
70,South Africa,biomass_t_d,2000,2000,year,1,%
71,South Africa,biomass_t_d,2005,2005,year,1,%
72,South Africa,biomass_t_d,2010,2010,year,1,%
73,South Africa,biomass_t_d,2020,2020,year,1,%
74,South Africa,biomass_t_d,2030,2030,year,1,%
75,South Africa,biomass_t_d,2040,2040,year,1,%
76,South Africa,biomass_t_d,2050,2050,year,1,%
77,South Africa,biomass_t_d,2060,2060,year,1,%
78,South Africa,biomass_t_d,2070,2070,year,1,%
79,South Africa,coal_adv,2010,2010,year,0.85,%
80,South Africa,coal_adv,2010,2020,year,0.85,%
81,South Africa,coal_adv,2010,2030,year,0.85,%
82,South Africa,coal_adv,2020,2020,year,0.85,%
83,South Africa,coal_adv,2020,2030,year,0.85,%
84,South Africa,coal_adv,2020,2040,year,0.85,%
85,South Africa,coal_adv,2030,2030,year,0.85,%
86,South Africa,coal_adv,2030,2040,year,0.85,%
87,South Africa,coal_adv,2030,2050,year,0.85,%
88,South Africa,coal_adv,2040,2040,year,0.85,%
89,South Africa,coal_adv,2040,2050,year,0.85,%
90,South Africa,coal_adv,2040,2060,year,0.85,%
91,South Africa,coal_adv,2050,2050,year,0.85,%
92,South Africa,coal_adv,2050,2060,year,0.85,%
93,South Africa,coal_adv,2050,2070,year,0.85,%
94,South Africa,coal_adv,2060,2060,year,0.85,%
95,South Africa,coal_adv,2060,2070,year,0.85,%
96,South Africa,coal_adv,2070,2070,year,0.85,%
97,South Africa,coal_adv_ccs,2020,2020,year,0.85,%
98,South Africa,coal_adv_ccs,2020,2030,year,0.85,%
99,South Africa,coal_adv_ccs,2020,2040,year,0.85,%
100,South Africa,coal_adv_ccs,2030,2030,year,0.85,%
101,South Africa,coal_adv_ccs,2030,2040,year,0.85,%
102,South Africa,coal_adv_ccs,2030,2050,year,0.85,%
103,South Africa,coal_adv_ccs,2040,2040,year,0.85,%
104,South Africa,coal_adv_ccs,2040,2050,year,0.85,%
105,South Africa,coal_adv_ccs,2040,2060,year,0.85,%
106,South Africa,coal_adv_ccs,2050,2050,year,0.85,%
107,South Africa,coal_adv_ccs,2050,2060,year,0.85,%
108,South Africa,coal_adv_ccs,2050,2070,year,0.85,%
109,South Africa,coal_adv_ccs,2060,2060,year,0.85,%
110,South Africa,coal_adv_ccs,2060,2070,year,0.85,%
111,South Africa,coal_adv_ccs,2070,2070,year,0.85,%
112,South Africa,coal_bal,1990,1990,year,1,%
113,South Africa,coal_bal,1995,1995,year,1,%
114,South Africa,coal_bal,2000,2000,year,1,%
115,South Africa,coal_bal,2005,2005,year,1,%
116,South Africa,coal_bal,2010,2010,year,1,%
117,South Africa,coal_bal,2020,2020,year,1,%
118,South Africa,coal_bal,2030,2030,year,1,%
119,South Africa,coal_bal,2040,2040,year,1,%
120,South Africa,coal_bal,2050,2050,year,1,%
121,South Africa,coal_bal,2060,2060,year,1,%
122,South Africa,coal_bal,2070,2070,year,1,%
123,South Africa,coal_extr,1990,1990,year,0.9,%
124,South Africa,coal_extr,1995,1995,year,0.9,%
125,South Africa,coal_extr,2000,2000,year,0.9,%
126,South Africa,coal_extr,2005,2005,year,0.9,%
127,South Africa,coal_extr,2010,2010,year,0.9,%
128,South Africa,coal_extr,2020,2020,year,0.9,%
129,South Africa,coal_extr,2030,2030,year,0.9,%
130,South Africa,coal_extr,2040,2040,year,0.9,%
131,South Africa,coal_extr,2050,2050,year,0.9,%
132,South Africa,coal_extr,2060,2060,year,0.9,%
133,South Africa,coal_extr,2070,2070,year,0.9,%
134,South Africa,coal_fs,1990,1990,year,1,%
135,South Africa,coal_fs,1995,1995,year,1,%
136,South Africa,coal_fs,2000,2000,year,1,%
137,South Africa,coal_fs,2005,2005,year,1,%
138,South Africa,coal_fs,2010,2010,year,1,%
139,South Africa,coal_fs,2020,2020,year,1,%
140,South Africa,coal_fs,2030,2030,year,1,%
141,South Africa,coal_fs,2040,2040,year,1,%
142,South Africa,coal_fs,2050,2050,year,1,%
143,South Africa,coal_fs,2060,2060,year,1,%
144,South Africa,coal_fs,2070,2070,year,1,%
145,South Africa,coal_gas,2010,2010,year,0.8,%
146,South Africa,coal_gas,2010,2020,year,0.8,%
147,South Africa,coal_gas,2010,2030,year,0.8,%
148,South Africa,coal_gas,2020,2020,year,0.8,%
149,South Africa,coal_gas,2020,2030,year,0.8,%
150,South Africa,coal_gas,2020,2040,year,0.8,%
151,South Africa,coal_gas,2030,2030,year,0.85,%
152,South Africa,coal_gas,2030,2040,year,0.85,%
153,South Africa,coal_gas,2030,2050,year,0.85,%
154,South Africa,coal_gas,2040,2040,year,0.9,%
155,South Africa,coal_gas,2040,2050,year,0.9,%
156,South Africa,coal_gas,2040,2060,year,0.9,%
157,South Africa,coal_gas,2050,2050,year,0.9,%
158,South Africa,coal_gas,2050,2060,year,0.9,%
159,South Africa,coal_gas,2050,2070,year,0.9,%
160,South Africa,coal_gas,2060,2060,year,0.8,%
161,South Africa,coal_gas,2060,2070,year,0.8,%
162,South Africa,coal_gas,2070,2070,year,0.8,%
163,South Africa,coal_i,1990,1990,year,0.65,%
164,South Africa,coal_i,1990,1995,year,0.65,%
165,South Africa,coal_i,1990,2000,year,0.65,%
166,South Africa,coal_i,1990,2005,year,0.65,%
167,South Africa,coal_i,1990,2010,year,0.65,%
168,South Africa,coal_i,1995,1995,year,0.65,%
169,South Africa,coal_i,1995,2000,year,0.65,%
170,South Africa,coal_i,1995,2005,year,0.65,%
171,South Africa,coal_i,1995,2010,year,0.65,%
172,South Africa,coal_i,2000,2000,year,0.65,%
173,South Africa,coal_i,2000,2005,year,0.65,%
174,South Africa,coal_i,2000,2010,year,0.65,%
175,South Africa,coal_i,2000,2020,year,0.65,%
176,South Africa,coal_i,2005,2005,year,0.65,%
177,South Africa,coal_i,2005,2010,year,0.65,%
178,South Africa,coal_i,2005,2020,year,0.65,%
179,South Africa,coal_i,2010,2010,year,0.65,%
180,South Africa,coal_i,2010,2020,year,0.65,%
181,South Africa,coal_i,2010,2030,year,0.65,%
182,South Africa,coal_i,2020,2020,year,0.65,%
183,South Africa,coal_i,2020,2030,year,0.7,%
184,South Africa,coal_i,2020,2040,year,0.7,%
185,South Africa,coal_i,2030,2030,year,0.7,%
186,South Africa,coal_i,2030,2040,year,0.7,%
187,South Africa,coal_i,2030,2050,year,0.75,%
188,South Africa,coal_i,2040,2040,year,0.75,%
189,South Africa,coal_i,2040,2050,year,0.75,%
190,South Africa,coal_i,2040,2060,year,0.75,%
191,South Africa,coal_i,2050,2050,year,0.75,%
192,South Africa,coal_i,2050,2060,year,0.75,%
193,South Africa,coal_i,2050,2070,year,0.75,%
194,South Africa,coal_i,2060,2060,year,0.75,%
195,South Africa,coal_i,2060,2070,year,0.75,%
196,South Africa,coal_i,2070,2070,year,0.75,%
197,South Africa,coal_ppl,1995,1995,year,0.85,%
198,South Africa,coal_ppl,1995,2000,year,0.85,%
199,South Africa,coal_ppl,1995,2005,year,0.85,%
200,South Africa,coal_ppl,1995,2010,year,0.85,%
201,South Africa,coal_ppl,1995,2020,year,0.85,%
202,South Africa,coal_ppl,2000,2000,year,0.85,%
203,South Africa,coal_ppl,2000,2005,year,0.85,%
204,South Africa,coal_ppl,2000,2010,year,0.85,%
205,South Africa,coal_ppl,2000,2020,year,0.85,%
206,South Africa,coal_ppl,2005,2005,year,0.85,%
207,South Africa,coal_ppl,2005,2010,year,0.85,%
208,South Africa,coal_ppl,2005,2020,year,0.85,%
209,South Africa,coal_ppl,2005,2030,year,0.85,%
210,South Africa,coal_ppl,2010,2010,year,0.85,%
211,South Africa,coal_ppl,2010,2020,year,0.85,%
212,South Africa,coal_ppl,2010,2030,year,0.85,%
213,South Africa,coal_ppl,2020,2020,year,0.85,%
214,South Africa,coal_ppl,2020,2030,year,0.9,%
215,South Africa,coal_ppl,2020,2040,year,0.9,%
216,South Africa,coal_ppl,2030,2030,year,0.9,%
217,South Africa,coal_ppl,2030,2040,year,0.9,%
218,South Africa,coal_ppl,2030,2050,year,0.9,%
219,South Africa,coal_ppl,2040,2040,year,0.9,%
220,South Africa,coal_ppl,2040,2050,year,0.9,%
221,South Africa,coal_ppl,2040,2060,year,0.9,%
222,South Africa,coal_ppl,2050,2050,year,0.9,%
223,South Africa,coal_ppl,2050,2060,year,0.9,%
224,South Africa,coal_ppl,2050,2070,year,0.9,%
225,South Africa,coal_ppl,2060,2060,year,0.9,%
226,South Africa,coal_ppl,2060,2070,year,0.9,%
227,South Africa,coal_ppl,2070,2070,year,0.9,%
228,South Africa,coal_rc,1990,1990,year,1,%
229,South Africa,coal_rc,1995,1995,year,1,%
230,South Africa,coal_rc,2000,2000,year,1,%
231,South Africa,coal_rc,2005,2005,year,1,%
232,South Africa,coal_rc,2010,2010,year,1,%
233,South Africa,coal_rc,2020,2020,year,1,%
234,South Africa,coal_rc,2030,2030,year,1,%
235,South Africa,coal_rc,2040,2040,year,1,%
236,South Africa,coal_rc,2050,2050,year,1,%
237,South Africa,coal_rc,2060,2060,year,1,%
238,South Africa,coal_rc,2070,2070,year,1,%
239,South Africa,coal_t_d,1990,1990,year,1,%
240,South Africa,coal_t_d,1995,1995,year,1,%
241,South Africa,coal_t_d,2000,2000,year,1,%
242,South Africa,coal_t_d,2005,2005,year,1,%
243,South Africa,coal_t_d,2010,2010,year,1,%
244,South Africa,coal_t_d,2020,2020,year,1,%
245,South Africa,coal_t_d,2030,2030,year,1,%
246,South Africa,coal_t_d,2040,2040,year,1,%
247,South Africa,coal_t_d,2050,2050,year,1,%
248,South Africa,coal_t_d,2060,2060,year,1,%
249,South Africa,coal_t_d,2070,2070,year,1,%
250,South Africa,elec_i,1990,1990,year,0.65,%
251,South Africa,elec_i,1990,1995,year,0.65,%
252,South Africa,elec_i,1990,2000,year,0.65,%
253,South Africa,elec_i,1990,2005,year,0.65,%
254,South Africa,elec_i,1995,1995,year,0.65,%
255,South Africa,elec_i,1995,2000,year,0.65,%
256,South Africa,elec_i,1995,2005,year,0.65,%
257,South Africa,elec_i,1995,2010,year,0.65,%
258,South Africa,elec_i,2000,2000,year,0.65,%
259,South Africa,elec_i,2000,2005,year,0.65,%
260,South Africa,elec_i,2000,2010,year,0.65,%
261,South Africa,elec_i,2005,2005,year,0.65,%
262,South Africa,elec_i,2005,2010,year,0.65,%
263,South Africa,elec_i,2005,2020,year,0.65,%
264,South Africa,elec_i,2010,2010,year,0.65,%
265,South Africa,elec_i,2010,2020,year,0.65,%
266,South Africa,elec_i,2020,2020,year,0.65,%
267,South Africa,elec_i,2020,2030,year,0.65,%
268,South Africa,elec_i,2030,2030,year,0.65,%
269,South Africa,elec_i,2030,2040,year,0.65,%
270,South Africa,elec_i,2040,2040,year,0.65,%
271,South Africa,elec_i,2040,2050,year,0.65,%
272,South Africa,elec_i,2050,2050,year,0.65,%
273,South Africa,elec_i,2050,2060,year,0.65,%
274,South Africa,elec_i,2060,2060,year,0.65,%
275,South Africa,elec_i,2060,2070,year,0.65,%
276,South Africa,elec_i,2070,2070,year,0.65,%
277,South Africa,elec_t_d,1965,1990,year,0.55,%
278,South Africa,elec_t_d,1965,1995,year,0.55,%
279,South Africa,elec_t_d,1965,2000,year,0.55,%
280,South Africa,elec_t_d,1965,2005,year,0.55,%
281,South Africa,elec_t_d,1965,2010,year,0.55,%
282,South Africa,elec_t_d,1965,2020,year,0.55,%
283,South Africa,elec_t_d,1970,1990,year,0.55,%
284,South Africa,elec_t_d,1970,1995,year,0.55,%
285,South Africa,elec_t_d,1970,2000,year,0.55,%
286,South Africa,elec_t_d,1970,2005,year,0.55,%
287,South Africa,elec_t_d,1970,2010,year,0.55,%
288,South Africa,elec_t_d,1970,2020,year,0.55,%
289,South Africa,elec_t_d,1975,1990,year,0.55,%
290,South Africa,elec_t_d,1975,1995,year,0.55,%
291,South Africa,elec_t_d,1975,2000,year,0.55,%
292,South Africa,elec_t_d,1975,2005,year,0.55,%
293,South Africa,elec_t_d,1975,2010,year,0.55,%
294,South Africa,elec_t_d,1975,2020,year,0.55,%
295,South Africa,elec_t_d,1975,2030,year,0.55,%
296,South Africa,elec_t_d,1980,1990,year,0.55,%
297,South Africa,elec_t_d,1980,1995,year,0.55,%
298,South Africa,elec_t_d,1980,2000,year,0.55,%
299,South Africa,elec_t_d,1980,2005,year,0.55,%
300,South Africa,elec_t_d,1980,2010,year,0.55,%
301,South Africa,elec_t_d,1980,2020,year,0.55,%
302,South Africa,elec_t_d,1980,2030,year,0.55,%
303,South Africa,elec_t_d,1985,1990,year,0.55,%
304,South Africa,elec_t_d,1985,1995,year,0.55,%
305,South Africa,elec_t_d,1985,2000,year,0.55,%
306,South Africa,elec_t_d,1985,2005,year,0.55,%
307,South Africa,elec_t_d,1985,2010,year,0.55,%
308,South Africa,elec_t_d,1985,2020,year,0.55,%
309,South Africa,elec_t_d,1985,2030,year,0.55,%
310,South Africa,elec_t_d,1985,2040,year,0.55,%
311,South Africa,elec_t_d,1990,1990,year,0.55,%
312,South Africa,elec_t_d,1990,1995,year,0.55,%
313,South Africa,elec_t_d,1990,2000,year,0.55,%
314,South Africa,elec_t_d,1990,2005,year,0.55,%
315,South Africa,elec_t_d,1990,2010,year,0.55,%
316,South Africa,elec_t_d,1990,2020,year,0.55,%
317,South Africa,elec_t_d,1990,2030,year,0.55,%
318,South Africa,elec_t_d,1990,2040,year,0.55,%
319,South Africa,elec_t_d,1995,1995,year,0.55,%
320,South Africa,elec_t_d,1995,2000,year,0.55,%
321,South Africa,elec_t_d,1995,2005,year,0.55,%
322,South Africa,elec_t_d,1995,2010,year,0.55,%
323,South Africa,elec_t_d,1995,2020,year,0.55,%
324,South Africa,elec_t_d,1995,2030,year,0.55,%
325,South Africa,elec_t_d,1995,2040,year,0.55,%
326,South Africa,elec_t_d,1995,2050,year,0.55,%
327,South Africa,elec_t_d,2000,2000,year,0.55,%
328,South Africa,elec_t_d,2000,2005,year,0.55,%
329,South Africa,elec_t_d,2000,2010,year,0.55,%
330,South Africa,elec_t_d,2000,2020,year,0.55,%
331,South Africa,elec_t_d,2000,2030,year,0.55,%
332,South Africa,elec_t_d,2000,2040,year,0.55,%
333,South Africa,elec_t_d,2000,2050,year,0.55,%
334,South Africa,elec_t_d,2005,2005,year,0.55,%
335,South Africa,elec_t_d,2005,2010,year,0.55,%
336,South Africa,elec_t_d,2005,2020,year,0.55,%
337,South Africa,elec_t_d,2005,2030,year,0.55,%
338,South Africa,elec_t_d,2005,2040,year,0.55,%
339,South Africa,elec_t_d,2005,2050,year,0.55,%
340,South Africa,elec_t_d,2005,2060,year,0.55,%
341,South Africa,elec_t_d,2010,2010,year,0.55,%
342,South Africa,elec_t_d,2010,2020,year,0.55,%
343,South Africa,elec_t_d,2010,2030,year,0.55,%
344,South Africa,elec_t_d,2010,2040,year,0.55,%
345,South Africa,elec_t_d,2010,2050,year,0.55,%
346,South Africa,elec_t_d,2010,2060,year,0.55,%
347,South Africa,elec_t_d,2020,2020,year,0.55,%
348,South Africa,elec_t_d,2020,2030,year,0.55,%
349,South Africa,elec_t_d,2020,2040,year,0.55,%
350,South Africa,elec_t_d,2020,2050,year,0.55,%
351,South Africa,elec_t_d,2020,2060,year,0.55,%
352,South Africa,elec_t_d,2020,2070,year,0.55,%
353,South Africa,elec_t_d,2030,2030,year,0.55,%
354,South Africa,elec_t_d,2030,2040,year,0.55,%
355,South Africa,elec_t_d,2030,2050,year,0.55,%
356,South Africa,elec_t_d,2030,2060,year,0.55,%
357,South Africa,elec_t_d,2030,2070,year,0.55,%
358,South Africa,elec_t_d,2040,2040,year,0.55,%
359,South Africa,elec_t_d,2040,2050,year,0.55,%
360,South Africa,elec_t_d,2040,2060,year,0.55,%
361,South Africa,elec_t_d,2040,2070,year,0.55,%
362,South Africa,elec_t_d,2050,2050,year,0.55,%
363,South Africa,elec_t_d,2050,2060,year,0.55,%
364,South Africa,elec_t_d,2050,2070,year,0.55,%
365,South Africa,elec_t_d,2060,2060,year,0.55,%
366,South Africa,elec_t_d,2060,2070,year,0.55,%
367,South Africa,elec_t_d,2070,2070,year,0.55,%
368,South Africa,elec_trp,1990,1990,year,1,%
369,South Africa,elec_trp,1995,1995,year,1,%
370,South Africa,elec_trp,2000,2000,year,1,%
371,South Africa,elec_trp,2005,2005,year,1,%
372,South Africa,elec_trp,2010,2010,year,1,%
373,South Africa,elec_trp,2020,2020,year,1,%
374,South Africa,elec_trp,2030,2030,year,1,%
375,South Africa,elec_trp,2040,2040,year,1,%
376,South Africa,elec_trp,2050,2050,year,1,%
377,South Africa,elec_trp,2060,2060,year,1,%
378,South Africa,elec_trp,2070,2070,year,1,%
379,South Africa,foil_i,1990,1990,year,0.65,%
380,South Africa,foil_i,1990,1995,year,0.65,%
381,South Africa,foil_i,1990,2000,year,0.65,%
382,South Africa,foil_i,1990,2005,year,0.65,%
383,South Africa,foil_i,1990,2010,year,0.65,%
384,South Africa,foil_i,1995,1995,year,0.65,%
385,South Africa,foil_i,1995,2000,year,0.65,%
386,South Africa,foil_i,1995,2005,year,0.65,%
387,South Africa,foil_i,1995,2010,year,0.65,%
388,South Africa,foil_i,2000,2000,year,0.65,%
389,South Africa,foil_i,2000,2005,year,0.65,%
390,South Africa,foil_i,2000,2010,year,0.65,%
391,South Africa,foil_i,2000,2020,year,0.65,%
392,South Africa,foil_i,2005,2005,year,0.65,%
393,South Africa,foil_i,2005,2010,year,0.65,%
394,South Africa,foil_i,2005,2020,year,0.65,%
395,South Africa,foil_i,2010,2010,year,0.65,%
396,South Africa,foil_i,2010,2020,year,0.65,%
397,South Africa,foil_i,2010,2030,year,0.65,%
398,South Africa,foil_i,2020,2020,year,0.65,%
399,South Africa,foil_i,2020,2030,year,0.65,%
400,South Africa,foil_i,2020,2040,year,0.65,%
401,South Africa,foil_i,2030,2030,year,0.65,%
402,South Africa,foil_i,2030,2040,year,0.65,%
403,South Africa,foil_i,2030,2050,year,0.65,%
404,South Africa,foil_i,2040,2040,year,0.65,%
405,South Africa,foil_i,2040,2050,year,0.65,%
406,South Africa,foil_i,2040,2060,year,0.65,%
407,South Africa,foil_i,2050,2050,year,0.65,%
408,South Africa,foil_i,2050,2060,year,0.65,%
409,South Africa,foil_i,2050,2070,year,0.65,%
410,South Africa,foil_i,2060,2060,year,0.65,%
411,South Africa,foil_i,2060,2070,year,0.65,%
412,South Africa,foil_i,2070,2070,year,0.65,%
413,South Africa,foil_ppl,1990,1990,year,0.85,%
414,South Africa,foil_ppl,1990,1995,year,0.85,%
415,South Africa,foil_ppl,1990,2000,year,0.85,%
416,South Africa,foil_ppl,1990,2005,year,0.85,%
417,South Africa,foil_ppl,1990,2010,year,0.85,%
418,South Africa,foil_ppl,1995,1995,year,0.85,%
419,South Africa,foil_ppl,1995,2000,year,0.85,%
420,South Africa,foil_ppl,1995,2005,year,0.85,%
421,South Africa,foil_ppl,1995,2010,year,0.85,%
422,South Africa,foil_ppl,1995,2020,year,0.85,%
423,South Africa,foil_ppl,2000,2000,year,0.85,%
424,South Africa,foil_ppl,2000,2005,year,0.85,%
425,South Africa,foil_ppl,2000,2010,year,0.85,%
426,South Africa,foil_ppl,2000,2020,year,0.85,%
427,South Africa,foil_ppl,2005,2005,year,0.85,%
428,South Africa,foil_ppl,2005,2010,year,0.85,%
429,South Africa,foil_ppl,2005,2020,year,0.85,%
430,South Africa,foil_ppl,2005,2030,year,0.85,%
431,South Africa,foil_ppl,2010,2010,year,0.85,%
432,South Africa,foil_ppl,2010,2020,year,0.85,%
433,South Africa,foil_ppl,2010,2030,year,0.85,%
434,South Africa,foil_ppl,2020,2020,year,0.85,%
435,South Africa,foil_ppl,2020,2030,year,0.85,%
436,South Africa,foil_ppl,2020,2040,year,0.85,%
437,South Africa,foil_ppl,2030,2030,year,0.85,%
438,South Africa,foil_ppl,2030,2040,year,0.85,%
439,South Africa,foil_ppl,2030,2050,year,0.85,%
440,South Africa,foil_ppl,2040,2040,year,0.85,%
441,South Africa,foil_ppl,2040,2050,year,0.85,%
442,South Africa,foil_ppl,2040,2060,year,0.85,%
443,South Africa,foil_ppl,2050,2050,year,0.85,%
444,South Africa,foil_ppl,2050,2060,year,0.85,%
445,South Africa,foil_ppl,2050,2070,year,0.85,%
446,South Africa,foil_ppl,2060,2060,year,0.85,%
447,South Africa,foil_ppl,2060,2070,year,0.85,%
448,South Africa,foil_ppl,2070,2070,year,0.85,%
449,South Africa,foil_rc,1990,1990,year,1,%
450,South Africa,foil_rc,1995,1995,year,1,%
451,South Africa,foil_rc,2000,2000,year,1,%
452,South Africa,foil_rc,2005,2005,year,1,%
453,South Africa,foil_rc,2010,2010,year,1,%
454,South Africa,foil_rc,2020,2020,year,1,%
455,South Africa,foil_rc,2030,2030,year,1,%
456,South Africa,foil_rc,2040,2040,year,1,%
457,South Africa,foil_rc,2050,2050,year,1,%
458,South Africa,foil_rc,2060,2060,year,1,%
459,South Africa,foil_rc,2070,2070,year,1,%
460,South Africa,foil_t_d,1990,1990,year,1,%
461,South Africa,foil_t_d,1995,1995,year,1,%
462,South Africa,foil_t_d,2000,2000,year,1,%
463,South Africa,foil_t_d,2005,2005,year,1,%
464,South Africa,foil_t_d,2010,2010,year,1,%
465,South Africa,foil_t_d,2020,2020,year,1,%
466,South Africa,foil_t_d,2030,2030,year,1,%
467,South Africa,foil_t_d,2040,2040,year,1,%
468,South Africa,foil_t_d,2050,2050,year,1,%
469,South Africa,foil_t_d,2060,2060,year,1,%
470,South Africa,foil_t_d,2070,2070,year,1,%
471,South Africa,foil_trp,1990,1990,year,1,%
472,South Africa,foil_trp,1995,1995,year,1,%
473,South Africa,foil_trp,2000,2000,year,1,%
474,South Africa,foil_trp,2005,2005,year,1,%
475,South Africa,foil_trp,2010,2010,year,1,%
476,South Africa,foil_trp,2020,2020,year,1,%
477,South Africa,foil_trp,2030,2030,year,1,%
478,South Africa,foil_trp,2040,2040,year,1,%
479,South Africa,foil_trp,2050,2050,year,1,%
480,South Africa,foil_trp,2060,2060,year,1,%
481,South Africa,foil_trp,2070,2070,year,1,%
482,South Africa,gas_bal,1990,1990,year,1,%
483,South Africa,gas_bal,1995,1995,year,1,%
484,South Africa,gas_bal,2000,2000,year,1,%
485,South Africa,gas_bal,2005,2005,year,1,%
486,South Africa,gas_bal,2010,2010,year,1,%
487,South Africa,gas_bal,2020,2020,year,1,%
488,South Africa,gas_bal,2030,2030,year,1,%
489,South Africa,gas_bal,2040,2040,year,1,%
490,South Africa,gas_bal,2050,2050,year,1,%
491,South Africa,gas_bal,2060,2060,year,1,%
492,South Africa,gas_bal,2070,2070,year,1,%
493,South Africa,gas_bio,2010,2010,year,0.8,%
494,South Africa,gas_bio,2010,2020,year,0.8,%
495,South Africa,gas_bio,2010,2030,year,0.8,%
496,South Africa,gas_bio,2020,2020,year,0.8,%
497,South Africa,gas_bio,2020,2030,year,0.8,%
498,South Africa,gas_bio,2020,2040,year,0.8,%
499,South Africa,gas_bio,2030,2030,year,0.8,%
500,South Africa,gas_bio,2030,2040,year,0.8,%
501,South Africa,gas_bio,2030,2050,year,0.8,%
502,South Africa,gas_bio,2040,2040,year,0.8,%
503,South Africa,gas_bio,2040,2050,year,0.8,%
504,South Africa,gas_bio,2040,2060,year,0.8,%
505,South Africa,gas_bio,2050,2050,year,0.8,%
506,South Africa,gas_bio,2050,2060,year,0.8,%
507,South Africa,gas_bio,2050,2070,year,0.8,%
508,South Africa,gas_bio,2060,2060,year,0.8,%
509,South Africa,gas_bio,2060,2070,year,0.8,%
510,South Africa,gas_bio,2070,2070,year,0.8,%
511,South Africa,gas_cc,1995,1995,year,0.85,%
512,South Africa,gas_cc,1995,2000,year,0.85,%
513,South Africa,gas_cc,1995,2005,year,0.85,%
514,South Africa,gas_cc,1995,2010,year,0.85,%
515,South Africa,gas_cc,1995,2020,year,0.85,%
516,South Africa,gas_cc,2000,2000,year,0.85,%
517,South Africa,gas_cc,2000,2005,year,0.85,%
518,South Africa,gas_cc,2000,2010,year,0.85,%
519,South Africa,gas_cc,2000,2020,year,0.85,%
520,South Africa,gas_cc,2005,2005,year,0.85,%
521,South Africa,gas_cc,2005,2010,year,0.85,%
522,South Africa,gas_cc,2005,2020,year,0.85,%
523,South Africa,gas_cc,2005,2030,year,0.85,%
524,South Africa,gas_cc,2010,2010,year,0.85,%
525,South Africa,gas_cc,2010,2020,year,0.85,%
526,South Africa,gas_cc,2010,2030,year,0.85,%
527,South Africa,gas_cc,2020,2020,year,0.85,%
528,South Africa,gas_cc,2020,2030,year,0.85,%
529,South Africa,gas_cc,2020,2040,year,0.85,%
530,South Africa,gas_cc,2030,2030,year,0.85,%
531,South Africa,gas_cc,2030,2040,year,0.85,%
532,South Africa,gas_cc,2030,2050,year,0.85,%
533,South Africa,gas_cc,2040,2040,year,0.85,%
534,South Africa,gas_cc,2040,2050,year,0.85,%
535,South Africa,gas_cc,2040,2060,year,0.85,%
536,South Africa,gas_cc,2050,2050,year,0.85,%
537,South Africa,gas_cc,2050,2060,year,0.85,%
538,South Africa,gas_cc,2050,2070,year,0.85,%
539,South Africa,gas_cc,2060,2060,year,0.85,%
540,South Africa,gas_cc,2060,2070,year,0.85,%
541,South Africa,gas_cc,2070,2070,year,0.85,%
542,South Africa,gas_cc_ccs,2020,2020,year,0.85,%
543,South Africa,gas_cc_ccs,2020,2030,year,0.85,%
544,South Africa,gas_cc_ccs,2020,2040,year,0.85,%
545,South Africa,gas_cc_ccs,2030,2030,year,0.85,%
546,South Africa,gas_cc_ccs,2030,2040,year,0.85,%
547,South Africa,gas_cc_ccs,2030,2050,year,0.85,%
548,South Africa,gas_cc_ccs,2040,2040,year,0.85,%
549,South Africa,gas_cc_ccs,2040,2050,year,0.85,%
550,South Africa,gas_cc_ccs,2040,2060,year,0.85,%
551,South Africa,gas_cc_ccs,2050,2050,year,0.85,%
552,South Africa,gas_cc_ccs,2050,2060,year,0.85,%
553,South Africa,gas_cc_ccs,2050,2070,year,0.85,%
554,South Africa,gas_cc_ccs,2060,2060,year,0.85,%
555,South Africa,gas_cc_ccs,2060,2070,year,0.85,%
556,South Africa,gas_cc_ccs,2070,2070,year,0.85,%
557,South Africa,gas_ct,1990,1990,year,0.375,%
558,South Africa,gas_ct,1990,1995,year,0.38,%
559,South Africa,gas_ct,1990,2000,year,0.4,%
560,South Africa,gas_ct,1990,2005,year,0.45,%
561,South Africa,gas_ct,1990,2010,year,0.5,%
562,South Africa,gas_ct,1995,1995,year,0.38,%
563,South Africa,gas_ct,1995,2000,year,0.4,%
564,South Africa,gas_ct,1995,2005,year,0.45,%
565,South Africa,gas_ct,1995,2010,year,0.5,%
566,South Africa,gas_ct,1995,2020,year,0.6,%
567,South Africa,gas_ct,2000,2000,year,0.4,%
568,South Africa,gas_ct,2000,2005,year,0.45,%
569,South Africa,gas_ct,2000,2010,year,0.5,%
570,South Africa,gas_ct,2000,2020,year,0.6,%
571,South Africa,gas_ct,2005,2005,year,0.45,%
572,South Africa,gas_ct,2005,2010,year,0.5,%
573,South Africa,gas_ct,2005,2020,year,0.6,%
574,South Africa,gas_ct,2005,2030,year,0.6,%
575,South Africa,gas_ct,2010,2010,year,0.5,%
576,South Africa,gas_ct,2010,2020,year,0.6,%
577,South Africa,gas_ct,2010,2030,year,0.6,%
578,South Africa,gas_ct,2020,2020,year,0.6,%
579,South Africa,gas_ct,2020,2030,year,0.6,%
580,South Africa,gas_ct,2020,2040,year,0.65,%
581,South Africa,gas_ct,2030,2030,year,0.6,%
582,South Africa,gas_ct,2030,2040,year,0.65,%
583,South Africa,gas_ct,2030,2050,year,0.65,%
584,South Africa,gas_ct,2040,2040,year,0.65,%
585,South Africa,gas_ct,2040,2050,year,0.65,%
586,South Africa,gas_ct,2040,2060,year,0.65,%
587,South Africa,gas_ct,2050,2050,year,0.65,%
588,South Africa,gas_ct,2050,2060,year,0.65,%
589,South Africa,gas_ct,2050,2070,year,0.65,%
590,South Africa,gas_ct,2060,2060,year,0.65,%
591,South Africa,gas_ct,2060,2070,year,0.65,%
592,South Africa,gas_ct,2070,2070,year,0.65,%
593,South Africa,gas_fs,1995,1995,year,1,%
594,South Africa,gas_fs,2000,2000,year,1,%
595,South Africa,gas_fs,2005,2005,year,1,%
596,South Africa,gas_fs,2010,2010,year,1,%
597,South Africa,gas_fs,2020,2020,year,1,%
598,South Africa,gas_fs,2030,2030,year,1,%
599,South Africa,gas_fs,2040,2040,year,1,%
600,South Africa,gas_fs,2050,2050,year,1,%
601,South Africa,gas_fs,2060,2060,year,1,%
602,South Africa,gas_fs,2070,2070,year,1,%
603,South Africa,gas_i,1990,1990,year,0.65,%
604,South Africa,gas_i,1990,1995,year,0.65,%
605,South Africa,gas_i,1990,2000,year,0.65,%
606,South Africa,gas_i,1990,2005,year,0.65,%
607,South Africa,gas_i,1990,2010,year,0.65,%
608,South Africa,gas_i,1995,1995,year,0.65,%
609,South Africa,gas_i,1995,2000,year,0.65,%
610,South Africa,gas_i,1995,2005,year,0.65,%
611,South Africa,gas_i,1995,2010,year,0.65,%
612,South Africa,gas_i,2000,2000,year,0.65,%
613,South Africa,gas_i,2000,2005,year,0.65,%
614,South Africa,gas_i,2000,2010,year,0.65,%
615,South Africa,gas_i,2000,2020,year,0.65,%
616,South Africa,gas_i,2005,2005,year,0.65,%
617,South Africa,gas_i,2005,2010,year,0.65,%
618,South Africa,gas_i,2005,2020,year,0.65,%
619,South Africa,gas_i,2010,2010,year,0.65,%
620,South Africa,gas_i,2010,2020,year,0.65,%
621,South Africa,gas_i,2010,2030,year,0.65,%
622,South Africa,gas_i,2020,2020,year,0.65,%
623,South Africa,gas_i,2020,2030,year,0.65,%
624,South Africa,gas_i,2020,2040,year,0.65,%
625,South Africa,gas_i,2030,2030,year,0.65,%
626,South Africa,gas_i,2030,2040,year,0.65,%
627,South Africa,gas_i,2030,2050,year,0.65,%
628,South Africa,gas_i,2040,2040,year,0.65,%
629,South Africa,gas_i,2040,2050,year,0.65,%
630,South Africa,gas_i,2040,2060,year,0.65,%
631,South Africa,gas_i,2050,2050,year,0.65,%
632,South Africa,gas_i,2050,2060,year,0.65,%
633,South Africa,gas_i,2050,2070,year,0.65,%
634,South Africa,gas_i,2060,2060,year,0.65,%
635,South Africa,gas_i,2060,2070,year,0.65,%
636,South Africa,gas_i,2070,2070,year,0.65,%
637,South Africa,gas_ppl,1985,1990,year,0.7,%
638,South Africa,gas_ppl,1985,1995,year,0.69,%
639,South Africa,gas_ppl,1985,2000,year,0.68,%
640,South Africa,gas_ppl,1985,2005,year,0.67,%
641,South Africa,gas_ppl,1985,2010,year,0.66,%
642,South Africa,gas_ppl,1990,1990,year,0.7,%
643,South Africa,gas_ppl,1990,1995,year,0.69,%
644,South Africa,gas_ppl,1990,2000,year,0.68,%
645,South Africa,gas_ppl,1990,2005,year,0.67,%
646,South Africa,gas_ppl,1990,2010,year,0.66,%
647,South Africa,gas_ppl,1995,1995,year,0.69,%
648,South Africa,gas_ppl,1995,2000,year,0.68,%
649,South Africa,gas_ppl,1995,2005,year,0.67,%
650,South Africa,gas_ppl,1995,2010,year,0.66,%
651,South Africa,gas_ppl,1995,2020,year,0.65,%
652,South Africa,gas_ppl,2000,2000,year,0.68,%
653,South Africa,gas_ppl,2000,2005,year,0.67,%
654,South Africa,gas_ppl,2000,2010,year,0.66,%
655,South Africa,gas_ppl,2000,2020,year,0.65,%
656,South Africa,gas_ppl,2005,2005,year,0.67,%
657,South Africa,gas_ppl,2005,2010,year,0.66,%
658,South Africa,gas_ppl,2005,2020,year,0.65,%
659,South Africa,gas_ppl,2005,2030,year,0.65,%
660,South Africa,gas_ppl,2010,2010,year,0.66,%
661,South Africa,gas_ppl,2010,2020,year,0.65,%
662,South Africa,gas_ppl,2010,2030,year,0.65,%
663,South Africa,gas_ppl,2020,2020,year,0.65,%
664,South Africa,gas_ppl,2020,2030,year,0.65,%
665,South Africa,gas_ppl,2020,2040,year,0.65,%
666,South Africa,gas_ppl,2030,2030,year,0.65,%
667,South Africa,gas_ppl,2030,2040,year,0.65,%
668,South Africa,gas_ppl,2030,2050,year,0.65,%
669,South Africa,gas_ppl,2040,2040,year,0.65,%
670,South Africa,gas_ppl,2040,2050,year,0.65,%
671,South Africa,gas_ppl,2040,2060,year,0.65,%
672,South Africa,gas_ppl,2050,2050,year,0.65,%
673,South Africa,gas_ppl,2050,2060,year,0.65,%
674,South Africa,gas_ppl,2050,2070,year,0.65,%
675,South Africa,gas_ppl,2060,2060,year,0.65,%
676,South Africa,gas_ppl,2060,2070,year,0.65,%
677,South Africa,gas_ppl,2070,2070,year,0.65,%
678,South Africa,gas_rc,1990,1990,year,1,%
679,South Africa,gas_rc,1995,1995,year,1,%
680,South Africa,gas_rc,2000,2000,year,1,%
681,South Africa,gas_rc,2005,2005,year,1,%
682,South Africa,gas_rc,2010,2010,year,1,%
683,South Africa,gas_rc,2020,2020,year,1,%
684,South Africa,gas_rc,2030,2030,year,1,%
685,South Africa,gas_rc,2040,2040,year,1,%
686,South Africa,gas_rc,2050,2050,year,1,%
687,South Africa,gas_rc,2060,2060,year,1,%
688,South Africa,gas_rc,2070,2070,year,1,%
689,South Africa,gas_t_d,1975,1990,year,0.7,%
690,South Africa,gas_t_d,1975,1995,year,0.7,%
691,South Africa,gas_t_d,1975,2000,year,0.7,%
692,South Africa,gas_t_d,1975,2005,year,0.7,%
693,South Africa,gas_t_d,1975,2010,year,0.7,%
694,South Africa,gas_t_d,1980,1990,year,0.7,%
695,South Africa,gas_t_d,1980,1995,year,0.7,%
696,South Africa,gas_t_d,1980,2000,year,0.7,%
697,South Africa,gas_t_d,1980,2005,year,0.7,%
698,South Africa,gas_t_d,1980,2010,year,0.7,%
699,South Africa,gas_t_d,1985,1990,year,0.7,%
700,South Africa,gas_t_d,1985,1995,year,0.7,%
701,South Africa,gas_t_d,1985,2000,year,0.7,%
702,South Africa,gas_t_d,1985,2005,year,0.7,%
703,South Africa,gas_t_d,1985,2010,year,0.7,%
704,South Africa,gas_t_d,1985,2020,year,0.7,%
705,South Africa,gas_t_d,1990,1990,year,0.7,%
706,South Africa,gas_t_d,1990,1995,year,0.7,%
707,South Africa,gas_t_d,1990,2000,year,0.7,%
708,South Africa,gas_t_d,1990,2005,year,0.7,%
709,South Africa,gas_t_d,1990,2010,year,0.7,%
710,South Africa,gas_t_d,1990,2020,year,0.7,%
711,South Africa,gas_t_d,1995,1995,year,0.7,%
712,South Africa,gas_t_d,1995,2000,year,0.7,%
713,South Africa,gas_t_d,1995,2005,year,0.7,%
714,South Africa,gas_t_d,1995,2010,year,0.7,%
715,South Africa,gas_t_d,1995,2020,year,0.7,%
716,South Africa,gas_t_d,1995,2030,year,0.7,%
717,South Africa,gas_t_d,2000,2000,year,0.7,%
718,South Africa,gas_t_d,2000,2005,year,0.7,%
719,South Africa,gas_t_d,2000,2010,year,0.7,%
720,South Africa,gas_t_d,2000,2020,year,0.7,%
721,South Africa,gas_t_d,2000,2030,year,0.7,%
722,South Africa,gas_t_d,2005,2005,year,0.7,%
723,South Africa,gas_t_d,2005,2010,year,0.7,%
724,South Africa,gas_t_d,2005,2020,year,0.7,%
725,South Africa,gas_t_d,2005,2030,year,0.7,%
726,South Africa,gas_t_d,2005,2040,year,0.7,%
727,South Africa,gas_t_d,2010,2010,year,0.7,%
728,South Africa,gas_t_d,2010,2020,year,0.7,%
729,South Africa,gas_t_d,2010,2030,year,0.7,%
730,South Africa,gas_t_d,2010,2040,year,0.7,%
731,South Africa,gas_t_d,2020,2020,year,0.7,%
732,South Africa,gas_t_d,2020,2030,year,0.7,%
733,South Africa,gas_t_d,2020,2040,year,0.7,%
734,South Africa,gas_t_d,2020,2050,year,0.7,%
735,South Africa,gas_t_d,2030,2030,year,0.7,%
736,South Africa,gas_t_d,2030,2040,year,0.7,%
737,South Africa,gas_t_d,2030,2050,year,0.7,%
738,South Africa,gas_t_d,2030,2060,year,0.7,%
739,South Africa,gas_t_d,2040,2040,year,0.7,%
740,South Africa,gas_t_d,2040,2050,year,0.7,%
741,South Africa,gas_t_d,2040,2060,year,0.7,%
742,South Africa,gas_t_d,2040,2070,year,0.7,%
743,South Africa,gas_t_d,2050,2050,year,0.7,%
744,South Africa,gas_t_d,2050,2060,year,0.7,%
745,South Africa,gas_t_d,2050,2070,year,0.7,%
746,South Africa,gas_t_d,2060,2060,year,0.7,%
747,South Africa,gas_t_d,2060,2070,year,0.7,%
748,South Africa,gas_t_d,2070,2070,year,0.7,%
749,South Africa,gas_trp,1995,1995,year,1,%
750,South Africa,gas_trp,2000,2000,year,1,%
751,South Africa,gas_trp,2005,2005,year,1,%
752,South Africa,gas_trp,2010,2010,year,1,%
753,South Africa,gas_trp,2020,2020,year,1,%
754,South Africa,gas_trp,2030,2030,year,1,%
755,South Africa,gas_trp,2040,2040,year,1,%
756,South Africa,gas_trp,2050,2050,year,1,%
757,South Africa,gas_trp,2060,2060,year,1,%
758,South Africa,gas_trp,2070,2070,year,1,%
759,South Africa,hydro_ppl,2010,2010,year,0.42,???
760,South Africa,hydro_ppl,2010,2020,year,0.42,???
761,South Africa,hydro_ppl,2010,2030,year,0.42,???
762,South Africa,hydro_ppl,2010,2040,year,0.42,???
763,South Africa,hydro_ppl,2010,2050,year,0.42,???
764,South Africa,hydro_ppl,2010,2060,year,0.42,???
765,South Africa,hydro_ppl,2020,2020,year,0.42,???
766,South Africa,hydro_ppl,2020,2030,year,0.42,???
767,South Africa,hydro_ppl,2020,2040,year,0.42,???
768,South Africa,hydro_ppl,2020,2050,year,0.42,???
769,South Africa,hydro_ppl,2020,2060,year,0.42,???
770,South Africa,hydro_ppl,2020,2070,year,0.42,???
771,South Africa,hydro_ppl,2030,2030,year,0.42,???
772,South Africa,hydro_ppl,2030,2040,year,0.42,???
773,South Africa,hydro_ppl,2030,2050,year,0.42,???
774,South Africa,hydro_ppl,2030,2060,year,0.42,???
775,South Africa,hydro_ppl,2030,2070,year,0.42,???
776,South Africa,hydro_ppl,2040,2040,year,0.42,???
777,South Africa,hydro_ppl,2040,2050,year,0.42,???
778,South Africa,hydro_ppl,2040,2060,year,0.42,???
779,South Africa,hydro_ppl,2040,2070,year,0.42,???
780,South Africa,hydro_ppl,2050,2050,year,0.42,???
781,South Africa,hydro_ppl,2050,2060,year,0.42,???
782,South Africa,hydro_ppl,2050,2070,year,0.42,???
783,South Africa,hydro_ppl,2060,2060,year,0.42,???
784,South Africa,hydro_ppl,2060,2070,year,0.42,???
785,South Africa,hydro_ppl,2070,2070,year,0.42,???
786,South Africa,igcc,2010,2010,year,0.85,%
787,South Africa,igcc,2010,2020,year,0.85,%
788,South Africa,igcc,2010,2030,year,0.85,%
789,South Africa,igcc,2020,2020,year,0.85,%
790,South Africa,igcc,2020,2030,year,0.85,%
791,South Africa,igcc,2020,2040,year,0.85,%
792,South Africa,igcc,2030,2030,year,0.85,%
793,South Africa,igcc,2030,2040,year,0.85,%
794,South Africa,igcc,2030,2050,year,0.85,%
795,South Africa,igcc,2040,2040,year,0.85,%
796,South Africa,igcc,2040,2050,year,0.85,%
797,South Africa,igcc,2040,2060,year,0.85,%
798,South Africa,igcc,2050,2050,year,0.85,%
799,South Africa,igcc,2050,2060,year,0.85,%
800,South Africa,igcc,2050,2070,year,0.85,%
801,South Africa,igcc,2060,2060,year,0.85,%
802,South Africa,igcc,2060,2070,year,0.85,%
803,South Africa,igcc,2070,2070,year,0.85,%
804,South Africa,igcc_ccs,2020,2020,year,0.85,%
805,South Africa,igcc_ccs,2020,2030,year,0.85,%
806,South Africa,igcc_ccs,2020,2040,year,0.85,%
807,South Africa,igcc_ccs,2030,2030,year,0.85,%
808,South Africa,igcc_ccs,2030,2040,year,0.85,%
809,South Africa,igcc_ccs,2030,2050,year,0.85,%
810,South Africa,igcc_ccs,2040,2040,year,0.85,%
811,South Africa,igcc_ccs,2040,2050,year,0.85,%
812,South Africa,igcc_ccs,2040,2060,year,0.85,%
813,South Africa,igcc_ccs,2050,2050,year,0.85,%
814,South Africa,igcc_ccs,2050,2060,year,0.85,%
815,South Africa,igcc_ccs,2050,2070,year,0.85,%
816,South Africa,igcc_ccs,2060,2060,year,0.85,%
817,South Africa,igcc_ccs,2060,2070,year,0.85,%
818,South Africa,igcc_ccs,2070,2070,year,0.85,%
819,South Africa,loil_fs,1990,1990,year,1,%
820,South Africa,loil_fs,1995,1995,year,1,%
821,South Africa,loil_fs,2000,2000,year,1,%
822,South Africa,loil_fs,2005,2005,year,1,%
823,South Africa,loil_fs,2010,2010,year,1,%
824,South Africa,loil_fs,2020,2020,year,1,%
825,South Africa,loil_fs,2030,2030,year,1,%
826,South Africa,loil_fs,2040,2040,year,1,%
827,South Africa,loil_fs,2050,2050,year,1,%
828,South Africa,loil_fs,2060,2060,year,1,%
829,South Africa,loil_fs,2070,2070,year,1,%
830,South Africa,loil_i,1990,1990,year,0.65,%
831,South Africa,loil_i,1990,1995,year,0.65,%
832,South Africa,loil_i,1990,2000,year,0.65,%
833,South Africa,loil_i,1990,2005,year,0.65,%
834,South Africa,loil_i,1990,2010,year,0.65,%
835,South Africa,loil_i,1995,1995,year,0.65,%
836,South Africa,loil_i,1995,2000,year,0.65,%
837,South Africa,loil_i,1995,2005,year,0.65,%
838,South Africa,loil_i,1995,2010,year,0.65,%
839,South Africa,loil_i,2000,2000,year,0.65,%
840,South Africa,loil_i,2000,2005,year,0.65,%
841,South Africa,loil_i,2000,2010,year,0.65,%
842,South Africa,loil_i,2000,2020,year,0.65,%
843,South Africa,loil_i,2005,2005,year,0.65,%
844,South Africa,loil_i,2005,2010,year,0.65,%
845,South Africa,loil_i,2005,2020,year,0.65,%
846,South Africa,loil_i,2010,2010,year,0.65,%
847,South Africa,loil_i,2010,2020,year,0.65,%
848,South Africa,loil_i,2010,2030,year,0.65,%
849,South Africa,loil_i,2020,2020,year,0.65,%
850,South Africa,loil_i,2020,2030,year,0.65,%
851,South Africa,loil_i,2020,2040,year,0.65,%
852,South Africa,loil_i,2030,2030,year,0.65,%
853,South Africa,loil_i,2030,2040,year,0.65,%
854,South Africa,loil_i,2030,2050,year,0.65,%
855,South Africa,loil_i,2040,2040,year,0.65,%
856,South Africa,loil_i,2040,2050,year,0.65,%
857,South Africa,loil_i,2040,2060,year,0.65,%
858,South Africa,loil_i,2050,2050,year,0.65,%
859,South Africa,loil_i,2050,2060,year,0.65,%
860,South Africa,loil_i,2050,2070,year,0.65,%
861,South Africa,loil_i,2060,2060,year,0.65,%
862,South Africa,loil_i,2060,2070,year,0.65,%
863,South Africa,loil_i,2070,2070,year,0.65,%
864,South Africa,loil_ppl,1990,1990,year,0.2,%
865,South Africa,loil_ppl,1990,1995,year,0.24,%
866,South Africa,loil_ppl,1990,2000,year,0.34,%
867,South Africa,loil_ppl,1990,2005,year,0.42,%
868,South Africa,loil_ppl,1990,2010,year,0.5,%
869,South Africa,loil_ppl,1995,1995,year,0.24,%
870,South Africa,loil_ppl,1995,2000,year,0.34,%
871,South Africa,loil_ppl,1995,2005,year,0.42,%
872,South Africa,loil_ppl,1995,2010,year,0.5,%
873,South Africa,loil_ppl,1995,2020,year,0.65,%
874,South Africa,loil_ppl,2000,2000,year,0.34,%
875,South Africa,loil_ppl,2000,2005,year,0.42,%
876,South Africa,loil_ppl,2000,2010,year,0.5,%
877,South Africa,loil_ppl,2000,2020,year,0.65,%
878,South Africa,loil_ppl,2005,2005,year,0.42,%
879,South Africa,loil_ppl,2005,2010,year,0.5,%
880,South Africa,loil_ppl,2005,2020,year,0.65,%
881,South Africa,loil_ppl,2005,2030,year,0.65,%
882,South Africa,loil_ppl,2010,2010,year,0.5,%
883,South Africa,loil_ppl,2010,2020,year,0.65,%
884,South Africa,loil_ppl,2010,2030,year,0.65,%
885,South Africa,loil_ppl,2020,2020,year,0.65,%
886,South Africa,loil_ppl,2020,2030,year,0.65,%
887,South Africa,loil_ppl,2020,2040,year,0.65,%
888,South Africa,loil_ppl,2030,2030,year,0.65,%
889,South Africa,loil_ppl,2030,2040,year,0.65,%
890,South Africa,loil_ppl,2030,2050,year,0.65,%
891,South Africa,loil_ppl,2040,2040,year,0.65,%
892,South Africa,loil_ppl,2040,2050,year,0.65,%
893,South Africa,loil_ppl,2040,2060,year,0.65,%
894,South Africa,loil_ppl,2050,2050,year,0.65,%
895,South Africa,loil_ppl,2050,2060,year,0.65,%
896,South Africa,loil_ppl,2050,2070,year,0.65,%
897,South Africa,loil_ppl,2060,2060,year,0.65,%
898,South Africa,loil_ppl,2060,2070,year,0.65,%
899,South Africa,loil_ppl,2070,2070,year,0.65,%
900,South Africa,loil_rc,1990,1990,year,1,%
901,South Africa,loil_rc,1995,1995,year,1,%
902,South Africa,loil_rc,2000,2000,year,1,%
903,South Africa,loil_rc,2005,2005,year,1,%
904,South Africa,loil_rc,2010,2010,year,1,%
905,South Africa,loil_rc,2020,2020,year,1,%
906,South Africa,loil_rc,2030,2030,year,1,%
907,South Africa,loil_rc,2040,2040,year,1,%
908,South Africa,loil_rc,2050,2050,year,1,%
909,South Africa,loil_rc,2060,2060,year,1,%
910,South Africa,loil_rc,2070,2070,year,1,%
911,South Africa,loil_t_d,1990,1990,year,1,%
912,South Africa,loil_t_d,1995,1995,year,1,%
913,South Africa,loil_t_d,2000,2000,year,1,%
914,South Africa,loil_t_d,2005,2005,year,1,%
915,South Africa,loil_t_d,2010,2010,year,1,%
916,South Africa,loil_t_d,2020,2020,year,1,%
917,South Africa,loil_t_d,2030,2030,year,1,%
918,South Africa,loil_t_d,2040,2040,year,1,%
919,South Africa,loil_t_d,2050,2050,year,1,%
920,South Africa,loil_t_d,2060,2060,year,1,%
921,South Africa,loil_t_d,2070,2070,year,1,%
922,South Africa,loil_trp,1990,1990,year,1,%
923,South Africa,loil_trp,1995,1995,year,1,%
924,South Africa,loil_trp,2000,2000,year,1,%
925,South Africa,loil_trp,2005,2005,year,1,%
926,South Africa,loil_trp,2010,2010,year,1,%
927,South Africa,loil_trp,2020,2020,year,1,%
928,South Africa,loil_trp,2030,2030,year,1,%
929,South Africa,loil_trp,2040,2040,year,1,%
930,South Africa,loil_trp,2050,2050,year,1,%
931,South Africa,loil_trp,2060,2060,year,1,%
932,South Africa,loil_trp,2070,2070,year,1,%
933,South Africa,meth_coal,2020,2020,year,0.9,%
934,South Africa,meth_coal,2020,2030,year,0.9,%
935,South Africa,meth_coal,2020,2040,year,0.9,%
936,South Africa,meth_coal,2030,2030,year,0.9,%
937,South Africa,meth_coal,2030,2040,year,0.9,%
938,South Africa,meth_coal,2030,2050,year,0.9,%
939,South Africa,meth_coal,2040,2040,year,0.9,%
940,South Africa,meth_coal,2040,2050,year,0.9,%
941,South Africa,meth_coal,2040,2060,year,0.9,%
942,South Africa,meth_coal,2050,2050,year,0.9,%
943,South Africa,meth_coal,2050,2060,year,0.9,%
944,South Africa,meth_coal,2050,2070,year,0.9,%
945,South Africa,meth_coal,2060,2060,year,0.9,%
946,South Africa,meth_coal,2060,2070,year,0.9,%
947,South Africa,meth_coal,2070,2070,year,0.9,%
948,South Africa,meth_coal_ccs,2020,2020,year,0.9,%
949,South Africa,meth_coal_ccs,2020,2030,year,0.9,%
950,South Africa,meth_coal_ccs,2020,2040,year,0.9,%
951,South Africa,meth_coal_ccs,2030,2030,year,0.9,%
952,South Africa,meth_coal_ccs,2030,2040,year,0.9,%
953,South Africa,meth_coal_ccs,2030,2050,year,0.9,%
954,South Africa,meth_coal_ccs,2040,2040,year,0.9,%
955,South Africa,meth_coal_ccs,2040,2050,year,0.9,%
956,South Africa,meth_coal_ccs,2040,2060,year,0.9,%
957,South Africa,meth_coal_ccs,2050,2050,year,0.9,%
958,South Africa,meth_coal_ccs,2050,2060,year,0.9,%
959,South Africa,meth_coal_ccs,2050,2070,year,0.9,%
960,South Africa,meth_coal_ccs,2060,2060,year,0.9,%
961,South Africa,meth_coal_ccs,2060,2070,year,0.9,%
962,South Africa,meth_coal_ccs,2070,2070,year,0.9,%
963,South Africa,meth_ng,2020,2020,year,0.9,%
964,South Africa,meth_ng,2020,2030,year,0.9,%
965,South Africa,meth_ng,2020,2040,year,0.9,%
966,South Africa,meth_ng,2030,2030,year,0.9,%
967,South Africa,meth_ng,2030,2040,year,0.9,%
968,South Africa,meth_ng,2030,2050,year,0.9,%
969,South Africa,meth_ng,2040,2040,year,0.9,%
970,South Africa,meth_ng,2040,2050,year,0.9,%
971,South Africa,meth_ng,2040,2060,year,0.9,%
972,South Africa,meth_ng,2050,2050,year,0.9,%
973,South Africa,meth_ng,2050,2060,year,0.9,%
974,South Africa,meth_ng,2050,2070,year,0.9,%
975,South Africa,meth_ng,2060,2060,year,0.9,%
976,South Africa,meth_ng,2060,2070,year,0.9,%
977,South Africa,meth_ng,2070,2070,year,0.9,%
978,South Africa,meth_ng_ccs,2020,2020,year,0.9,%
979,South Africa,meth_ng_ccs,2020,2030,year,0.9,%
980,South Africa,meth_ng_ccs,2020,2040,year,0.9,%
981,South Africa,meth_ng_ccs,2030,2030,year,0.9,%
982,South Africa,meth_ng_ccs,2030,2040,year,0.9,%
983,South Africa,meth_ng_ccs,2030,2050,year,0.9,%
984,South Africa,meth_ng_ccs,2040,2040,year,0.9,%
985,South Africa,meth_ng_ccs,2040,2050,year,0.9,%
986,South Africa,meth_ng_ccs,2040,2060,year,0.9,%
987,South Africa,meth_ng_ccs,2050,2050,year,0.9,%
988,South Africa,meth_ng_ccs,2050,2060,year,0.9,%
989,South Africa,meth_ng_ccs,2050,2070,year,0.9,%
990,South Africa,meth_ng_ccs,2060,2060,year,0.9,%
991,South Africa,meth_ng_ccs,2060,2070,year,0.9,%
992,South Africa,meth_ng_ccs,2070,2070,year,0.9,%
993,South Africa,nuc_ppl,2010,2010,year,0.73,???
994,South Africa,nuc_ppl,2010,2020,year,0.73,???
995,South Africa,nuc_ppl,2010,2030,year,0.73,???
996,South Africa,nuc_ppl,2010,2040,year,0.73,???
997,South Africa,nuc_ppl,2020,2020,year,0.7,???
998,South Africa,nuc_ppl,2020,2030,year,0.73,???
999,South Africa,nuc_ppl,2020,2040,year,0.7,???
1000,South Africa,nuc_ppl,2020,2050,year,0.71,???
1001,South Africa,nuc_ppl,2030,2030,year,0.7,???
1002,South Africa,nuc_ppl,2030,2040,year,0.71,???
1003,South Africa,nuc_ppl,2030,2050,year,0.75,???
1004,South Africa,nuc_ppl,2030,2060,year,0.75,???
1005,South Africa,nuc_ppl,2040,2040,year,0.78,???
1006,South Africa,nuc_ppl,2040,2050,year,0.78,???
1007,South Africa,nuc_ppl,2040,2060,year,0.78,???
1008,South Africa,nuc_ppl,2040,2070,year,0.78,???
1009,South Africa,nuc_ppl,2050,2050,year,0.78,???
1010,South Africa,nuc_ppl,2050,2060,year,0.78,???
1011,South Africa,nuc_ppl,2050,2070,year,0.78,???
1012,South Africa,nuc_ppl,2060,2060,year,0.78,???
1013,South Africa,nuc_ppl,2060,2070,year,0.78,???
1014,South Africa,nuc_ppl,2070,2070,year,0.78,???
1015,South Africa,oil_bal,1990,1990,year,1,%
1016,South Africa,oil_bal,1995,1995,year,1,%
1017,South Africa,oil_bal,2000,2000,year,1,%
1018,South Africa,oil_bal,2005,2005,year,1,%
1019,South Africa,oil_bal,2010,2010,year,1,%
1020,South Africa,oil_bal,2020,2020,year,1,%
1021,South Africa,oil_bal,2030,2030,year,1,%
1022,South Africa,oil_bal,2040,2040,year,1,%
1023,South Africa,oil_bal,2050,2050,year,1,%
1024,South Africa,oil_bal,2060,2060,year,1,%
1025,South Africa,oil_bal,2070,2070,year,1,%
1026,South Africa,ref_hil,1995,1995,year,0.9,%
1027,South Africa,ref_hil,1995,2000,year,0.9,%
1028,South Africa,ref_hil,1995,2005,year,0.9,%
1029,South Africa,ref_hil,1995,2010,year,0.9,%
1030,South Africa,ref_hil,1995,2020,year,0.9,%
1031,South Africa,ref_hil,2000,2000,year,0.9,%
1032,South Africa,ref_hil,2000,2005,year,0.9,%
1033,South Africa,ref_hil,2000,2010,year,0.9,%
1034,South Africa,ref_hil,2000,2020,year,0.9,%
1035,South Africa,ref_hil,2005,2005,year,0.9,%
1036,South Africa,ref_hil,2005,2010,year,0.9,%
1037,South Africa,ref_hil,2005,2020,year,0.9,%
1038,South Africa,ref_hil,2005,2030,year,0.9,%
1039,South Africa,ref_hil,2010,2010,year,0.9,%
1040,South Africa,ref_hil,2010,2020,year,0.9,%
1041,South Africa,ref_hil,2010,2030,year,0.9,%
1042,South Africa,ref_hil,2020,2020,year,0.9,%
1043,South Africa,ref_hil,2020,2030,year,0.9,%
1044,South Africa,ref_hil,2020,2040,year,0.9,%
1045,South Africa,ref_hil,2030,2030,year,0.9,%
1046,South Africa,ref_hil,2030,2040,year,0.9,%
1047,South Africa,ref_hil,2030,2050,year,0.9,%
1048,South Africa,ref_hil,2040,2040,year,0.9,%
1049,South Africa,ref_hil,2040,2050,year,0.9,%
1050,South Africa,ref_hil,2040,2060,year,0.9,%
1051,South Africa,ref_hil,2050,2050,year,0.9,%
1052,South Africa,ref_hil,2050,2060,year,0.9,%
1053,South Africa,ref_hil,2050,2070,year,0.9,%
1054,South Africa,ref_hil,2060,2060,year,0.9,%
1055,South Africa,ref_hil,2060,2070,year,0.9,%
1056,South Africa,ref_hil,2070,2070,year,0.9,%
1057,South Africa,solar_i,2010,2010,year,0.65,???
1058,South Africa,solar_i,2010,2020,year,0.65,???
1059,South Africa,solar_i,2020,2020,year,0.65,???
1060,South Africa,solar_i,2020,2030,year,0.65,???
1061,South Africa,solar_i,2030,2030,year,0.65,???
1062,South Africa,solar_i,2030,2040,year,0.65,???
1063,South Africa,solar_i,2040,2040,year,0.65,???
1064,South Africa,solar_i,2040,2050,year,0.65,???
1065,South Africa,solar_i,2050,2050,year,0.65,???
1066,South Africa,solar_i,2050,2060,year,0.65,???
1067,South Africa,solar_i,2060,2060,year,0.65,???
1068,South Africa,solar_i,2060,2070,year,0.65,???
1069,South Africa,solar_i,2070,2070,year,0.65,???
1070,South Africa,sp_el_I,1990,1990,year,1,%
1071,South Africa,sp_el_I,1995,1995,year,1,%
1072,South Africa,sp_el_I,2000,2000,year,1,%
1073,South Africa,sp_el_I,2005,2005,year,1,%
1074,South Africa,sp_el_I,2010,2010,year,1,%
1075,South Africa,sp_el_I,2020,2020,year,1,%
1076,South Africa,sp_el_I,2030,2030,year,1,%
1077,South Africa,sp_el_I,2040,2040,year,1,%
1078,South Africa,sp_el_I,2050,2050,year,1,%
1079,South Africa,sp_el_I,2060,2060,year,1,%
1080,South Africa,sp_el_I,2070,2070,year,1,%
1081,South Africa,sp_el_RC,1990,1990,year,1,%
1082,South Africa,sp_el_RC,1995,1995,year,1,%
1083,South Africa,sp_el_RC,2000,2000,year,1,%
1084,South Africa,sp_el_RC,2005,2005,year,1,%
1085,South Africa,sp_el_RC,2010,2010,year,1,%
1086,South Africa,sp_el_RC,2020,2020,year,1,%
1087,South Africa,sp_el_RC,2030,2030,year,1,%
1088,South Africa,sp_el_RC,2040,2040,year,1,%
1089,South Africa,sp_el_RC,2050,2050,year,1,%
1090,South Africa,sp_el_RC,2060,2060,year,1,%
1091,South Africa,sp_el_RC,2070,2070,year,1,%
1092,South Africa,syn_liq,2020,2020,year,0.9,%
1093,South Africa,syn_liq,2020,2030,year,0.9,%
1094,South Africa,syn_liq,2020,2040,year,0.9,%
1095,South Africa,syn_liq,2030,2030,year,0.9,%
1096,South Africa,syn_liq,2030,2040,year,0.9,%
1097,South Africa,syn_liq,2030,2050,year,0.9,%
1098,South Africa,syn_liq,2040,2040,year,0.9,%
1099,South Africa,syn_liq,2040,2050,year,0.9,%
1100,South Africa,syn_liq,2040,2060,year,0.9,%
1101,South Africa,syn_liq,2050,2050,year,0.9,%
1102,South Africa,syn_liq,2050,2060,year,0.9,%
1103,South Africa,syn_liq,2050,2070,year,0.9,%
1104,South Africa,syn_liq,2060,2060,year,0.9,%
1105,South Africa,syn_liq,2060,2070,year,0.9,%
1106,South Africa,syn_liq,2070,2070,year,0.9,%
1107,South Africa,syn_liq_ccs,2020,2020,year,0.9,%
1108,South Africa,syn_liq_ccs,2020,2030,year,0.9,%
1109,South Africa,syn_liq_ccs,2020,2040,year,0.9,%
1110,South Africa,syn_liq_ccs,2030,2030,year,0.9,%
1111,South Africa,syn_liq_ccs,2030,2040,year,0.9,%
1112,South Africa,syn_liq_ccs,2030,2050,year,0.9,%
1113,South Africa,syn_liq_ccs,2040,2040,year,0.9,%
1114,South Africa,syn_liq_ccs,2040,2050,year,0.9,%
1115,South Africa,syn_liq_ccs,2040,2060,year,0.9,%
1116,South Africa,syn_liq_ccs,2050,2050,year,0.9,%
1117,South Africa,syn_liq_ccs,2050,2060,year,0.9,%
1118,South Africa,syn_liq_ccs,2050,2070,year,0.9,%
1119,South Africa,syn_liq_ccs,2060,2060,year,0.9,%
1120,South Africa,syn_liq_ccs,2060,2070,year,0.9,%
1121,South Africa,syn_liq_ccs,2070,2070,year,0.9,%
