,node_loc,technology,year_vtg,year_act,mode,time,value,unit
0,South Africa,bio_extr,2010,2010,M1,year,50,???
1,South Africa,bio_extr,2020,2020,M1,year,50,???
2,South Africa,bio_extr,2030,2030,M1,year,50,???
3,South Africa,bio_extr,2040,2040,M1,year,50,???
4,South Africa,bio_extr,2050,2050,M1,year,50,???
5,South Africa,bio_extr,2060,2060,M1,year,50,???
6,South Africa,bio_extr,2070,2070,M1,year,50,???
7,South Africa,bio_istig,2010,2010,M1,year,0,USD/GWa
8,South Africa,bio_istig,2010,2020,M1,year,0,USD/GWa
9,South Africa,bio_istig,2010,2030,M1,year,0,USD/GWa
10,South Africa,bio_istig,2020,2020,M1,year,0,USD/GWa
11,South Africa,bio_istig,2020,2030,M1,year,0,USD/GWa
12,South Africa,bio_istig,2020,2040,M1,year,0,USD/GWa
13,South Africa,bio_istig,2030,2030,M1,year,0,USD/GWa
14,South Africa,bio_istig,2030,2040,M1,year,0,USD/GWa
15,South Africa,bio_istig,2030,2050,M1,year,0,USD/GWa
16,South Africa,bio_istig,2040,2040,M1,year,0,USD/GWa
17,South Africa,bio_istig,2040,2050,M1,year,0,USD/GWa
18,South Africa,bio_istig,2040,2060,M1,year,0,USD/GWa
19,South Africa,bio_istig,2050,2050,M1,year,0,USD/GWa
20,South Africa,bio_istig,2050,2060,M1,year,0,USD/GWa
21,South Africa,bio_istig,2050,2070,M1,year,0,USD/GWa
22,South Africa,bio_istig,2060,2060,M1,year,0,USD/GWa
23,South Africa,bio_istig,2060,2070,M1,year,0,USD/GWa
24,South Africa,bio_istig,2070,2070,M1,year,0,USD/GWa
25,South Africa,biomass_i,1995,1995,M1,year,0,USD/GWa
26,South Africa,biomass_i,1995,2000,M1,year,0,USD/GWa
27,South Africa,biomass_i,1995,2005,M1,year,0,USD/GWa
28,South Africa,biomass_i,1995,2010,M1,year,0,USD/GWa
29,South Africa,biomass_i,2000,2000,M1,year,0,USD/GWa
30,South Africa,biomass_i,2000,2005,M1,year,0,USD/GWa
31,South Africa,biomass_i,2000,2010,M1,year,0,USD/GWa
32,South Africa,biomass_i,2000,2020,M1,year,0,USD/GWa
33,South Africa,biomass_i,2005,2005,M1,year,0,USD/GWa
34,South Africa,biomass_i,2005,2010,M1,year,0,USD/GWa
35,South Africa,biomass_i,2005,2020,M1,year,0,USD/GWa
36,South Africa,biomass_i,2010,2010,M1,year,0,USD/GWa
37,South Africa,biomass_i,2010,2020,M1,year,0,USD/GWa
38,South Africa,biomass_i,2010,2030,M1,year,0,USD/GWa
39,South Africa,biomass_i,2020,2020,M1,year,0,USD/GWa
40,South Africa,biomass_i,2020,2030,M1,year,0,USD/GWa
41,South Africa,biomass_i,2020,2040,M1,year,0,USD/GWa
42,South Africa,biomass_i,2030,2030,M1,year,0,USD/GWa
43,South Africa,biomass_i,2030,2040,M1,year,0,USD/GWa
44,South Africa,biomass_i,2030,2050,M1,year,0,USD/GWa
45,South Africa,biomass_i,2040,2040,M1,year,0,USD/GWa
46,South Africa,biomass_i,2040,2050,M1,year,0,USD/GWa
47,South Africa,biomass_i,2040,2060,M1,year,0,USD/GWa
48,South Africa,biomass_i,2050,2050,M1,year,0,USD/GWa
49,South Africa,biomass_i,2050,2060,M1,year,0,USD/GWa
50,South Africa,biomass_i,2050,2070,M1,year,0,USD/GWa
51,South Africa,biomass_i,2060,2060,M1,year,0,USD/GWa
52,South Africa,biomass_i,2060,2070,M1,year,0,USD/GWa
53,South Africa,biomass_i,2070,2070,M1,year,0,USD/GWa
54,South Africa,biomass_nc,1990,1990,M1,year,75,USD/GWa
55,South Africa,biomass_nc,1995,1995,M1,year,75,USD/GWa
56,South Africa,biomass_nc,2000,2000,M1,year,75,USD/GWa
57,South Africa,biomass_nc,2005,2005,M1,year,75,USD/GWa
58,South Africa,biomass_nc,2010,2010,M1,year,75,USD/GWa
59,South Africa,biomass_nc,2020,2020,M1,year,75,USD/GWa
60,South Africa,biomass_nc,2030,2030,M1,year,75,USD/GWa
61,South Africa,biomass_nc,2040,2040,M1,year,75,USD/GWa
62,South Africa,biomass_nc,2050,2050,M1,year,75,USD/GWa
63,South Africa,biomass_nc,2060,2060,M1,year,75,USD/GWa
64,South Africa,biomass_nc,2070,2070,M1,year,75,USD/GWa
65,South Africa,biomass_rc,1995,1995,M1,year,-40,USD/GWa
66,South Africa,biomass_rc,2000,2000,M1,year,-40,USD/GWa
67,South Africa,biomass_rc,2005,2005,M1,year,-40,USD/GWa
68,South Africa,biomass_rc,2010,2010,M1,year,-40,USD/GWa
69,South Africa,biomass_rc,2020,2020,M1,year,-40,USD/GWa
70,South Africa,biomass_rc,2030,2030,M1,year,-40,USD/GWa
71,South Africa,biomass_rc,2040,2040,M1,year,-40,USD/GWa
72,South Africa,biomass_rc,2050,2050,M1,year,-40,USD/GWa
73,South Africa,biomass_rc,2060,2060,M1,year,-40,USD/GWa
74,South Africa,biomass_rc,2070,2070,M1,year,-40,USD/GWa
75,South Africa,biomass_t_d,1990,1990,M1,year,0,USD/GWa
76,South Africa,biomass_t_d,1995,1995,M1,year,0,USD/GWa
77,South Africa,biomass_t_d,2000,2000,M1,year,0,USD/GWa
78,South Africa,biomass_t_d,2005,2005,M1,year,0,USD/GWa
79,South Africa,biomass_t_d,2010,2010,M1,year,0,USD/GWa
80,South Africa,biomass_t_d,2020,2020,M1,year,5,USD/GWa
81,South Africa,biomass_t_d,2030,2030,M1,year,10,USD/GWa
82,South Africa,biomass_t_d,2040,2040,M1,year,15,USD/GWa
83,South Africa,biomass_t_d,2050,2050,M1,year,20,USD/GWa
84,South Africa,biomass_t_d,2060,2060,M1,year,25,USD/GWa
85,South Africa,biomass_t_d,2070,2070,M1,year,30,USD/GWa
86,South Africa,coal_adv,2010,2010,M1,year,0,USD/GWa
87,South Africa,coal_adv,2010,2020,M1,year,0,USD/GWa
88,South Africa,coal_adv,2010,2030,M1,year,0,USD/GWa
89,South Africa,coal_adv,2020,2020,M1,year,0,USD/GWa
90,South Africa,coal_adv,2020,2030,M1,year,0,USD/GWa
91,South Africa,coal_adv,2020,2040,M1,year,0,USD/GWa
92,South Africa,coal_adv,2030,2030,M1,year,0,USD/GWa
93,South Africa,coal_adv,2030,2040,M1,year,0,USD/GWa
94,South Africa,coal_adv,2030,2050,M1,year,0,USD/GWa
95,South Africa,coal_adv,2040,2040,M1,year,0,USD/GWa
96,South Africa,coal_adv,2040,2050,M1,year,0,USD/GWa
97,South Africa,coal_adv,2040,2060,M1,year,0,USD/GWa
98,South Africa,coal_adv,2050,2050,M1,year,0,USD/GWa
99,South Africa,coal_adv,2050,2060,M1,year,0,USD/GWa
100,South Africa,coal_adv,2050,2070,M1,year,0,USD/GWa
101,South Africa,coal_adv,2060,2060,M1,year,0,USD/GWa
102,South Africa,coal_adv,2060,2070,M1,year,0,USD/GWa
103,South Africa,coal_adv,2070,2070,M1,year,0,USD/GWa
104,South Africa,coal_adv_ccs,2020,2020,M1,year,0,USD/GWa
105,South Africa,coal_adv_ccs,2020,2030,M1,year,0,USD/GWa
106,South Africa,coal_adv_ccs,2020,2040,M1,year,0,USD/GWa
107,South Africa,coal_adv_ccs,2030,2030,M1,year,0,USD/GWa
108,South Africa,coal_adv_ccs,2030,2040,M1,year,0,USD/GWa
109,South Africa,coal_adv_ccs,2030,2050,M1,year,0,USD/GWa
110,South Africa,coal_adv_ccs,2040,2040,M1,year,0,USD/GWa
111,South Africa,coal_adv_ccs,2040,2050,M1,year,0,USD/GWa
112,South Africa,coal_adv_ccs,2040,2060,M1,year,0,USD/GWa
113,South Africa,coal_adv_ccs,2050,2050,M1,year,0,USD/GWa
114,South Africa,coal_adv_ccs,2050,2060,M1,year,0,USD/GWa
115,South Africa,coal_adv_ccs,2050,2070,M1,year,0,USD/GWa
116,South Africa,coal_adv_ccs,2060,2060,M1,year,0,USD/GWa
117,South Africa,coal_adv_ccs,2060,2070,M1,year,0,USD/GWa
118,South Africa,coal_adv_ccs,2070,2070,M1,year,0,USD/GWa
119,South Africa,coal_bal,1990,1990,M1,year,0,USD/GWa
120,South Africa,coal_bal,1995,1995,M1,year,0,USD/GWa
121,South Africa,coal_bal,2000,2000,M1,year,0,USD/GWa
122,South Africa,coal_bal,2005,2005,M1,year,0,USD/GWa
123,South Africa,coal_bal,2010,2010,M1,year,0,USD/GWa
124,South Africa,coal_bal,2020,2020,M1,year,0,USD/GWa
125,South Africa,coal_bal,2030,2030,M1,year,0,USD/GWa
126,South Africa,coal_bal,2040,2040,M1,year,0,USD/GWa
127,South Africa,coal_bal,2050,2050,M1,year,0,USD/GWa
128,South Africa,coal_bal,2060,2060,M1,year,0,USD/GWa
129,South Africa,coal_bal,2070,2070,M1,year,0,USD/GWa
130,South Africa,coal_exp,2020,2020,M1,year,-52.90763,???
131,South Africa,coal_exp,2030,2030,M1,year,-51.752216,???
132,South Africa,coal_exp,2040,2040,M1,year,-58.815617,???
133,South Africa,coal_exp,2050,2050,M1,year,-61.13285,???
134,South Africa,coal_exp,2060,2060,M1,year,-63.450085,???
135,South Africa,coal_exp,2070,2070,M1,year,-65.76732,???
136,South Africa,coal_extr,1990,1990,M1,year,15,USD/GWa
137,South Africa,coal_extr,1995,1995,M1,year,15,USD/GWa
138,South Africa,coal_extr,2000,2000,M1,year,15,USD/GWa
139,South Africa,coal_extr,2005,2005,M1,year,15,USD/GWa
140,South Africa,coal_extr,2010,2010,M1,year,15,USD/GWa
141,South Africa,coal_extr,2020,2020,M1,year,16.56933188,USD/GWa
142,South Africa,coal_extr,2030,2030,M1,year,18.3028506,USD/GWa
143,South Africa,coal_extr,2040,2040,M1,year,20.21773373,USD/GWa
144,South Africa,coal_extr,2050,2050,M1,year,22.332956,USD/GWa
145,South Africa,coal_extr,2060,2060,M1,year,24.66947733,USD/GWa
146,South Africa,coal_extr,2070,2070,M1,year,27.25045048,USD/GWa
147,South Africa,coal_fs,1990,1990,M1,year,0,USD/GWa
148,South Africa,coal_fs,1995,1995,M1,year,0,USD/GWa
149,South Africa,coal_fs,2000,2000,M1,year,0,USD/GWa
150,South Africa,coal_fs,2005,2005,M1,year,0,USD/GWa
151,South Africa,coal_fs,2010,2010,M1,year,0,USD/GWa
152,South Africa,coal_fs,2020,2020,M1,year,0,USD/GWa
153,South Africa,coal_fs,2030,2030,M1,year,0,USD/GWa
154,South Africa,coal_fs,2040,2040,M1,year,0,USD/GWa
155,South Africa,coal_fs,2050,2050,M1,year,0,USD/GWa
156,South Africa,coal_fs,2060,2060,M1,year,0,USD/GWa
157,South Africa,coal_fs,2070,2070,M1,year,0,USD/GWa
158,South Africa,coal_gas,2010,2010,M1,year,0,USD/GWa
159,South Africa,coal_gas,2010,2020,M1,year,0,USD/GWa
160,South Africa,coal_gas,2010,2030,M1,year,0,USD/GWa
161,South Africa,coal_gas,2020,2020,M1,year,0,USD/GWa
162,South Africa,coal_gas,2020,2030,M1,year,0,USD/GWa
163,South Africa,coal_gas,2020,2040,M1,year,0,USD/GWa
164,South Africa,coal_gas,2030,2030,M1,year,0,USD/GWa
165,South Africa,coal_gas,2030,2040,M1,year,0,USD/GWa
166,South Africa,coal_gas,2030,2050,M1,year,0,USD/GWa
167,South Africa,coal_gas,2040,2040,M1,year,0,USD/GWa
168,South Africa,coal_gas,2040,2050,M1,year,0,USD/GWa
169,South Africa,coal_gas,2040,2060,M1,year,0,USD/GWa
170,South Africa,coal_gas,2050,2050,M1,year,0,USD/GWa
171,South Africa,coal_gas,2050,2060,M1,year,0,USD/GWa
172,South Africa,coal_gas,2050,2070,M1,year,0,USD/GWa
173,South Africa,coal_gas,2060,2060,M1,year,0,USD/GWa
174,South Africa,coal_gas,2060,2070,M1,year,0,USD/GWa
175,South Africa,coal_gas,2070,2070,M1,year,0,USD/GWa
176,South Africa,coal_i,1990,1990,M1,year,0,USD/GWa
177,South Africa,coal_i,1990,1995,M1,year,0,USD/GWa
178,South Africa,coal_i,1990,2000,M1,year,0,USD/GWa
179,South Africa,coal_i,1990,2005,M1,year,0,USD/GWa
180,South Africa,coal_i,1990,2010,M1,year,0,USD/GWa
181,South Africa,coal_i,1995,1995,M1,year,0,USD/GWa
182,South Africa,coal_i,1995,2000,M1,year,0,USD/GWa
183,South Africa,coal_i,1995,2005,M1,year,0,USD/GWa
184,South Africa,coal_i,1995,2010,M1,year,0,USD/GWa
185,South Africa,coal_i,2000,2000,M1,year,0,USD/GWa
186,South Africa,coal_i,2000,2005,M1,year,0,USD/GWa
187,South Africa,coal_i,2000,2010,M1,year,0,USD/GWa
188,South Africa,coal_i,2000,2020,M1,year,0,USD/GWa
189,South Africa,coal_i,2005,2005,M1,year,0,USD/GWa
190,South Africa,coal_i,2005,2010,M1,year,0,USD/GWa
191,South Africa,coal_i,2005,2020,M1,year,0,USD/GWa
192,South Africa,coal_i,2010,2010,M1,year,0,USD/GWa
193,South Africa,coal_i,2010,2020,M1,year,0,USD/GWa
194,South Africa,coal_i,2010,2030,M1,year,0,USD/GWa
195,South Africa,coal_i,2020,2020,M1,year,0,USD/GWa
196,South Africa,coal_i,2020,2030,M1,year,0,USD/GWa
197,South Africa,coal_i,2020,2040,M1,year,0,USD/GWa
198,South Africa,coal_i,2030,2030,M1,year,0,USD/GWa
199,South Africa,coal_i,2030,2040,M1,year,0,USD/GWa
200,South Africa,coal_i,2030,2050,M1,year,0,USD/GWa
201,South Africa,coal_i,2040,2040,M1,year,0,USD/GWa
202,South Africa,coal_i,2040,2050,M1,year,0,USD/GWa
203,South Africa,coal_i,2040,2060,M1,year,0,USD/GWa
204,South Africa,coal_i,2050,2050,M1,year,0,USD/GWa
205,South Africa,coal_i,2050,2060,M1,year,0,USD/GWa
206,South Africa,coal_i,2050,2070,M1,year,0,USD/GWa
207,South Africa,coal_i,2060,2060,M1,year,0,USD/GWa
208,South Africa,coal_i,2060,2070,M1,year,0,USD/GWa
209,South Africa,coal_i,2070,2070,M1,year,0,USD/GWa
210,South Africa,coal_imp,2020,2020,M1,year,130.6818499,???
211,South Africa,coal_imp,2030,2030,M1,year,127.8279758,???
212,South Africa,coal_imp,2040,2040,M1,year,145.2745753,???
213,South Africa,coal_imp,2050,2050,M1,year,150.9981452,???
214,South Africa,coal_imp,2060,2060,M1,year,156.7217204,???
215,South Africa,coal_imp,2070,2070,M1,year,162.4452823,???
216,South Africa,coal_ppl,1995,1995,M1,year,0,USD/GWa
217,South Africa,coal_ppl,1995,2000,M1,year,0,USD/GWa
218,South Africa,coal_ppl,1995,2005,M1,year,0,USD/GWa
219,South Africa,coal_ppl,1995,2010,M1,year,0,USD/GWa
220,South Africa,coal_ppl,1995,2020,M1,year,0,USD/GWa
221,South Africa,coal_ppl,2000,2000,M1,year,0,USD/GWa
222,South Africa,coal_ppl,2000,2005,M1,year,0,USD/GWa
223,South Africa,coal_ppl,2000,2010,M1,year,0,USD/GWa
224,South Africa,coal_ppl,2000,2020,M1,year,0,USD/GWa
225,South Africa,coal_ppl,2005,2005,M1,year,0,USD/GWa
226,South Africa,coal_ppl,2005,2010,M1,year,0,USD/GWa
227,South Africa,coal_ppl,2005,2020,M1,year,0,USD/GWa
228,South Africa,coal_ppl,2005,2030,M1,year,0,USD/GWa
229,South Africa,coal_ppl,2010,2010,M1,year,0,USD/GWa
230,South Africa,coal_ppl,2010,2020,M1,year,0,USD/GWa
231,South Africa,coal_ppl,2010,2030,M1,year,0,USD/GWa
232,South Africa,coal_ppl,2020,2020,M1,year,0,USD/GWa
233,South Africa,coal_ppl,2020,2030,M1,year,0,USD/GWa
234,South Africa,coal_ppl,2020,2040,M1,year,0,USD/GWa
235,South Africa,coal_ppl,2030,2030,M1,year,0,USD/GWa
236,South Africa,coal_ppl,2030,2040,M1,year,0,USD/GWa
237,South Africa,coal_ppl,2030,2050,M1,year,0,USD/GWa
238,South Africa,coal_ppl,2040,2040,M1,year,0,USD/GWa
239,South Africa,coal_ppl,2040,2050,M1,year,0,USD/GWa
240,South Africa,coal_ppl,2040,2060,M1,year,0,USD/GWa
241,South Africa,coal_ppl,2050,2050,M1,year,0,USD/GWa
242,South Africa,coal_ppl,2050,2060,M1,year,0,USD/GWa
243,South Africa,coal_ppl,2050,2070,M1,year,0,USD/GWa
244,South Africa,coal_ppl,2060,2060,M1,year,0,USD/GWa
245,South Africa,coal_ppl,2060,2070,M1,year,0,USD/GWa
246,South Africa,coal_ppl,2070,2070,M1,year,0,USD/GWa
247,South Africa,coal_rc,1990,1990,M1,year,0,USD/GWa
248,South Africa,coal_rc,1995,1995,M1,year,0,USD/GWa
249,South Africa,coal_rc,2000,2000,M1,year,0,USD/GWa
250,South Africa,coal_rc,2005,2005,M1,year,0,USD/GWa
251,South Africa,coal_rc,2010,2010,M1,year,0,USD/GWa
252,South Africa,coal_rc,2020,2020,M1,year,0,USD/GWa
253,South Africa,coal_rc,2030,2030,M1,year,0,USD/GWa
254,South Africa,coal_rc,2040,2040,M1,year,0,USD/GWa
255,South Africa,coal_rc,2050,2050,M1,year,0,USD/GWa
256,South Africa,coal_rc,2060,2060,M1,year,0,USD/GWa
257,South Africa,coal_rc,2070,2070,M1,year,0,USD/GWa
258,South Africa,coal_t_d,1990,1990,M1,year,20,USD/GWa
259,South Africa,coal_t_d,1995,1995,M1,year,20,USD/GWa
260,South Africa,coal_t_d,2000,2000,M1,year,20,USD/GWa
261,South Africa,coal_t_d,2005,2005,M1,year,20,USD/GWa
262,South Africa,coal_t_d,2010,2010,M1,year,20,USD/GWa
263,South Africa,coal_t_d,2020,2020,M1,year,20,USD/GWa
264,South Africa,coal_t_d,2030,2030,M1,year,20,USD/GWa
265,South Africa,coal_t_d,2040,2040,M1,year,20,USD/GWa
266,South Africa,coal_t_d,2050,2050,M1,year,20,USD/GWa
267,South Africa,coal_t_d,2060,2060,M1,year,20,USD/GWa
268,South Africa,coal_t_d,2070,2070,M1,year,20,USD/GWa
269,South Africa,elec_exp,2020,2020,M1,year,-209.64244,???
270,South Africa,elec_exp,2030,2030,M1,year,-221.81293,???
271,South Africa,elec_exp,2040,2040,M1,year,-237.0446,???
272,South Africa,elec_exp,2050,2050,M1,year,-263.94766,???
273,South Africa,elec_exp,2060,2060,M1,year,-290.8507,???
274,South Africa,elec_exp,2070,2070,M1,year,-317.75375,???
275,South Africa,elec_i,1990,1990,M1,year,0,USD/GWa
276,South Africa,elec_i,1990,1995,M1,year,0,USD/GWa
277,South Africa,elec_i,1990,2000,M1,year,0,USD/GWa
278,South Africa,elec_i,1990,2005,M1,year,0,USD/GWa
279,South Africa,elec_i,1995,1995,M1,year,0,USD/GWa
280,South Africa,elec_i,1995,2000,M1,year,0,USD/GWa
281,South Africa,elec_i,1995,2005,M1,year,0,USD/GWa
282,South Africa,elec_i,1995,2010,M1,year,0,USD/GWa
283,South Africa,elec_i,2000,2000,M1,year,0,USD/GWa
284,South Africa,elec_i,2000,2005,M1,year,0,USD/GWa
285,South Africa,elec_i,2000,2010,M1,year,0,USD/GWa
286,South Africa,elec_i,2005,2005,M1,year,0,USD/GWa
287,South Africa,elec_i,2005,2010,M1,year,0,USD/GWa
288,South Africa,elec_i,2005,2020,M1,year,0,USD/GWa
289,South Africa,elec_i,2010,2010,M1,year,0,USD/GWa
290,South Africa,elec_i,2010,2020,M1,year,0,USD/GWa
291,South Africa,elec_i,2020,2020,M1,year,0,USD/GWa
292,South Africa,elec_i,2020,2030,M1,year,0,USD/GWa
293,South Africa,elec_i,2030,2030,M1,year,0,USD/GWa
294,South Africa,elec_i,2030,2040,M1,year,0,USD/GWa
295,South Africa,elec_i,2040,2040,M1,year,0,USD/GWa
296,South Africa,elec_i,2040,2050,M1,year,0,USD/GWa
297,South Africa,elec_i,2050,2050,M1,year,0,USD/GWa
298,South Africa,elec_i,2050,2060,M1,year,0,USD/GWa
299,South Africa,elec_i,2060,2060,M1,year,0,USD/GWa
300,South Africa,elec_i,2060,2070,M1,year,0,USD/GWa
301,South Africa,elec_i,2070,2070,M1,year,0,USD/GWa
302,South Africa,elec_imp,2020,2020,M1,year,389.33594,???
303,South Africa,elec_imp,2030,2030,M1,year,411.9383,???
304,South Africa,elec_imp,2040,2040,M1,year,440.22568,???
305,South Africa,elec_imp,2050,2050,M1,year,490.18848,???
306,South Africa,elec_imp,2060,2060,M1,year,540.15125,???
307,South Africa,elec_imp,2070,2070,M1,year,590.114,???
308,South Africa,elec_t_d,1965,1990,M1,year,25.2,USD/GWa
309,South Africa,elec_t_d,1965,1995,M1,year,25.2,USD/GWa
310,South Africa,elec_t_d,1965,2000,M1,year,25.2,USD/GWa
311,South Africa,elec_t_d,1965,2005,M1,year,25.2,USD/GWa
312,South Africa,elec_t_d,1965,2010,M1,year,25.2,USD/GWa
313,South Africa,elec_t_d,1965,2020,M1,year,25.2,USD/GWa
314,South Africa,elec_t_d,1970,1990,M1,year,25.2,USD/GWa
315,South Africa,elec_t_d,1970,1995,M1,year,25.2,USD/GWa
316,South Africa,elec_t_d,1970,2000,M1,year,25.2,USD/GWa
317,South Africa,elec_t_d,1970,2005,M1,year,25.2,USD/GWa
318,South Africa,elec_t_d,1970,2010,M1,year,25.2,USD/GWa
319,South Africa,elec_t_d,1970,2020,M1,year,25.2,USD/GWa
320,South Africa,elec_t_d,1975,1990,M1,year,25.2,USD/GWa
321,South Africa,elec_t_d,1975,1995,M1,year,25.2,USD/GWa
322,South Africa,elec_t_d,1975,2000,M1,year,25.2,USD/GWa
323,South Africa,elec_t_d,1975,2005,M1,year,25.2,USD/GWa
324,South Africa,elec_t_d,1975,2010,M1,year,25.2,USD/GWa
325,South Africa,elec_t_d,1975,2020,M1,year,25.2,USD/GWa
326,South Africa,elec_t_d,1975,2030,M1,year,25.2,USD/GWa
327,South Africa,elec_t_d,1980,1990,M1,year,25.2,USD/GWa
328,South Africa,elec_t_d,1980,1995,M1,year,25.2,USD/GWa
329,South Africa,elec_t_d,1980,2000,M1,year,25.2,USD/GWa
330,South Africa,elec_t_d,1980,2005,M1,year,25.2,USD/GWa
331,South Africa,elec_t_d,1980,2010,M1,year,25.2,USD/GWa
332,South Africa,elec_t_d,1980,2020,M1,year,25.2,USD/GWa
333,South Africa,elec_t_d,1980,2030,M1,year,25.2,USD/GWa
334,South Africa,elec_t_d,1985,1990,M1,year,25.2,USD/GWa
335,South Africa,elec_t_d,1985,1995,M1,year,25.2,USD/GWa
336,South Africa,elec_t_d,1985,2000,M1,year,25.2,USD/GWa
337,South Africa,elec_t_d,1985,2005,M1,year,25.2,USD/GWa
338,South Africa,elec_t_d,1985,2010,M1,year,25.2,USD/GWa
339,South Africa,elec_t_d,1985,2020,M1,year,25.2,USD/GWa
340,South Africa,elec_t_d,1985,2030,M1,year,25.2,USD/GWa
341,South Africa,elec_t_d,1985,2040,M1,year,25.2,USD/GWa
342,South Africa,elec_t_d,1990,1990,M1,year,25.2,USD/GWa
343,South Africa,elec_t_d,1990,1995,M1,year,25.2,USD/GWa
344,South Africa,elec_t_d,1990,2000,M1,year,25.2,USD/GWa
345,South Africa,elec_t_d,1990,2005,M1,year,25.2,USD/GWa
346,South Africa,elec_t_d,1990,2010,M1,year,25.2,USD/GWa
347,South Africa,elec_t_d,1990,2020,M1,year,25.2,USD/GWa
348,South Africa,elec_t_d,1990,2030,M1,year,25.2,USD/GWa
349,South Africa,elec_t_d,1990,2040,M1,year,25.2,USD/GWa
350,South Africa,elec_t_d,1995,1995,M1,year,25.2,USD/GWa
351,South Africa,elec_t_d,1995,2000,M1,year,25.2,USD/GWa
352,South Africa,elec_t_d,1995,2005,M1,year,25.2,USD/GWa
353,South Africa,elec_t_d,1995,2010,M1,year,25.2,USD/GWa
354,South Africa,elec_t_d,1995,2020,M1,year,25.2,USD/GWa
355,South Africa,elec_t_d,1995,2030,M1,year,25.2,USD/GWa
356,South Africa,elec_t_d,1995,2040,M1,year,25.2,USD/GWa
357,South Africa,elec_t_d,1995,2050,M1,year,25.2,USD/GWa
358,South Africa,elec_t_d,2000,2000,M1,year,25.2,USD/GWa
359,South Africa,elec_t_d,2000,2005,M1,year,25.2,USD/GWa
360,South Africa,elec_t_d,2000,2010,M1,year,25.2,USD/GWa
361,South Africa,elec_t_d,2000,2020,M1,year,25.2,USD/GWa
362,South Africa,elec_t_d,2000,2030,M1,year,25.2,USD/GWa
363,South Africa,elec_t_d,2000,2040,M1,year,25.2,USD/GWa
364,South Africa,elec_t_d,2000,2050,M1,year,25.2,USD/GWa
365,South Africa,elec_t_d,2005,2005,M1,year,25.2,USD/GWa
366,South Africa,elec_t_d,2005,2010,M1,year,25.2,USD/GWa
367,South Africa,elec_t_d,2005,2020,M1,year,25.2,USD/GWa
368,South Africa,elec_t_d,2005,2030,M1,year,25.2,USD/GWa
369,South Africa,elec_t_d,2005,2040,M1,year,25.2,USD/GWa
370,South Africa,elec_t_d,2005,2050,M1,year,25.2,USD/GWa
371,South Africa,elec_t_d,2005,2060,M1,year,25.2,USD/GWa
372,South Africa,elec_t_d,2010,2010,M1,year,25.2,USD/GWa
373,South Africa,elec_t_d,2010,2020,M1,year,25.2,USD/GWa
374,South Africa,elec_t_d,2010,2030,M1,year,25.2,USD/GWa
375,South Africa,elec_t_d,2010,2040,M1,year,25.2,USD/GWa
376,South Africa,elec_t_d,2010,2050,M1,year,25.2,USD/GWa
377,South Africa,elec_t_d,2010,2060,M1,year,25.2,USD/GWa
378,South Africa,elec_t_d,2020,2020,M1,year,25.2,USD/GWa
379,South Africa,elec_t_d,2020,2030,M1,year,25.2,USD/GWa
380,South Africa,elec_t_d,2020,2040,M1,year,25.2,USD/GWa
381,South Africa,elec_t_d,2020,2050,M1,year,25.2,USD/GWa
382,South Africa,elec_t_d,2020,2060,M1,year,25.2,USD/GWa
383,South Africa,elec_t_d,2020,2070,M1,year,25.2,USD/GWa
384,South Africa,elec_t_d,2030,2030,M1,year,25.2,USD/GWa
385,South Africa,elec_t_d,2030,2040,M1,year,25.2,USD/GWa
386,South Africa,elec_t_d,2030,2050,M1,year,25.2,USD/GWa
387,South Africa,elec_t_d,2030,2060,M1,year,25.2,USD/GWa
388,South Africa,elec_t_d,2030,2070,M1,year,25.2,USD/GWa
389,South Africa,elec_t_d,2040,2040,M1,year,25.2,USD/GWa
390,South Africa,elec_t_d,2040,2050,M1,year,25.2,USD/GWa
391,South Africa,elec_t_d,2040,2060,M1,year,25.2,USD/GWa
392,South Africa,elec_t_d,2040,2070,M1,year,25.2,USD/GWa
393,South Africa,elec_t_d,2050,2050,M1,year,25.2,USD/GWa
394,South Africa,elec_t_d,2050,2060,M1,year,25.2,USD/GWa
395,South Africa,elec_t_d,2050,2070,M1,year,25.2,USD/GWa
396,South Africa,elec_t_d,2060,2060,M1,year,25.2,USD/GWa
397,South Africa,elec_t_d,2060,2070,M1,year,25.2,USD/GWa
398,South Africa,elec_t_d,2070,2070,M1,year,25.2,USD/GWa
399,South Africa,elec_trp,1990,1990,M1,year,0,USD/GWa
400,South Africa,elec_trp,1995,1995,M1,year,0,USD/GWa
401,South Africa,elec_trp,2000,2000,M1,year,0,USD/GWa
402,South Africa,elec_trp,2005,2005,M1,year,0,USD/GWa
403,South Africa,elec_trp,2010,2010,M1,year,0,USD/GWa
404,South Africa,elec_trp,2020,2020,M1,year,0,USD/GWa
405,South Africa,elec_trp,2030,2030,M1,year,0,USD/GWa
406,South Africa,elec_trp,2040,2040,M1,year,0,USD/GWa
407,South Africa,elec_trp,2050,2050,M1,year,0,USD/GWa
408,South Africa,elec_trp,2060,2060,M1,year,0,USD/GWa
409,South Africa,elec_trp,2070,2070,M1,year,0,USD/GWa
410,South Africa,foil_exp,2020,2020,M1,year,-115.035545,???
411,South Africa,foil_exp,2030,2030,M1,year,-138.67131,???
412,South Africa,foil_exp,2040,2040,M1,year,-154.15346,???
413,South Africa,foil_exp,2050,2050,M1,year,-180.60849,???
414,South Africa,foil_exp,2060,2060,M1,year,-207.06352,???
415,South Africa,foil_exp,2070,2070,M1,year,-233.51855,???
416,South Africa,foil_i,1990,1990,M1,year,0,USD/GWa
417,South Africa,foil_i,1990,1995,M1,year,0,USD/GWa
418,South Africa,foil_i,1990,2000,M1,year,0,USD/GWa
419,South Africa,foil_i,1990,2005,M1,year,0,USD/GWa
420,South Africa,foil_i,1990,2010,M1,year,0,USD/GWa
421,South Africa,foil_i,1995,1995,M1,year,0,USD/GWa
422,South Africa,foil_i,1995,2000,M1,year,0,USD/GWa
423,South Africa,foil_i,1995,2005,M1,year,0,USD/GWa
424,South Africa,foil_i,1995,2010,M1,year,0,USD/GWa
425,South Africa,foil_i,2000,2000,M1,year,0,USD/GWa
426,South Africa,foil_i,2000,2005,M1,year,0,USD/GWa
427,South Africa,foil_i,2000,2010,M1,year,0,USD/GWa
428,South Africa,foil_i,2000,2020,M1,year,0,USD/GWa
429,South Africa,foil_i,2005,2005,M1,year,0,USD/GWa
430,South Africa,foil_i,2005,2010,M1,year,0,USD/GWa
431,South Africa,foil_i,2005,2020,M1,year,0,USD/GWa
432,South Africa,foil_i,2010,2010,M1,year,0,USD/GWa
433,South Africa,foil_i,2010,2020,M1,year,0,USD/GWa
434,South Africa,foil_i,2010,2030,M1,year,0,USD/GWa
435,South Africa,foil_i,2020,2020,M1,year,0,USD/GWa
436,South Africa,foil_i,2020,2030,M1,year,0,USD/GWa
437,South Africa,foil_i,2020,2040,M1,year,0,USD/GWa
438,South Africa,foil_i,2030,2030,M1,year,0,USD/GWa
439,South Africa,foil_i,2030,2040,M1,year,0,USD/GWa
440,South Africa,foil_i,2030,2050,M1,year,0,USD/GWa
441,South Africa,foil_i,2040,2040,M1,year,0,USD/GWa
442,South Africa,foil_i,2040,2050,M1,year,0,USD/GWa
443,South Africa,foil_i,2040,2060,M1,year,0,USD/GWa
444,South Africa,foil_i,2050,2050,M1,year,0,USD/GWa
445,South Africa,foil_i,2050,2060,M1,year,0,USD/GWa
446,South Africa,foil_i,2050,2070,M1,year,0,USD/GWa
447,South Africa,foil_i,2060,2060,M1,year,0,USD/GWa
448,South Africa,foil_i,2060,2070,M1,year,0,USD/GWa
449,South Africa,foil_i,2070,2070,M1,year,0,USD/GWa
450,South Africa,foil_imp,2020,2020,M1,year,213.63744,???
451,South Africa,foil_imp,2030,2030,M1,year,257.53244,???
452,South Africa,foil_imp,2040,2040,M1,year,286.285,???
453,South Africa,foil_imp,2050,2050,M1,year,335.41577,???
454,South Africa,foil_imp,2060,2060,M1,year,384.54654,???
455,South Africa,foil_imp,2070,2070,M1,year,433.6773,???
456,South Africa,foil_ppl,1990,1990,M1,year,0.4,USD/GWa
457,South Africa,foil_ppl,1990,1995,M1,year,0.4,USD/GWa
458,South Africa,foil_ppl,1990,2000,M1,year,0.4,USD/GWa
459,South Africa,foil_ppl,1990,2005,M1,year,0.4,USD/GWa
460,South Africa,foil_ppl,1990,2010,M1,year,0.4,USD/GWa
461,South Africa,foil_ppl,1995,1995,M1,year,0.4,USD/GWa
462,South Africa,foil_ppl,1995,2000,M1,year,0.4,USD/GWa
463,South Africa,foil_ppl,1995,2005,M1,year,0.4,USD/GWa
464,South Africa,foil_ppl,1995,2010,M1,year,0.4,USD/GWa
465,South Africa,foil_ppl,1995,2020,M1,year,0.4,USD/GWa
466,South Africa,foil_ppl,2000,2000,M1,year,0.4,USD/GWa
467,South Africa,foil_ppl,2000,2005,M1,year,0.4,USD/GWa
468,South Africa,foil_ppl,2000,2010,M1,year,0.4,USD/GWa
469,South Africa,foil_ppl,2000,2020,M1,year,0.4,USD/GWa
470,South Africa,foil_ppl,2005,2005,M1,year,0.4,USD/GWa
471,South Africa,foil_ppl,2005,2010,M1,year,0.4,USD/GWa
472,South Africa,foil_ppl,2005,2020,M1,year,0.4,USD/GWa
473,South Africa,foil_ppl,2005,2030,M1,year,0.4,USD/GWa
474,South Africa,foil_ppl,2010,2010,M1,year,0.4,USD/GWa
475,South Africa,foil_ppl,2010,2020,M1,year,0.4,USD/GWa
476,South Africa,foil_ppl,2010,2030,M1,year,0.4,USD/GWa
477,South Africa,foil_ppl,2020,2020,M1,year,0.4,USD/GWa
478,South Africa,foil_ppl,2020,2030,M1,year,0.4,USD/GWa
479,South Africa,foil_ppl,2020,2040,M1,year,0.4,USD/GWa
480,South Africa,foil_ppl,2030,2030,M1,year,0.4,USD/GWa
481,South Africa,foil_ppl,2030,2040,M1,year,0.4,USD/GWa
482,South Africa,foil_ppl,2030,2050,M1,year,0.4,USD/GWa
483,South Africa,foil_ppl,2040,2040,M1,year,0.4,USD/GWa
484,South Africa,foil_ppl,2040,2050,M1,year,0.4,USD/GWa
485,South Africa,foil_ppl,2040,2060,M1,year,0.4,USD/GWa
486,South Africa,foil_ppl,2050,2050,M1,year,0.4,USD/GWa
487,South Africa,foil_ppl,2050,2060,M1,year,0.4,USD/GWa
488,South Africa,foil_ppl,2050,2070,M1,year,0.4,USD/GWa
489,South Africa,foil_ppl,2060,2060,M1,year,0.4,USD/GWa
490,South Africa,foil_ppl,2060,2070,M1,year,0.4,USD/GWa
491,South Africa,foil_ppl,2070,2070,M1,year,0.4,USD/GWa
492,South Africa,foil_rc,1990,1990,M1,year,0,USD/GWa
493,South Africa,foil_rc,1995,1995,M1,year,0,USD/GWa
494,South Africa,foil_rc,2000,2000,M1,year,0,USD/GWa
495,South Africa,foil_rc,2005,2005,M1,year,0,USD/GWa
496,South Africa,foil_rc,2010,2010,M1,year,0,USD/GWa
497,South Africa,foil_rc,2020,2020,M1,year,0,USD/GWa
498,South Africa,foil_rc,2030,2030,M1,year,0,USD/GWa
499,South Africa,foil_rc,2040,2040,M1,year,0,USD/GWa
500,South Africa,foil_rc,2050,2050,M1,year,0,USD/GWa
501,South Africa,foil_rc,2060,2060,M1,year,0,USD/GWa
502,South Africa,foil_rc,2070,2070,M1,year,0,USD/GWa
503,South Africa,foil_t_d,1990,1990,M1,year,0,USD/GWa
504,South Africa,foil_t_d,1995,1995,M1,year,0,USD/GWa
505,South Africa,foil_t_d,2000,2000,M1,year,0,USD/GWa
506,South Africa,foil_t_d,2005,2005,M1,year,0,USD/GWa
507,South Africa,foil_t_d,2010,2010,M1,year,0,USD/GWa
508,South Africa,foil_t_d,2020,2020,M1,year,0,USD/GWa
509,South Africa,foil_t_d,2030,2030,M1,year,0,USD/GWa
510,South Africa,foil_t_d,2040,2040,M1,year,0,USD/GWa
511,South Africa,foil_t_d,2050,2050,M1,year,0,USD/GWa
512,South Africa,foil_t_d,2060,2060,M1,year,0,USD/GWa
513,South Africa,foil_t_d,2070,2070,M1,year,0,USD/GWa
514,South Africa,foil_trp,1990,1990,M1,year,0,USD/GWa
515,South Africa,foil_trp,1995,1995,M1,year,0,USD/GWa
516,South Africa,foil_trp,2000,2000,M1,year,0,USD/GWa
517,South Africa,foil_trp,2005,2005,M1,year,0,USD/GWa
518,South Africa,foil_trp,2010,2010,M1,year,0,USD/GWa
519,South Africa,foil_trp,2020,2020,M1,year,0,USD/GWa
520,South Africa,foil_trp,2030,2030,M1,year,0,USD/GWa
521,South Africa,foil_trp,2040,2040,M1,year,0,USD/GWa
522,South Africa,foil_trp,2050,2050,M1,year,0,USD/GWa
523,South Africa,foil_trp,2060,2060,M1,year,0,USD/GWa
524,South Africa,foil_trp,2070,2070,M1,year,0,USD/GWa
525,South Africa,gas_bal,1990,1990,M1,year,0,USD/GWa
526,South Africa,gas_bal,1995,1995,M1,year,0,USD/GWa
527,South Africa,gas_bal,2000,2000,M1,year,0,USD/GWa
528,South Africa,gas_bal,2005,2005,M1,year,0,USD/GWa
529,South Africa,gas_bal,2010,2010,M1,year,0,USD/GWa
530,South Africa,gas_bal,2020,2020,M1,year,0,USD/GWa
531,South Africa,gas_bal,2030,2030,M1,year,0,USD/GWa
532,South Africa,gas_bal,2040,2040,M1,year,0,USD/GWa
533,South Africa,gas_bal,2050,2050,M1,year,0,USD/GWa
534,South Africa,gas_bal,2060,2060,M1,year,0,USD/GWa
535,South Africa,gas_bal,2070,2070,M1,year,0,USD/GWa
536,South Africa,gas_bio,2010,2010,M1,year,8,USD/GWa
537,South Africa,gas_bio,2010,2020,M1,year,8,USD/GWa
538,South Africa,gas_bio,2010,2030,M1,year,8,USD/GWa
539,South Africa,gas_bio,2020,2020,M1,year,8,USD/GWa
540,South Africa,gas_bio,2020,2030,M1,year,8,USD/GWa
541,South Africa,gas_bio,2020,2040,M1,year,8,USD/GWa
542,South Africa,gas_bio,2030,2030,M1,year,8,USD/GWa
543,South Africa,gas_bio,2030,2040,M1,year,8,USD/GWa
544,South Africa,gas_bio,2030,2050,M1,year,8,USD/GWa
545,South Africa,gas_bio,2040,2040,M1,year,8,USD/GWa
546,South Africa,gas_bio,2040,2050,M1,year,8,USD/GWa
547,South Africa,gas_bio,2040,2060,M1,year,8,USD/GWa
548,South Africa,gas_bio,2050,2050,M1,year,8,USD/GWa
549,South Africa,gas_bio,2050,2060,M1,year,8,USD/GWa
550,South Africa,gas_bio,2050,2070,M1,year,8,USD/GWa
551,South Africa,gas_bio,2060,2060,M1,year,8,USD/GWa
552,South Africa,gas_bio,2060,2070,M1,year,8,USD/GWa
553,South Africa,gas_bio,2070,2070,M1,year,8,USD/GWa
554,South Africa,gas_cc,1995,1995,M1,year,0,USD/GWa
555,South Africa,gas_cc,1995,2000,M1,year,0,USD/GWa
556,South Africa,gas_cc,1995,2005,M1,year,0,USD/GWa
557,South Africa,gas_cc,1995,2010,M1,year,0,USD/GWa
558,South Africa,gas_cc,1995,2020,M1,year,0,USD/GWa
559,South Africa,gas_cc,2000,2000,M1,year,0,USD/GWa
560,South Africa,gas_cc,2000,2005,M1,year,0,USD/GWa
561,South Africa,gas_cc,2000,2010,M1,year,0,USD/GWa
562,South Africa,gas_cc,2000,2020,M1,year,0,USD/GWa
563,South Africa,gas_cc,2005,2005,M1,year,0,USD/GWa
564,South Africa,gas_cc,2005,2010,M1,year,0,USD/GWa
565,South Africa,gas_cc,2005,2020,M1,year,0,USD/GWa
566,South Africa,gas_cc,2005,2030,M1,year,0,USD/GWa
567,South Africa,gas_cc,2010,2010,M1,year,0,USD/GWa
568,South Africa,gas_cc,2010,2020,M1,year,0,USD/GWa
569,South Africa,gas_cc,2010,2030,M1,year,0,USD/GWa
570,South Africa,gas_cc,2020,2020,M1,year,0,USD/GWa
571,South Africa,gas_cc,2020,2030,M1,year,0,USD/GWa
572,South Africa,gas_cc,2020,2040,M1,year,0,USD/GWa
573,South Africa,gas_cc,2030,2030,M1,year,0,USD/GWa
574,South Africa,gas_cc,2030,2040,M1,year,0,USD/GWa
575,South Africa,gas_cc,2030,2050,M1,year,0,USD/GWa
576,South Africa,gas_cc,2040,2040,M1,year,0,USD/GWa
577,South Africa,gas_cc,2040,2050,M1,year,0,USD/GWa
578,South Africa,gas_cc,2040,2060,M1,year,0,USD/GWa
579,South Africa,gas_cc,2050,2050,M1,year,0,USD/GWa
580,South Africa,gas_cc,2050,2060,M1,year,0,USD/GWa
581,South Africa,gas_cc,2050,2070,M1,year,0,USD/GWa
582,South Africa,gas_cc,2060,2060,M1,year,0,USD/GWa
583,South Africa,gas_cc,2060,2070,M1,year,0,USD/GWa
584,South Africa,gas_cc,2070,2070,M1,year,0,USD/GWa
585,South Africa,gas_cc_ccs,2020,2020,M1,year,0,USD/GWa
586,South Africa,gas_cc_ccs,2020,2030,M1,year,0,USD/GWa
587,South Africa,gas_cc_ccs,2020,2040,M1,year,0,USD/GWa
588,South Africa,gas_cc_ccs,2030,2030,M1,year,0,USD/GWa
589,South Africa,gas_cc_ccs,2030,2040,M1,year,0,USD/GWa
590,South Africa,gas_cc_ccs,2030,2050,M1,year,0,USD/GWa
591,South Africa,gas_cc_ccs,2040,2040,M1,year,0,USD/GWa
592,South Africa,gas_cc_ccs,2040,2050,M1,year,0,USD/GWa
593,South Africa,gas_cc_ccs,2040,2060,M1,year,0,USD/GWa
594,South Africa,gas_cc_ccs,2050,2050,M1,year,0,USD/GWa
595,South Africa,gas_cc_ccs,2050,2060,M1,year,0,USD/GWa
596,South Africa,gas_cc_ccs,2050,2070,M1,year,0,USD/GWa
597,South Africa,gas_cc_ccs,2060,2060,M1,year,0,USD/GWa
598,South Africa,gas_cc_ccs,2060,2070,M1,year,0,USD/GWa
599,South Africa,gas_cc_ccs,2070,2070,M1,year,0,USD/GWa
600,South Africa,gas_ct,1990,1990,M1,year,0,USD/GWa
601,South Africa,gas_ct,1990,1995,M1,year,0,USD/GWa
602,South Africa,gas_ct,1990,2000,M1,year,0,USD/GWa
603,South Africa,gas_ct,1990,2005,M1,year,0,USD/GWa
604,South Africa,gas_ct,1990,2010,M1,year,0,USD/GWa
605,South Africa,gas_ct,1995,1995,M1,year,0,USD/GWa
606,South Africa,gas_ct,1995,2000,M1,year,0,USD/GWa
607,South Africa,gas_ct,1995,2005,M1,year,0,USD/GWa
608,South Africa,gas_ct,1995,2010,M1,year,0,USD/GWa
609,South Africa,gas_ct,1995,2020,M1,year,0,USD/GWa
610,South Africa,gas_ct,2000,2000,M1,year,0,USD/GWa
611,South Africa,gas_ct,2000,2005,M1,year,0,USD/GWa
612,South Africa,gas_ct,2000,2010,M1,year,0,USD/GWa
613,South Africa,gas_ct,2000,2020,M1,year,0,USD/GWa
614,South Africa,gas_ct,2005,2005,M1,year,0,USD/GWa
615,South Africa,gas_ct,2005,2010,M1,year,0,USD/GWa
616,South Africa,gas_ct,2005,2020,M1,year,0,USD/GWa
617,South Africa,gas_ct,2005,2030,M1,year,0,USD/GWa
618,South Africa,gas_ct,2010,2010,M1,year,0,USD/GWa
619,South Africa,gas_ct,2010,2020,M1,year,0,USD/GWa
620,South Africa,gas_ct,2010,2030,M1,year,0,USD/GWa
621,South Africa,gas_ct,2020,2020,M1,year,0,USD/GWa
622,South Africa,gas_ct,2020,2030,M1,year,0,USD/GWa
623,South Africa,gas_ct,2020,2040,M1,year,0,USD/GWa
624,South Africa,gas_ct,2030,2030,M1,year,0,USD/GWa
625,South Africa,gas_ct,2030,2040,M1,year,0,USD/GWa
626,South Africa,gas_ct,2030,2050,M1,year,0,USD/GWa
627,South Africa,gas_ct,2040,2040,M1,year,0,USD/GWa
628,South Africa,gas_ct,2040,2050,M1,year,0,USD/GWa
629,South Africa,gas_ct,2040,2060,M1,year,0,USD/GWa
630,South Africa,gas_ct,2050,2050,M1,year,0,USD/GWa
631,South Africa,gas_ct,2050,2060,M1,year,0,USD/GWa
632,South Africa,gas_ct,2050,2070,M1,year,0,USD/GWa
633,South Africa,gas_ct,2060,2060,M1,year,0,USD/GWa
634,South Africa,gas_ct,2060,2070,M1,year,0,USD/GWa
635,South Africa,gas_ct,2070,2070,M1,year,0,USD/GWa
636,South Africa,gas_exp,2020,2020,M1,year,-90.85556,???
637,South Africa,gas_exp,2030,2030,M1,year,-102.639084,???
638,South Africa,gas_exp,2040,2040,M1,year,-116.8001,???
639,South Africa,gas_exp,2050,2050,M1,year,-137.94594,???
640,South Africa,gas_exp,2060,2060,M1,year,-159.09177,???
641,South Africa,gas_exp,2070,2070,M1,year,-180.2376,???
642,South Africa,gas_extr,2010,2010,M1,year,130,???
643,South Africa,gas_extr,2020,2020,M1,year,267.9341031,???
644,South Africa,gas_extr,2030,2030,M1,year,552.220643,???
645,South Africa,gas_extr,2040,2040,M1,year,1138.144175,???
646,South Africa,gas_extr,2050,2050,M1,year,2345.751066,???
647,South Africa,gas_extr,2060,2060,M1,year,4834.666984,???
648,South Africa,gas_extr,2070,2070,M1,year,9964.401247,???
649,South Africa,gas_fs,1995,1995,M1,year,0,USD/GWa
650,South Africa,gas_fs,2000,2000,M1,year,0,USD/GWa
651,South Africa,gas_fs,2005,2005,M1,year,0,USD/GWa
652,South Africa,gas_fs,2010,2010,M1,year,0,USD/GWa
653,South Africa,gas_fs,2020,2020,M1,year,0,USD/GWa
654,South Africa,gas_fs,2030,2030,M1,year,0,USD/GWa
655,South Africa,gas_fs,2040,2040,M1,year,0,USD/GWa
656,South Africa,gas_fs,2050,2050,M1,year,0,USD/GWa
657,South Africa,gas_fs,2060,2060,M1,year,0,USD/GWa
658,South Africa,gas_fs,2070,2070,M1,year,0,USD/GWa
659,South Africa,gas_i,1990,1990,M1,year,0,USD/GWa
660,South Africa,gas_i,1990,1995,M1,year,0,USD/GWa
661,South Africa,gas_i,1990,2000,M1,year,0,USD/GWa
662,South Africa,gas_i,1990,2005,M1,year,0,USD/GWa
663,South Africa,gas_i,1990,2010,M1,year,0,USD/GWa
664,South Africa,gas_i,1995,1995,M1,year,0,USD/GWa
665,South Africa,gas_i,1995,2000,M1,year,0,USD/GWa
666,South Africa,gas_i,1995,2005,M1,year,0,USD/GWa
667,South Africa,gas_i,1995,2010,M1,year,0,USD/GWa
668,South Africa,gas_i,2000,2000,M1,year,0,USD/GWa
669,South Africa,gas_i,2000,2005,M1,year,0,USD/GWa
670,South Africa,gas_i,2000,2010,M1,year,0,USD/GWa
671,South Africa,gas_i,2000,2020,M1,year,0,USD/GWa
672,South Africa,gas_i,2005,2005,M1,year,0,USD/GWa
673,South Africa,gas_i,2005,2010,M1,year,0,USD/GWa
674,South Africa,gas_i,2005,2020,M1,year,0,USD/GWa
675,South Africa,gas_i,2010,2010,M1,year,0,USD/GWa
676,South Africa,gas_i,2010,2020,M1,year,0,USD/GWa
677,South Africa,gas_i,2010,2030,M1,year,0,USD/GWa
678,South Africa,gas_i,2020,2020,M1,year,0,USD/GWa
679,South Africa,gas_i,2020,2030,M1,year,0,USD/GWa
680,South Africa,gas_i,2020,2040,M1,year,0,USD/GWa
681,South Africa,gas_i,2030,2030,M1,year,0,USD/GWa
682,South Africa,gas_i,2030,2040,M1,year,0,USD/GWa
683,South Africa,gas_i,2030,2050,M1,year,0,USD/GWa
684,South Africa,gas_i,2040,2040,M1,year,0,USD/GWa
685,South Africa,gas_i,2040,2050,M1,year,0,USD/GWa
686,South Africa,gas_i,2040,2060,M1,year,0,USD/GWa
687,South Africa,gas_i,2050,2050,M1,year,0,USD/GWa
688,South Africa,gas_i,2050,2060,M1,year,0,USD/GWa
689,South Africa,gas_i,2050,2070,M1,year,0,USD/GWa
690,South Africa,gas_i,2060,2060,M1,year,0,USD/GWa
691,South Africa,gas_i,2060,2070,M1,year,0,USD/GWa
692,South Africa,gas_i,2070,2070,M1,year,0,USD/GWa
693,South Africa,gas_imp,2020,2020,M1,year,224.4132541,???
694,South Africa,gas_imp,2030,2030,M1,year,253.5185485,???
695,South Africa,gas_imp,2040,2040,M1,year,288.4962451,???
696,South Africa,gas_imp,2050,2050,M1,year,340.726449,???
697,South Africa,gas_imp,2060,2060,M1,year,392.9566396,???
698,South Africa,gas_imp,2070,2070,M1,year,445.1868169,???
699,South Africa,gas_ppl,1985,1990,M1,year,0,USD/GWa
700,South Africa,gas_ppl,1985,1995,M1,year,0,USD/GWa
701,South Africa,gas_ppl,1985,2000,M1,year,0,USD/GWa
702,South Africa,gas_ppl,1985,2005,M1,year,0,USD/GWa
703,South Africa,gas_ppl,1985,2010,M1,year,0,USD/GWa
704,South Africa,gas_ppl,1990,1990,M1,year,0,USD/GWa
705,South Africa,gas_ppl,1990,1995,M1,year,0,USD/GWa
706,South Africa,gas_ppl,1990,2000,M1,year,0,USD/GWa
707,South Africa,gas_ppl,1990,2005,M1,year,0,USD/GWa
708,South Africa,gas_ppl,1990,2010,M1,year,0,USD/GWa
709,South Africa,gas_ppl,1995,1995,M1,year,0,USD/GWa
710,South Africa,gas_ppl,1995,2000,M1,year,0,USD/GWa
711,South Africa,gas_ppl,1995,2005,M1,year,0,USD/GWa
712,South Africa,gas_ppl,1995,2010,M1,year,0,USD/GWa
713,South Africa,gas_ppl,1995,2020,M1,year,0,USD/GWa
714,South Africa,gas_ppl,2000,2000,M1,year,0,USD/GWa
715,South Africa,gas_ppl,2000,2005,M1,year,0,USD/GWa
716,South Africa,gas_ppl,2000,2010,M1,year,0,USD/GWa
717,South Africa,gas_ppl,2000,2020,M1,year,0,USD/GWa
718,South Africa,gas_ppl,2005,2005,M1,year,0,USD/GWa
719,South Africa,gas_ppl,2005,2010,M1,year,0,USD/GWa
720,South Africa,gas_ppl,2005,2020,M1,year,0,USD/GWa
721,South Africa,gas_ppl,2005,2030,M1,year,0,USD/GWa
722,South Africa,gas_ppl,2010,2010,M1,year,0,USD/GWa
723,South Africa,gas_ppl,2010,2020,M1,year,0,USD/GWa
724,South Africa,gas_ppl,2010,2030,M1,year,0,USD/GWa
725,South Africa,gas_ppl,2020,2020,M1,year,0,USD/GWa
726,South Africa,gas_ppl,2020,2030,M1,year,0,USD/GWa
727,South Africa,gas_ppl,2020,2040,M1,year,0,USD/GWa
728,South Africa,gas_ppl,2030,2030,M1,year,0,USD/GWa
729,South Africa,gas_ppl,2030,2040,M1,year,0,USD/GWa
730,South Africa,gas_ppl,2030,2050,M1,year,0,USD/GWa
731,South Africa,gas_ppl,2040,2040,M1,year,0,USD/GWa
732,South Africa,gas_ppl,2040,2050,M1,year,0,USD/GWa
733,South Africa,gas_ppl,2040,2060,M1,year,0,USD/GWa
734,South Africa,gas_ppl,2050,2050,M1,year,0,USD/GWa
735,South Africa,gas_ppl,2050,2060,M1,year,0,USD/GWa
736,South Africa,gas_ppl,2050,2070,M1,year,0,USD/GWa
737,South Africa,gas_ppl,2060,2060,M1,year,0,USD/GWa
738,South Africa,gas_ppl,2060,2070,M1,year,0,USD/GWa
739,South Africa,gas_ppl,2070,2070,M1,year,0,USD/GWa
740,South Africa,gas_rc,1990,1990,M1,year,0,USD/GWa
741,South Africa,gas_rc,1995,1995,M1,year,0,USD/GWa
742,South Africa,gas_rc,2000,2000,M1,year,0,USD/GWa
743,South Africa,gas_rc,2005,2005,M1,year,0,USD/GWa
744,South Africa,gas_rc,2010,2010,M1,year,0,USD/GWa
745,South Africa,gas_rc,2020,2020,M1,year,0,USD/GWa
746,South Africa,gas_rc,2030,2030,M1,year,0,USD/GWa
747,South Africa,gas_rc,2040,2040,M1,year,0,USD/GWa
748,South Africa,gas_rc,2050,2050,M1,year,0,USD/GWa
749,South Africa,gas_rc,2060,2060,M1,year,0,USD/GWa
750,South Africa,gas_rc,2070,2070,M1,year,0,USD/GWa
751,South Africa,gas_t_d,1975,1990,M1,year,2.9,USD/GWa
752,South Africa,gas_t_d,1975,1995,M1,year,2.9,USD/GWa
753,South Africa,gas_t_d,1975,2000,M1,year,2.9,USD/GWa
754,South Africa,gas_t_d,1975,2005,M1,year,2.9,USD/GWa
755,South Africa,gas_t_d,1975,2010,M1,year,2.9,USD/GWa
756,South Africa,gas_t_d,1980,1990,M1,year,2.9,USD/GWa
757,South Africa,gas_t_d,1980,1995,M1,year,2.9,USD/GWa
758,South Africa,gas_t_d,1980,2000,M1,year,2.9,USD/GWa
759,South Africa,gas_t_d,1980,2005,M1,year,2.9,USD/GWa
760,South Africa,gas_t_d,1980,2010,M1,year,2.9,USD/GWa
761,South Africa,gas_t_d,1985,1990,M1,year,2.9,USD/GWa
762,South Africa,gas_t_d,1985,1995,M1,year,2.9,USD/GWa
763,South Africa,gas_t_d,1985,2000,M1,year,2.9,USD/GWa
764,South Africa,gas_t_d,1985,2005,M1,year,2.9,USD/GWa
765,South Africa,gas_t_d,1985,2010,M1,year,2.9,USD/GWa
766,South Africa,gas_t_d,1985,2020,M1,year,2.9,USD/GWa
767,South Africa,gas_t_d,1990,1990,M1,year,2.9,USD/GWa
768,South Africa,gas_t_d,1990,1995,M1,year,2.9,USD/GWa
769,South Africa,gas_t_d,1990,2000,M1,year,2.9,USD/GWa
770,South Africa,gas_t_d,1990,2005,M1,year,2.9,USD/GWa
771,South Africa,gas_t_d,1990,2010,M1,year,2.9,USD/GWa
772,South Africa,gas_t_d,1990,2020,M1,year,2.9,USD/GWa
773,South Africa,gas_t_d,1995,1995,M1,year,2.9,USD/GWa
774,South Africa,gas_t_d,1995,2000,M1,year,2.9,USD/GWa
775,South Africa,gas_t_d,1995,2005,M1,year,2.9,USD/GWa
776,South Africa,gas_t_d,1995,2010,M1,year,2.9,USD/GWa
777,South Africa,gas_t_d,1995,2020,M1,year,2.9,USD/GWa
778,South Africa,gas_t_d,1995,2030,M1,year,3,USD/GWa
779,South Africa,gas_t_d,2000,2000,M1,year,2.9,USD/GWa
780,South Africa,gas_t_d,2000,2005,M1,year,2.9,USD/GWa
781,South Africa,gas_t_d,2000,2010,M1,year,2.9,USD/GWa
782,South Africa,gas_t_d,2000,2020,M1,year,2.9,USD/GWa
783,South Africa,gas_t_d,2000,2030,M1,year,3,USD/GWa
784,South Africa,gas_t_d,2005,2005,M1,year,2.9,USD/GWa
785,South Africa,gas_t_d,2005,2010,M1,year,2.9,USD/GWa
786,South Africa,gas_t_d,2005,2020,M1,year,2.9,USD/GWa
787,South Africa,gas_t_d,2005,2030,M1,year,3,USD/GWa
788,South Africa,gas_t_d,2005,2040,M1,year,3.1,USD/GWa
789,South Africa,gas_t_d,2010,2010,M1,year,2.9,USD/GWa
790,South Africa,gas_t_d,2010,2020,M1,year,2.9,USD/GWa
791,South Africa,gas_t_d,2010,2030,M1,year,3,USD/GWa
792,South Africa,gas_t_d,2010,2040,M1,year,3.1,USD/GWa
793,South Africa,gas_t_d,2020,2020,M1,year,2.9,USD/GWa
794,South Africa,gas_t_d,2020,2030,M1,year,3,USD/GWa
795,South Africa,gas_t_d,2020,2040,M1,year,3.1,USD/GWa
796,South Africa,gas_t_d,2020,2050,M1,year,3.2,USD/GWa
797,South Africa,gas_t_d,2030,2030,M1,year,3,USD/GWa
798,South Africa,gas_t_d,2030,2040,M1,year,3.1,USD/GWa
799,South Africa,gas_t_d,2030,2050,M1,year,3.2,USD/GWa
800,South Africa,gas_t_d,2030,2060,M1,year,3.3000002,USD/GWa
801,South Africa,gas_t_d,2040,2040,M1,year,3.1,USD/GWa
802,South Africa,gas_t_d,2040,2050,M1,year,3.2,USD/GWa
803,South Africa,gas_t_d,2040,2060,M1,year,3.3000002,USD/GWa
804,South Africa,gas_t_d,2040,2070,M1,year,3.4000003,USD/GWa
805,South Africa,gas_t_d,2050,2050,M1,year,3.2,USD/GWa
806,South Africa,gas_t_d,2050,2060,M1,year,3.2,USD/GWa
807,South Africa,gas_t_d,2050,2070,M1,year,3.2,USD/GWa
808,South Africa,gas_t_d,2060,2060,M1,year,3.1,USD/GWa
809,South Africa,gas_t_d,2060,2070,M1,year,2.9999998,USD/GWa
810,South Africa,gas_t_d,2070,2070,M1,year,2.7999995,USD/GWa
811,South Africa,gas_trp,1995,1995,M1,year,0,USD/GWa
812,South Africa,gas_trp,2000,2000,M1,year,0,USD/GWa
813,South Africa,gas_trp,2005,2005,M1,year,0,USD/GWa
814,South Africa,gas_trp,2010,2010,M1,year,0,USD/GWa
815,South Africa,gas_trp,2020,2020,M1,year,0,USD/GWa
816,South Africa,gas_trp,2030,2030,M1,year,0,USD/GWa
817,South Africa,gas_trp,2040,2040,M1,year,0,USD/GWa
818,South Africa,gas_trp,2050,2050,M1,year,0,USD/GWa
819,South Africa,gas_trp,2060,2060,M1,year,0,USD/GWa
820,South Africa,gas_trp,2070,2070,M1,year,0,USD/GWa
821,South Africa,igcc,2010,2010,M1,year,0,USD/GWa
822,South Africa,igcc,2010,2020,M1,year,0,USD/GWa
823,South Africa,igcc,2010,2030,M1,year,0,USD/GWa
824,South Africa,igcc,2020,2020,M1,year,0,USD/GWa
825,South Africa,igcc,2020,2030,M1,year,0,USD/GWa
826,South Africa,igcc,2020,2040,M1,year,0,USD/GWa
827,South Africa,igcc,2030,2030,M1,year,0,USD/GWa
828,South Africa,igcc,2030,2040,M1,year,0,USD/GWa
829,South Africa,igcc,2030,2050,M1,year,0,USD/GWa
830,South Africa,igcc,2040,2040,M1,year,0,USD/GWa
831,South Africa,igcc,2040,2050,M1,year,0,USD/GWa
832,South Africa,igcc,2040,2060,M1,year,0,USD/GWa
833,South Africa,igcc,2050,2050,M1,year,0,USD/GWa
834,South Africa,igcc,2050,2060,M1,year,0,USD/GWa
835,South Africa,igcc,2050,2070,M1,year,0,USD/GWa
836,South Africa,igcc,2060,2060,M1,year,0,USD/GWa
837,South Africa,igcc,2060,2070,M1,year,0,USD/GWa
838,South Africa,igcc,2070,2070,M1,year,0,USD/GWa
839,South Africa,igcc_ccs,2020,2020,M1,year,0,USD/GWa
840,South Africa,igcc_ccs,2020,2030,M1,year,0,USD/GWa
841,South Africa,igcc_ccs,2020,2040,M1,year,0,USD/GWa
842,South Africa,igcc_ccs,2030,2030,M1,year,0,USD/GWa
843,South Africa,igcc_ccs,2030,2040,M1,year,0,USD/GWa
844,South Africa,igcc_ccs,2030,2050,M1,year,0,USD/GWa
845,South Africa,igcc_ccs,2040,2040,M1,year,0,USD/GWa
846,South Africa,igcc_ccs,2040,2050,M1,year,0,USD/GWa
847,South Africa,igcc_ccs,2040,2060,M1,year,0,USD/GWa
848,South Africa,igcc_ccs,2050,2050,M1,year,0,USD/GWa
849,South Africa,igcc_ccs,2050,2060,M1,year,0,USD/GWa
850,South Africa,igcc_ccs,2050,2070,M1,year,0,USD/GWa
851,South Africa,igcc_ccs,2060,2060,M1,year,0,USD/GWa
852,South Africa,igcc_ccs,2060,2070,M1,year,0,USD/GWa
853,South Africa,igcc_ccs,2070,2070,M1,year,0,USD/GWa
854,South Africa,loil_exp,2020,2020,M1,year,-79.83958647,???
855,South Africa,loil_exp,2030,2030,M1,year,-96.24382707,???
856,South Africa,loil_exp,2040,2040,M1,year,-106.9890977,???
857,South Africa,loil_exp,2050,2050,M1,year,-125.3500226,???
858,South Africa,loil_exp,2060,2060,M1,year,-143.7109474,???
859,South Africa,loil_exp,2070,2070,M1,year,-162.0718722,???
860,South Africa,loil_fs,1990,1990,M1,year,0,USD/GWa
861,South Africa,loil_fs,1995,1995,M1,year,0,USD/GWa
862,South Africa,loil_fs,2000,2000,M1,year,0,USD/GWa
863,South Africa,loil_fs,2005,2005,M1,year,0,USD/GWa
864,South Africa,loil_fs,2010,2010,M1,year,0,USD/GWa
865,South Africa,loil_fs,2020,2020,M1,year,0,USD/GWa
866,South Africa,loil_fs,2030,2030,M1,year,0,USD/GWa
867,South Africa,loil_fs,2040,2040,M1,year,0,USD/GWa
868,South Africa,loil_fs,2050,2050,M1,year,0,USD/GWa
869,South Africa,loil_fs,2060,2060,M1,year,0,USD/GWa
870,South Africa,loil_fs,2070,2070,M1,year,0,USD/GWa
871,South Africa,loil_i,1990,1990,M1,year,0,USD/GWa
872,South Africa,loil_i,1990,1995,M1,year,0,USD/GWa
873,South Africa,loil_i,1990,2000,M1,year,0,USD/GWa
874,South Africa,loil_i,1990,2005,M1,year,0,USD/GWa
875,South Africa,loil_i,1990,2010,M1,year,0,USD/GWa
876,South Africa,loil_i,1995,1995,M1,year,0,USD/GWa
877,South Africa,loil_i,1995,2000,M1,year,0,USD/GWa
878,South Africa,loil_i,1995,2005,M1,year,0,USD/GWa
879,South Africa,loil_i,1995,2010,M1,year,0,USD/GWa
880,South Africa,loil_i,2000,2000,M1,year,0,USD/GWa
881,South Africa,loil_i,2000,2005,M1,year,0,USD/GWa
882,South Africa,loil_i,2000,2010,M1,year,0,USD/GWa
883,South Africa,loil_i,2000,2020,M1,year,0,USD/GWa
884,South Africa,loil_i,2005,2005,M1,year,0,USD/GWa
885,South Africa,loil_i,2005,2010,M1,year,0,USD/GWa
886,South Africa,loil_i,2005,2020,M1,year,0,USD/GWa
887,South Africa,loil_i,2010,2010,M1,year,0,USD/GWa
888,South Africa,loil_i,2010,2020,M1,year,0,USD/GWa
889,South Africa,loil_i,2010,2030,M1,year,0,USD/GWa
890,South Africa,loil_i,2020,2020,M1,year,0,USD/GWa
891,South Africa,loil_i,2020,2030,M1,year,0,USD/GWa
892,South Africa,loil_i,2020,2040,M1,year,0,USD/GWa
893,South Africa,loil_i,2030,2030,M1,year,0,USD/GWa
894,South Africa,loil_i,2030,2040,M1,year,0,USD/GWa
895,South Africa,loil_i,2030,2050,M1,year,0,USD/GWa
896,South Africa,loil_i,2040,2040,M1,year,0,USD/GWa
897,South Africa,loil_i,2040,2050,M1,year,0,USD/GWa
898,South Africa,loil_i,2040,2060,M1,year,0,USD/GWa
899,South Africa,loil_i,2050,2050,M1,year,0,USD/GWa
900,South Africa,loil_i,2050,2060,M1,year,0,USD/GWa
901,South Africa,loil_i,2050,2070,M1,year,0,USD/GWa
902,South Africa,loil_i,2060,2060,M1,year,0,USD/GWa
903,South Africa,loil_i,2060,2070,M1,year,0,USD/GWa
904,South Africa,loil_i,2070,2070,M1,year,0,USD/GWa
905,South Africa,loil_imp,2020,2020,M1,year,262.281054,???
906,South Africa,loil_imp,2030,2030,M1,year,316.1705792,???
907,South Africa,loil_imp,2040,2040,M1,year,351.4698698,???
908,South Africa,loil_imp,2050,2050,M1,year,411.7873648,???
909,South Africa,loil_imp,2060,2060,M1,year,472.1048598,???
910,South Africa,loil_imp,2070,2070,M1,year,532.4223681,???
911,South Africa,loil_ppl,1990,1990,M1,year,0,USD/GWa
912,South Africa,loil_ppl,1990,1995,M1,year,0,USD/GWa
913,South Africa,loil_ppl,1990,2000,M1,year,0,USD/GWa
914,South Africa,loil_ppl,1990,2005,M1,year,0,USD/GWa
915,South Africa,loil_ppl,1990,2010,M1,year,0,USD/GWa
916,South Africa,loil_ppl,1995,1995,M1,year,0,USD/GWa
917,South Africa,loil_ppl,1995,2000,M1,year,0,USD/GWa
918,South Africa,loil_ppl,1995,2005,M1,year,0,USD/GWa
919,South Africa,loil_ppl,1995,2010,M1,year,0,USD/GWa
920,South Africa,loil_ppl,1995,2020,M1,year,0,USD/GWa
921,South Africa,loil_ppl,2000,2000,M1,year,0,USD/GWa
922,South Africa,loil_ppl,2000,2005,M1,year,0,USD/GWa
923,South Africa,loil_ppl,2000,2010,M1,year,0,USD/GWa
924,South Africa,loil_ppl,2000,2020,M1,year,0,USD/GWa
925,South Africa,loil_ppl,2005,2005,M1,year,0,USD/GWa
926,South Africa,loil_ppl,2005,2010,M1,year,0,USD/GWa
927,South Africa,loil_ppl,2005,2020,M1,year,0,USD/GWa
928,South Africa,loil_ppl,2005,2030,M1,year,0,USD/GWa
929,South Africa,loil_ppl,2010,2010,M1,year,0,USD/GWa
930,South Africa,loil_ppl,2010,2020,M1,year,0,USD/GWa
931,South Africa,loil_ppl,2010,2030,M1,year,0,USD/GWa
932,South Africa,loil_ppl,2020,2020,M1,year,0,USD/GWa
933,South Africa,loil_ppl,2020,2030,M1,year,0,USD/GWa
934,South Africa,loil_ppl,2020,2040,M1,year,0,USD/GWa
935,South Africa,loil_ppl,2030,2030,M1,year,0,USD/GWa
936,South Africa,loil_ppl,2030,2040,M1,year,0,USD/GWa
937,South Africa,loil_ppl,2030,2050,M1,year,0,USD/GWa
938,South Africa,loil_ppl,2040,2040,M1,year,0,USD/GWa
939,South Africa,loil_ppl,2040,2050,M1,year,0,USD/GWa
940,South Africa,loil_ppl,2040,2060,M1,year,0,USD/GWa
941,South Africa,loil_ppl,2050,2050,M1,year,0,USD/GWa
942,South Africa,loil_ppl,2050,2060,M1,year,0,USD/GWa
943,South Africa,loil_ppl,2050,2070,M1,year,0,USD/GWa
944,South Africa,loil_ppl,2060,2060,M1,year,0,USD/GWa
945,South Africa,loil_ppl,2060,2070,M1,year,0,USD/GWa
946,South Africa,loil_ppl,2070,2070,M1,year,0,USD/GWa
947,South Africa,loil_rc,1990,1990,M1,year,0,USD/GWa
948,South Africa,loil_rc,1995,1995,M1,year,0,USD/GWa
949,South Africa,loil_rc,2000,2000,M1,year,0,USD/GWa
950,South Africa,loil_rc,2005,2005,M1,year,0,USD/GWa
951,South Africa,loil_rc,2010,2010,M1,year,0,USD/GWa
952,South Africa,loil_rc,2020,2020,M1,year,0,USD/GWa
953,South Africa,loil_rc,2030,2030,M1,year,0,USD/GWa
954,South Africa,loil_rc,2040,2040,M1,year,0,USD/GWa
955,South Africa,loil_rc,2050,2050,M1,year,0,USD/GWa
956,South Africa,loil_rc,2060,2060,M1,year,0,USD/GWa
957,South Africa,loil_rc,2070,2070,M1,year,0,USD/GWa
958,South Africa,loil_t_d,1990,1990,M1,year,0,USD/GWa
959,South Africa,loil_t_d,1995,1995,M1,year,0,USD/GWa
960,South Africa,loil_t_d,2000,2000,M1,year,0,USD/GWa
961,South Africa,loil_t_d,2005,2005,M1,year,0,USD/GWa
962,South Africa,loil_t_d,2010,2010,M1,year,0,USD/GWa
963,South Africa,loil_t_d,2020,2020,M1,year,0,USD/GWa
964,South Africa,loil_t_d,2030,2030,M1,year,0,USD/GWa
965,South Africa,loil_t_d,2040,2040,M1,year,0,USD/GWa
966,South Africa,loil_t_d,2050,2050,M1,year,0,USD/GWa
967,South Africa,loil_t_d,2060,2060,M1,year,0,USD/GWa
968,South Africa,loil_t_d,2070,2070,M1,year,0,USD/GWa
969,South Africa,loil_trp,1990,1990,M1,year,0,USD/GWa
970,South Africa,loil_trp,1995,1995,M1,year,0,USD/GWa
971,South Africa,loil_trp,2000,2000,M1,year,0,USD/GWa
972,South Africa,loil_trp,2005,2005,M1,year,0,USD/GWa
973,South Africa,loil_trp,2010,2010,M1,year,0,USD/GWa
974,South Africa,loil_trp,2020,2020,M1,year,0,USD/GWa
975,South Africa,loil_trp,2030,2030,M1,year,0,USD/GWa
976,South Africa,loil_trp,2040,2040,M1,year,0,USD/GWa
977,South Africa,loil_trp,2050,2050,M1,year,0,USD/GWa
978,South Africa,loil_trp,2060,2060,M1,year,0,USD/GWa
979,South Africa,loil_trp,2070,2070,M1,year,0,USD/GWa
980,South Africa,meth_coal,2020,2020,M1,year,0,USD/GWa
981,South Africa,meth_coal,2020,2030,M1,year,0,USD/GWa
982,South Africa,meth_coal,2020,2040,M1,year,0,USD/GWa
983,South Africa,meth_coal,2030,2030,M1,year,0,USD/GWa
984,South Africa,meth_coal,2030,2040,M1,year,0,USD/GWa
985,South Africa,meth_coal,2030,2050,M1,year,0,USD/GWa
986,South Africa,meth_coal,2040,2040,M1,year,0,USD/GWa
987,South Africa,meth_coal,2040,2050,M1,year,0,USD/GWa
988,South Africa,meth_coal,2040,2060,M1,year,0,USD/GWa
989,South Africa,meth_coal,2050,2050,M1,year,0,USD/GWa
990,South Africa,meth_coal,2050,2060,M1,year,0,USD/GWa
991,South Africa,meth_coal,2050,2070,M1,year,0,USD/GWa
992,South Africa,meth_coal,2060,2060,M1,year,0,USD/GWa
993,South Africa,meth_coal,2060,2070,M1,year,0,USD/GWa
994,South Africa,meth_coal,2070,2070,M1,year,0,USD/GWa
995,South Africa,meth_coal_ccs,2020,2020,M1,year,0,USD/GWa
996,South Africa,meth_coal_ccs,2020,2030,M1,year,0,USD/GWa
997,South Africa,meth_coal_ccs,2020,2040,M1,year,0,USD/GWa
998,South Africa,meth_coal_ccs,2030,2030,M1,year,0,USD/GWa
999,South Africa,meth_coal_ccs,2030,2040,M1,year,0,USD/GWa
1000,South Africa,meth_coal_ccs,2030,2050,M1,year,0,USD/GWa
1001,South Africa,meth_coal_ccs,2040,2040,M1,year,0,USD/GWa
1002,South Africa,meth_coal_ccs,2040,2050,M1,year,0,USD/GWa
1003,South Africa,meth_coal_ccs,2040,2060,M1,year,0,USD/GWa
1004,South Africa,meth_coal_ccs,2050,2050,M1,year,0,USD/GWa
1005,South Africa,meth_coal_ccs,2050,2060,M1,year,0,USD/GWa
1006,South Africa,meth_coal_ccs,2050,2070,M1,year,0,USD/GWa
1007,South Africa,meth_coal_ccs,2060,2060,M1,year,0,USD/GWa
1008,South Africa,meth_coal_ccs,2060,2070,M1,year,0,USD/GWa
1009,South Africa,meth_coal_ccs,2070,2070,M1,year,0,USD/GWa
1010,South Africa,meth_ng,2020,2020,M1,year,0,USD/GWa
1011,South Africa,meth_ng,2020,2030,M1,year,0,USD/GWa
1012,South Africa,meth_ng,2020,2040,M1,year,0,USD/GWa
1013,South Africa,meth_ng,2030,2030,M1,year,0,USD/GWa
1014,South Africa,meth_ng,2030,2040,M1,year,0,USD/GWa
1015,South Africa,meth_ng,2030,2050,M1,year,0,USD/GWa
1016,South Africa,meth_ng,2040,2040,M1,year,0,USD/GWa
1017,South Africa,meth_ng,2040,2050,M1,year,0,USD/GWa
1018,South Africa,meth_ng,2040,2060,M1,year,0,USD/GWa
1019,South Africa,meth_ng,2050,2050,M1,year,0,USD/GWa
1020,South Africa,meth_ng,2050,2060,M1,year,0,USD/GWa
1021,South Africa,meth_ng,2050,2070,M1,year,0,USD/GWa
1022,South Africa,meth_ng,2060,2060,M1,year,0,USD/GWa
1023,South Africa,meth_ng,2060,2070,M1,year,0,USD/GWa
1024,South Africa,meth_ng,2070,2070,M1,year,0,USD/GWa
1025,South Africa,meth_ng_ccs,2020,2020,M1,year,0,USD/GWa
1026,South Africa,meth_ng_ccs,2020,2030,M1,year,0,USD/GWa
1027,South Africa,meth_ng_ccs,2020,2040,M1,year,0,USD/GWa
1028,South Africa,meth_ng_ccs,2030,2030,M1,year,0,USD/GWa
1029,South Africa,meth_ng_ccs,2030,2040,M1,year,0,USD/GWa
1030,South Africa,meth_ng_ccs,2030,2050,M1,year,0,USD/GWa
1031,South Africa,meth_ng_ccs,2040,2040,M1,year,0,USD/GWa
1032,South Africa,meth_ng_ccs,2040,2050,M1,year,0,USD/GWa
1033,South Africa,meth_ng_ccs,2040,2060,M1,year,0,USD/GWa
1034,South Africa,meth_ng_ccs,2050,2050,M1,year,0,USD/GWa
1035,South Africa,meth_ng_ccs,2050,2060,M1,year,0,USD/GWa
1036,South Africa,meth_ng_ccs,2050,2070,M1,year,0,USD/GWa
1037,South Africa,meth_ng_ccs,2060,2060,M1,year,0,USD/GWa
1038,South Africa,meth_ng_ccs,2060,2070,M1,year,0,USD/GWa
1039,South Africa,meth_ng_ccs,2070,2070,M1,year,0,USD/GWa
1040,South Africa,nuc_ppl,2010,2010,M1,year,4,???
1041,South Africa,nuc_ppl,2010,2020,M1,year,3.268291228,???
1042,South Africa,nuc_ppl,2010,2030,M1,year,2.670431887,???
1043,South Africa,nuc_ppl,2010,2040,M1,year,2.181937278,???
1044,South Africa,nuc_ppl,2020,2020,M1,year,3.268291228,???
1045,South Africa,nuc_ppl,2020,2040,M1,year,2.181937278,???
1046,South Africa,nuc_ppl,2020,2050,M1,year,1.782801616,???
1047,South Africa,nuc_ppl,2030,2030,M1,year,2.670431887,???
1048,South Africa,nuc_ppl,2030,2040,M1,year,2.181937278,???
1049,South Africa,nuc_ppl,2030,2050,M1,year,1.782801616,???
1050,South Africa,nuc_ppl,2030,2060,M1,year,1.45667872,???
1051,South Africa,nuc_ppl,2040,2040,M1,year,2.181937278,???
1052,South Africa,nuc_ppl,2040,2050,M1,year,1.782801616,???
1053,South Africa,nuc_ppl,2040,2060,M1,year,1.45667872,???
1054,South Africa,nuc_ppl,2040,2070,M1,year,1.190212571,???
1055,South Africa,nuc_ppl,2050,2050,M1,year,1.782801616,???
1056,South Africa,nuc_ppl,2050,2060,M1,year,1.45667872,???
1057,South Africa,nuc_ppl,2050,2070,M1,year,1.190212571,???
1058,South Africa,nuc_ppl,2060,2060,M1,year,1.45667872,???
1059,South Africa,nuc_ppl,2060,2070,M1,year,1.190212571,???
1060,South Africa,nuc_ppl,2070,2070,M1,year,1.190212571,???
1061,South Africa,oil_bal,1990,1990,M1,year,0,USD/GWa
1062,South Africa,oil_bal,1995,1995,M1,year,0,USD/GWa
1063,South Africa,oil_bal,2000,2000,M1,year,0,USD/GWa
1064,South Africa,oil_bal,2005,2005,M1,year,0,USD/GWa
1065,South Africa,oil_bal,2010,2010,M1,year,0,USD/GWa
1066,South Africa,oil_bal,2020,2020,M1,year,0,USD/GWa
1067,South Africa,oil_bal,2030,2030,M1,year,0,USD/GWa
1068,South Africa,oil_bal,2040,2040,M1,year,0,USD/GWa
1069,South Africa,oil_bal,2050,2050,M1,year,0,USD/GWa
1070,South Africa,oil_bal,2060,2060,M1,year,0,USD/GWa
1071,South Africa,oil_bal,2070,2070,M1,year,0,USD/GWa
1072,South Africa,oil_exp,2020,2020,M1,year,-66.53299549,???
1073,South Africa,oil_exp,2030,2030,M1,year,-80.20318421,???
1074,South Africa,oil_exp,2040,2040,M1,year,-89.15757895,???
1075,South Africa,oil_exp,2050,2050,M1,year,-104.4583534,???
1076,South Africa,oil_exp,2060,2060,M1,year,-119.7591203,???
1077,South Africa,oil_exp,2070,2070,M1,year,-135.0598872,???
1078,South Africa,oil_extr,2010,2010,M1,year,150,???
1079,South Africa,oil_extr,2020,2020,M1,year,309.1547343,???
1080,South Africa,oil_extr,2030,2030,M1,year,637.177665,???
1081,South Africa,oil_extr,2040,2040,M1,year,1313.243278,???
1082,South Africa,oil_extr,2050,2050,M1,year,2706.635845,???
1083,South Africa,oil_extr,2060,2060,M1,year,5578.461905,???
1084,South Africa,oil_extr,2070,2070,M1,year,11497.38605,???
1085,South Africa,oil_imp,2020,2020,M1,year,218.5675317,???
1086,South Africa,oil_imp,2030,2030,M1,year,263.4754871,???
1087,South Africa,oil_imp,2040,2040,M1,year,292.8915626,???
1088,South Africa,oil_imp,2050,2050,M1,year,343.1561196,???
1089,South Africa,oil_imp,2060,2060,M1,year,393.42065,???
1090,South Africa,oil_imp,2070,2070,M1,year,443.6851671,???
1091,South Africa,ref_hil,1995,1995,M1,year,0,USD/GWa
1092,South Africa,ref_hil,1995,2000,M1,year,0,USD/GWa
1093,South Africa,ref_hil,1995,2005,M1,year,0,USD/GWa
1094,South Africa,ref_hil,1995,2010,M1,year,0,USD/GWa
1095,South Africa,ref_hil,1995,2020,M1,year,0,USD/GWa
1096,South Africa,ref_hil,2000,2000,M1,year,0,USD/GWa
1097,South Africa,ref_hil,2000,2005,M1,year,0,USD/GWa
1098,South Africa,ref_hil,2000,2010,M1,year,0,USD/GWa
1099,South Africa,ref_hil,2000,2020,M1,year,0,USD/GWa
1100,South Africa,ref_hil,2005,2005,M1,year,0,USD/GWa
1101,South Africa,ref_hil,2005,2010,M1,year,0,USD/GWa
1102,South Africa,ref_hil,2005,2020,M1,year,0,USD/GWa
1103,South Africa,ref_hil,2005,2030,M1,year,0,USD/GWa
1104,South Africa,ref_hil,2010,2010,M1,year,0,USD/GWa
1105,South Africa,ref_hil,2010,2020,M1,year,0,USD/GWa
1106,South Africa,ref_hil,2010,2030,M1,year,0,USD/GWa
1107,South Africa,ref_hil,2020,2020,M1,year,0,USD/GWa
1108,South Africa,ref_hil,2020,2030,M1,year,0,USD/GWa
1109,South Africa,ref_hil,2020,2040,M1,year,0,USD/GWa
1110,South Africa,ref_hil,2030,2030,M1,year,0,USD/GWa
1111,South Africa,ref_hil,2030,2040,M1,year,0,USD/GWa
1112,South Africa,ref_hil,2030,2050,M1,year,0,USD/GWa
1113,South Africa,ref_hil,2040,2040,M1,year,0,USD/GWa
1114,South Africa,ref_hil,2040,2050,M1,year,0,USD/GWa
1115,South Africa,ref_hil,2040,2060,M1,year,0,USD/GWa
1116,South Africa,ref_hil,2050,2050,M1,year,0,USD/GWa
1117,South Africa,ref_hil,2050,2060,M1,year,0,USD/GWa
1118,South Africa,ref_hil,2050,2070,M1,year,0,USD/GWa
1119,South Africa,ref_hil,2060,2060,M1,year,0,USD/GWa
1120,South Africa,ref_hil,2060,2070,M1,year,0,USD/GWa
1121,South Africa,ref_hil,2070,2070,M1,year,0,USD/GWa
1122,South Africa,shale_extr,2020,2020,M1,year,100000,???
1123,South Africa,shale_extr,2030,2030,M1,year,206103.1562,???
1124,South Africa,shale_extr,2040,2040,M1,year,424785.11,???
1125,South Africa,shale_extr,2050,2050,M1,year,875495.5189,???
1126,South Africa,shale_extr,2060,2060,M1,year,1804423.897,???
1127,South Africa,shale_extr,2070,2070,M1,year,3718974.603,???
1128,South Africa,sp_el_I,1990,1990,M1,year,0,USD/GWa
1129,South Africa,sp_el_I,1995,1995,M1,year,0,USD/GWa
1130,South Africa,sp_el_I,2000,2000,M1,year,0,USD/GWa
1131,South Africa,sp_el_I,2005,2005,M1,year,0,USD/GWa
1132,South Africa,sp_el_I,2010,2010,M1,year,0,USD/GWa
1133,South Africa,sp_el_I,2020,2020,M1,year,0,USD/GWa
1134,South Africa,sp_el_I,2030,2030,M1,year,0,USD/GWa
1135,South Africa,sp_el_I,2040,2040,M1,year,0,USD/GWa
1136,South Africa,sp_el_I,2050,2050,M1,year,0,USD/GWa
1137,South Africa,sp_el_I,2060,2060,M1,year,0,USD/GWa
1138,South Africa,sp_el_I,2070,2070,M1,year,0,USD/GWa
1139,South Africa,sp_el_RC,1990,1990,M1,year,0,USD/GWa
1140,South Africa,sp_el_RC,1995,1995,M1,year,0,USD/GWa
1141,South Africa,sp_el_RC,2000,2000,M1,year,0,USD/GWa
1142,South Africa,sp_el_RC,2005,2005,M1,year,0,USD/GWa
1143,South Africa,sp_el_RC,2010,2010,M1,year,0,USD/GWa
1144,South Africa,sp_el_RC,2020,2020,M1,year,0,USD/GWa
1145,South Africa,sp_el_RC,2030,2030,M1,year,0,USD/GWa
1146,South Africa,sp_el_RC,2040,2040,M1,year,0,USD/GWa
1147,South Africa,sp_el_RC,2050,2050,M1,year,0,USD/GWa
1148,South Africa,sp_el_RC,2060,2060,M1,year,0,USD/GWa
1149,South Africa,sp_el_RC,2070,2070,M1,year,0,USD/GWa
1150,South Africa,syn_liq,2020,2020,M1,year,0,USD/GWa
1151,South Africa,syn_liq,2020,2030,M1,year,0,USD/GWa
1152,South Africa,syn_liq,2020,2040,M1,year,0,USD/GWa
1153,South Africa,syn_liq,2030,2030,M1,year,0,USD/GWa
1154,South Africa,syn_liq,2030,2040,M1,year,0,USD/GWa
1155,South Africa,syn_liq,2030,2050,M1,year,0,USD/GWa
1156,South Africa,syn_liq,2040,2040,M1,year,0,USD/GWa
1157,South Africa,syn_liq,2040,2050,M1,year,0,USD/GWa
1158,South Africa,syn_liq,2040,2060,M1,year,0,USD/GWa
1159,South Africa,syn_liq,2050,2050,M1,year,0,USD/GWa
1160,South Africa,syn_liq,2050,2060,M1,year,0,USD/GWa
1161,South Africa,syn_liq,2050,2070,M1,year,0,USD/GWa
1162,South Africa,syn_liq,2060,2060,M1,year,0,USD/GWa
1163,South Africa,syn_liq,2060,2070,M1,year,0,USD/GWa
1164,South Africa,syn_liq,2070,2070,M1,year,0,USD/GWa
1165,South Africa,syn_liq_ccs,2020,2020,M1,year,0,USD/GWa
1166,South Africa,syn_liq_ccs,2020,2030,M1,year,0,USD/GWa
1167,South Africa,syn_liq_ccs,2020,2040,M1,year,0,USD/GWa
1168,South Africa,syn_liq_ccs,2030,2030,M1,year,0,USD/GWa
1169,South Africa,syn_liq_ccs,2030,2040,M1,year,0,USD/GWa
1170,South Africa,syn_liq_ccs,2030,2050,M1,year,0,USD/GWa
1171,South Africa,syn_liq_ccs,2040,2040,M1,year,0,USD/GWa
1172,South Africa,syn_liq_ccs,2040,2050,M1,year,0,USD/GWa
1173,South Africa,syn_liq_ccs,2040,2060,M1,year,0,USD/GWa
1174,South Africa,syn_liq_ccs,2050,2050,M1,year,0,USD/GWa
1175,South Africa,syn_liq_ccs,2050,2060,M1,year,0,USD/GWa
1176,South Africa,syn_liq_ccs,2050,2070,M1,year,0,USD/GWa
1177,South Africa,syn_liq_ccs,2060,2060,M1,year,0,USD/GWa
1178,South Africa,syn_liq_ccs,2060,2070,M1,year,0,USD/GWa
1179,South Africa,syn_liq_ccs,2070,2070,M1,year,0,USD/GWa
