,node_loc,technology,year_vtg,year_act,value,unit
0,South Africa,bio_istig,2010,2010,55,USD/GWa
1,South Africa,bio_istig,2010,2020,47,USD/GWa
2,South Africa,bio_istig,2010,2030,43,USD/GWa
3,South Africa,bio_istig,2020,2020,47,USD/GWa
4,South Africa,bio_istig,2020,2030,43,USD/GWa
5,South Africa,bio_istig,2020,2040,41,USD/GWa
6,South Africa,bio_istig,2030,2030,43,USD/GWa
7,South Africa,bio_istig,2030,2040,41,USD/GWa
8,South Africa,bio_istig,2030,2050,41,USD/GWa
9,South Africa,bio_istig,2040,2040,41,USD/GWa
10,South Africa,bio_istig,2040,2050,41,USD/GWa
11,South Africa,bio_istig,2040,2060,41,USD/GWa
12,South Africa,bio_istig,2050,2050,41,USD/GWa
13,South Africa,bio_istig,2050,2060,41,USD/GWa
14,South Africa,bio_istig,2050,2070,41,USD/GWa
15,South Africa,bio_istig,2060,2060,41,USD/GWa
16,South Africa,bio_istig,2060,2070,41,USD/GWa
17,South Africa,biomass_i,1995,1995,51,USD/GWa
18,South Africa,biomass_i,1995,2000,51,USD/GWa
19,South Africa,biomass_i,1995,2005,50,USD/GWa
20,South Africa,biomass_i,1995,2010,48,USD/GWa
21,South Africa,biomass_i,2000,2000,51,USD/GWa
22,South Africa,biomass_i,2000,2005,50,USD/GWa
23,South Africa,biomass_i,2000,2010,48,USD/GWa
24,South Africa,biomass_i,2000,2020,47,USD/GWa
25,South Africa,biomass_i,2005,2005,50,USD/GWa
26,South Africa,biomass_i,2005,2010,48,USD/GWa
27,South Africa,biomass_i,2005,2020,47,USD/GWa
28,South Africa,biomass_i,2010,2010,48,USD/GWa
29,South Africa,biomass_i,2010,2020,47,USD/GWa
30,South Africa,biomass_i,2010,2030,47,USD/GWa
31,South Africa,biomass_i,2020,2020,47,USD/GWa
32,South Africa,biomass_i,2020,2030,47,USD/GWa
33,South Africa,biomass_i,2020,2040,47,USD/GWa
34,South Africa,biomass_i,2030,2030,47,USD/GWa
35,South Africa,biomass_i,2030,2040,47,USD/GWa
36,South Africa,biomass_i,2030,2050,48,USD/GWa
37,South Africa,biomass_i,2040,2040,47,USD/GWa
38,South Africa,biomass_i,2040,2050,48,USD/GWa
39,South Africa,biomass_i,2040,2060,49,USD/GWa
40,South Africa,biomass_i,2050,2050,48,USD/GWa
41,South Africa,biomass_i,2050,2060,48,USD/GWa
42,South Africa,biomass_i,2050,2070,48,USD/GWa
43,South Africa,biomass_i,2060,2060,47,USD/GWa
44,South Africa,biomass_i,2060,2070,48,USD/GWa
45,South Africa,biomass_nc,1990,1990,0,USD/GWa
46,South Africa,biomass_nc,1995,1995,0,USD/GWa
47,South Africa,biomass_nc,2000,2000,0,USD/GWa
48,South Africa,biomass_nc,2005,2005,0,USD/GWa
49,South Africa,biomass_nc,2010,2010,0,USD/GWa
50,South Africa,biomass_nc,2020,2020,0,USD/GWa
51,South Africa,biomass_nc,2030,2030,0,USD/GWa
52,South Africa,biomass_nc,2040,2040,0,USD/GWa
53,South Africa,biomass_nc,2050,2050,0,USD/GWa
54,South Africa,biomass_nc,2060,2060,0,USD/GWa
55,South Africa,biomass_nc,2070,2070,0,USD/GWa
56,South Africa,biomass_rc,1995,1995,0,USD/GWa
57,South Africa,biomass_rc,2000,2000,0,USD/GWa
58,South Africa,biomass_rc,2005,2005,0,USD/GWa
59,South Africa,biomass_rc,2010,2010,0,USD/GWa
60,South Africa,biomass_rc,2020,2020,0,USD/GWa
61,South Africa,biomass_rc,2030,2030,0,USD/GWa
62,South Africa,biomass_rc,2040,2040,0,USD/GWa
63,South Africa,biomass_rc,2050,2050,0,USD/GWa
64,South Africa,biomass_rc,2060,2060,0,USD/GWa
65,South Africa,biomass_rc,2070,2070,0,USD/GWa
66,South Africa,biomass_t_d,1990,1990,0,USD/GWa
67,South Africa,biomass_t_d,1995,1995,0,USD/GWa
68,South Africa,biomass_t_d,2000,2000,0,USD/GWa
69,South Africa,biomass_t_d,2005,2005,0,USD/GWa
70,South Africa,biomass_t_d,2010,2010,0,USD/GWa
71,South Africa,biomass_t_d,2020,2020,0,USD/GWa
72,South Africa,biomass_t_d,2030,2030,0,USD/GWa
73,South Africa,biomass_t_d,2040,2040,0,USD/GWa
74,South Africa,biomass_t_d,2050,2050,0,USD/GWa
75,South Africa,biomass_t_d,2060,2060,0,USD/GWa
76,South Africa,biomass_t_d,2070,2070,0,USD/GWa
77,South Africa,coal_adv,2010,2010,56,USD/GWa
78,South Africa,coal_adv,2010,2020,48,USD/GWa
79,South Africa,coal_adv,2010,2030,44,USD/GWa
80,South Africa,coal_adv,2020,2020,48,USD/GWa
81,South Africa,coal_adv,2020,2030,44,USD/GWa
82,South Africa,coal_adv,2020,2040,43,USD/GWa
83,South Africa,coal_adv,2030,2030,44,USD/GWa
84,South Africa,coal_adv,2030,2040,43,USD/GWa
85,South Africa,coal_adv,2030,2050,44,USD/GWa
86,South Africa,coal_adv,2040,2040,43,USD/GWa
87,South Africa,coal_adv,2040,2050,44,USD/GWa
88,South Africa,coal_adv,2040,2060,45,USD/GWa
89,South Africa,coal_adv,2050,2050,44,USD/GWa
90,South Africa,coal_adv,2050,2060,44,USD/GWa
91,South Africa,coal_adv,2050,2070,44,USD/GWa
92,South Africa,coal_adv,2060,2060,43,USD/GWa
93,South Africa,coal_adv,2060,2070,44,USD/GWa
94,South Africa,coal_adv_ccs,2020,2020,68,USD/GWa
95,South Africa,coal_adv_ccs,2020,2030,62,USD/GWa
96,South Africa,coal_adv_ccs,2020,2040,60,USD/GWa
97,South Africa,coal_adv_ccs,2030,2030,62,USD/GWa
98,South Africa,coal_adv_ccs,2030,2040,60,USD/GWa
99,South Africa,coal_adv_ccs,2030,2050,62,USD/GWa
100,South Africa,coal_adv_ccs,2040,2040,60,USD/GWa
101,South Africa,coal_adv_ccs,2040,2050,62,USD/GWa
102,South Africa,coal_adv_ccs,2040,2060,64,USD/GWa
103,South Africa,coal_adv_ccs,2050,2050,62,USD/GWa
104,South Africa,coal_adv_ccs,2050,2060,62,USD/GWa
105,South Africa,coal_adv_ccs,2050,2070,62,USD/GWa
106,South Africa,coal_adv_ccs,2060,2060,60,USD/GWa
107,South Africa,coal_adv_ccs,2060,2070,62,USD/GWa
108,South Africa,coal_bal,1990,1990,0,USD/GWa
109,South Africa,coal_bal,1995,1995,0,USD/GWa
110,South Africa,coal_bal,2000,2000,0,USD/GWa
111,South Africa,coal_bal,2005,2005,0,USD/GWa
112,South Africa,coal_bal,2010,2010,0,USD/GWa
113,South Africa,coal_bal,2020,2020,0,USD/GWa
114,South Africa,coal_bal,2030,2030,0,USD/GWa
115,South Africa,coal_bal,2040,2040,0,USD/GWa
116,South Africa,coal_bal,2050,2050,0,USD/GWa
117,South Africa,coal_bal,2060,2060,0,USD/GWa
118,South Africa,coal_bal,2070,2070,0,USD/GWa
119,South Africa,coal_extr,1990,1990,15,USD/GWa
120,South Africa,coal_extr,1995,1995,15,USD/GWa
121,South Africa,coal_extr,2000,2000,15,USD/GWa
122,South Africa,coal_extr,2005,2005,15,USD/GWa
123,South Africa,coal_extr,2010,2010,15,USD/GWa
124,South Africa,coal_extr,2020,2020,16.56933188,USD/GWa
125,South Africa,coal_extr,2030,2030,18.3028506,USD/GWa
126,South Africa,coal_extr,2040,2040,20.21773373,USD/GWa
127,South Africa,coal_extr,2050,2050,22.332956,USD/GWa
128,South Africa,coal_extr,2060,2060,24.66947733,USD/GWa
129,South Africa,coal_extr,2070,2070,27.25045048,USD/GWa
130,South Africa,coal_fs,1990,1990,0,USD/GWa
131,South Africa,coal_fs,1995,1995,0,USD/GWa
132,South Africa,coal_fs,2000,2000,0,USD/GWa
133,South Africa,coal_fs,2005,2005,0,USD/GWa
134,South Africa,coal_fs,2010,2010,0,USD/GWa
135,South Africa,coal_fs,2020,2020,0,USD/GWa
136,South Africa,coal_fs,2030,2030,0,USD/GWa
137,South Africa,coal_fs,2040,2040,0,USD/GWa
138,South Africa,coal_fs,2050,2050,0,USD/GWa
139,South Africa,coal_fs,2060,2060,0,USD/GWa
140,South Africa,coal_fs,2070,2070,0,USD/GWa
141,South Africa,coal_gas,2010,2010,55,USD/GWa
142,South Africa,coal_gas,2010,2020,53,USD/GWa
143,South Africa,coal_gas,2010,2030,51,USD/GWa
144,South Africa,coal_gas,2020,2020,53,USD/GWa
145,South Africa,coal_gas,2020,2030,51,USD/GWa
146,South Africa,coal_gas,2020,2040,50,USD/GWa
147,South Africa,coal_gas,2030,2030,51,USD/GWa
148,South Africa,coal_gas,2030,2040,50,USD/GWa
149,South Africa,coal_gas,2030,2050,50,USD/GWa
150,South Africa,coal_gas,2040,2040,50,USD/GWa
151,South Africa,coal_gas,2040,2050,50,USD/GWa
152,South Africa,coal_gas,2040,2060,50,USD/GWa
153,South Africa,coal_gas,2050,2050,50,USD/GWa
154,South Africa,coal_gas,2050,2060,50,USD/GWa
155,South Africa,coal_gas,2050,2070,50,USD/GWa
156,South Africa,coal_gas,2060,2060,50,USD/GWa
157,South Africa,coal_gas,2060,2070,50,USD/GWa
158,South Africa,coal_i,1990,1990,46,USD/GWa
159,South Africa,coal_i,1990,1995,46,USD/GWa
160,South Africa,coal_i,1990,2000,46,USD/GWa
161,South Africa,coal_i,1990,2005,43,USD/GWa
162,South Africa,coal_i,1990,2010,39,USD/GWa
163,South Africa,coal_i,1995,1995,46,USD/GWa
164,South Africa,coal_i,1995,2000,46,USD/GWa
165,South Africa,coal_i,1995,2005,43,USD/GWa
166,South Africa,coal_i,1995,2010,39,USD/GWa
167,South Africa,coal_i,2000,2000,46,USD/GWa
168,South Africa,coal_i,2000,2005,43,USD/GWa
169,South Africa,coal_i,2000,2010,39,USD/GWa
170,South Africa,coal_i,2000,2020,36,USD/GWa
171,South Africa,coal_i,2005,2005,43,USD/GWa
172,South Africa,coal_i,2005,2010,39,USD/GWa
173,South Africa,coal_i,2005,2020,36,USD/GWa
174,South Africa,coal_i,2010,2010,39,USD/GWa
175,South Africa,coal_i,2010,2020,36,USD/GWa
176,South Africa,coal_i,2010,2030,35,USD/GWa
177,South Africa,coal_i,2020,2020,36,USD/GWa
178,South Africa,coal_i,2020,2030,35,USD/GWa
179,South Africa,coal_i,2020,2040,35,USD/GWa
180,South Africa,coal_i,2030,2030,35,USD/GWa
181,South Africa,coal_i,2030,2040,35,USD/GWa
182,South Africa,coal_i,2030,2050,36,USD/GWa
183,South Africa,coal_i,2040,2040,35,USD/GWa
184,South Africa,coal_i,2040,2050,36,USD/GWa
185,South Africa,coal_i,2040,2060,37,USD/GWa
186,South Africa,coal_i,2050,2050,36,USD/GWa
187,South Africa,coal_i,2050,2060,36,USD/GWa
188,South Africa,coal_i,2050,2070,36,USD/GWa
189,South Africa,coal_i,2060,2060,35,USD/GWa
190,South Africa,coal_i,2060,2070,36,USD/GWa
191,South Africa,coal_ppl,1995,1995,50,USD/GWa
192,South Africa,coal_ppl,1995,2000,50,USD/GWa
193,South Africa,coal_ppl,1995,2005,44,USD/GWa
194,South Africa,coal_ppl,1995,2010,36,USD/GWa
195,South Africa,coal_ppl,1995,2020,32,USD/GWa
196,South Africa,coal_ppl,2000,2000,50,USD/GWa
197,South Africa,coal_ppl,2000,2005,44,USD/GWa
198,South Africa,coal_ppl,2000,2010,36,USD/GWa
199,South Africa,coal_ppl,2000,2020,32,USD/GWa
200,South Africa,coal_ppl,2005,2005,44,USD/GWa
201,South Africa,coal_ppl,2005,2010,36,USD/GWa
202,South Africa,coal_ppl,2005,2020,32,USD/GWa
203,South Africa,coal_ppl,2005,2030,29,USD/GWa
204,South Africa,coal_ppl,2010,2010,36,USD/GWa
205,South Africa,coal_ppl,2010,2020,32,USD/GWa
206,South Africa,coal_ppl,2010,2030,29,USD/GWa
207,South Africa,coal_ppl,2020,2020,32,USD/GWa
208,South Africa,coal_ppl,2020,2030,29,USD/GWa
209,South Africa,coal_ppl,2020,2040,29,USD/GWa
210,South Africa,coal_ppl,2030,2030,29,USD/GWa
211,South Africa,coal_ppl,2030,2040,29,USD/GWa
212,South Africa,coal_ppl,2030,2050,31,USD/GWa
213,South Africa,coal_ppl,2040,2040,29,USD/GWa
214,South Africa,coal_ppl,2040,2050,31,USD/GWa
215,South Africa,coal_ppl,2040,2060,33,USD/GWa
216,South Africa,coal_ppl,2050,2050,31,USD/GWa
217,South Africa,coal_ppl,2050,2060,31,USD/GWa
218,South Africa,coal_ppl,2050,2070,31,USD/GWa
219,South Africa,coal_ppl,2060,2060,29,USD/GWa
220,South Africa,coal_ppl,2060,2070,31,USD/GWa
221,South Africa,coal_rc,1990,1990,0,USD/GWa
222,South Africa,coal_rc,1995,1995,0,USD/GWa
223,South Africa,coal_rc,2000,2000,0,USD/GWa
224,South Africa,coal_rc,2005,2005,0,USD/GWa
225,South Africa,coal_rc,2010,2010,0,USD/GWa
226,South Africa,coal_rc,2020,2020,0,USD/GWa
227,South Africa,coal_rc,2030,2030,0,USD/GWa
228,South Africa,coal_rc,2040,2040,0,USD/GWa
229,South Africa,coal_rc,2050,2050,0,USD/GWa
230,South Africa,coal_rc,2060,2060,0,USD/GWa
231,South Africa,coal_rc,2070,2070,0,USD/GWa
232,South Africa,coal_t_d,1990,1990,0,USD/GWa
233,South Africa,coal_t_d,1995,1995,0,USD/GWa
234,South Africa,coal_t_d,2000,2000,0,USD/GWa
235,South Africa,coal_t_d,2005,2005,0,USD/GWa
236,South Africa,coal_t_d,2010,2010,0,USD/GWa
237,South Africa,coal_t_d,2020,2020,0,USD/GWa
238,South Africa,coal_t_d,2030,2030,0,USD/GWa
239,South Africa,coal_t_d,2040,2040,0,USD/GWa
240,South Africa,coal_t_d,2050,2050,0,USD/GWa
241,South Africa,coal_t_d,2060,2060,0,USD/GWa
242,South Africa,coal_t_d,2070,2070,0,USD/GWa
243,South Africa,elec_i,1990,1990,9,USD/GWa
244,South Africa,elec_i,1990,1995,9,USD/GWa
245,South Africa,elec_i,1990,2000,9,USD/GWa
246,South Africa,elec_i,1990,2005,9,USD/GWa
247,South Africa,elec_i,1995,1995,9,USD/GWa
248,South Africa,elec_i,1995,2000,9,USD/GWa
249,South Africa,elec_i,1995,2005,9,USD/GWa
250,South Africa,elec_i,1995,2010,8,USD/GWa
251,South Africa,elec_i,2000,2000,9,USD/GWa
252,South Africa,elec_i,2000,2005,9,USD/GWa
253,South Africa,elec_i,2000,2010,8,USD/GWa
254,South Africa,elec_i,2005,2005,9,USD/GWa
255,South Africa,elec_i,2005,2010,8,USD/GWa
256,South Africa,elec_i,2005,2020,7,USD/GWa
257,South Africa,elec_i,2010,2010,8,USD/GWa
258,South Africa,elec_i,2010,2020,7,USD/GWa
259,South Africa,elec_i,2020,2020,7,USD/GWa
260,South Africa,elec_i,2020,2030,7,USD/GWa
261,South Africa,elec_i,2030,2030,7,USD/GWa
262,South Africa,elec_i,2030,2040,7,USD/GWa
263,South Africa,elec_i,2040,2040,7,USD/GWa
264,South Africa,elec_i,2040,2050,7,USD/GWa
265,South Africa,elec_i,2050,2050,7,USD/GWa
266,South Africa,elec_i,2050,2060,7,USD/GWa
267,South Africa,elec_i,2060,2060,7,USD/GWa
268,South Africa,elec_i,2060,2070,7,USD/GWa
269,South Africa,elec_i,2070,2070,7,USD/GWa
270,South Africa,elec_t_d,1965,1990,36.2,USD/GWa
271,South Africa,elec_t_d,1965,1995,36.2,USD/GWa
272,South Africa,elec_t_d,1965,2000,36.2,USD/GWa
273,South Africa,elec_t_d,1965,2005,36.2,USD/GWa
274,South Africa,elec_t_d,1965,2010,36.2,USD/GWa
275,South Africa,elec_t_d,1965,2020,36.2,USD/GWa
276,South Africa,elec_t_d,1970,1990,36.2,USD/GWa
277,South Africa,elec_t_d,1970,1995,36.2,USD/GWa
278,South Africa,elec_t_d,1970,2000,36.2,USD/GWa
279,South Africa,elec_t_d,1970,2005,36.2,USD/GWa
280,South Africa,elec_t_d,1970,2010,36.2,USD/GWa
281,South Africa,elec_t_d,1970,2020,36.2,USD/GWa
282,South Africa,elec_t_d,1975,1990,36.2,USD/GWa
283,South Africa,elec_t_d,1975,1995,36.2,USD/GWa
284,South Africa,elec_t_d,1975,2000,36.2,USD/GWa
285,South Africa,elec_t_d,1975,2005,36.2,USD/GWa
286,South Africa,elec_t_d,1975,2010,36.2,USD/GWa
287,South Africa,elec_t_d,1975,2020,36.2,USD/GWa
288,South Africa,elec_t_d,1975,2030,36.2,USD/GWa
289,South Africa,elec_t_d,1980,1990,36.2,USD/GWa
290,South Africa,elec_t_d,1980,1995,36.2,USD/GWa
291,South Africa,elec_t_d,1980,2000,36.2,USD/GWa
292,South Africa,elec_t_d,1980,2005,36.2,USD/GWa
293,South Africa,elec_t_d,1980,2010,36.2,USD/GWa
294,South Africa,elec_t_d,1980,2020,36.2,USD/GWa
295,South Africa,elec_t_d,1980,2030,36.2,USD/GWa
296,South Africa,elec_t_d,1985,1990,36.2,USD/GWa
297,South Africa,elec_t_d,1985,1995,36.2,USD/GWa
298,South Africa,elec_t_d,1985,2000,36.2,USD/GWa
299,South Africa,elec_t_d,1985,2005,36.2,USD/GWa
300,South Africa,elec_t_d,1985,2010,36.2,USD/GWa
301,South Africa,elec_t_d,1985,2020,36.2,USD/GWa
302,South Africa,elec_t_d,1985,2030,36.2,USD/GWa
303,South Africa,elec_t_d,1985,2040,36.2,USD/GWa
304,South Africa,elec_t_d,1990,1990,36.2,USD/GWa
305,South Africa,elec_t_d,1990,1995,36.2,USD/GWa
306,South Africa,elec_t_d,1990,2000,36.2,USD/GWa
307,South Africa,elec_t_d,1990,2005,36.2,USD/GWa
308,South Africa,elec_t_d,1990,2010,36.2,USD/GWa
309,South Africa,elec_t_d,1990,2020,36.2,USD/GWa
310,South Africa,elec_t_d,1990,2030,36.2,USD/GWa
311,South Africa,elec_t_d,1990,2040,36.2,USD/GWa
312,South Africa,elec_t_d,1995,1995,36.2,USD/GWa
313,South Africa,elec_t_d,1995,2000,36.2,USD/GWa
314,South Africa,elec_t_d,1995,2005,36.2,USD/GWa
315,South Africa,elec_t_d,1995,2010,36.2,USD/GWa
316,South Africa,elec_t_d,1995,2020,36.2,USD/GWa
317,South Africa,elec_t_d,1995,2030,36.2,USD/GWa
318,South Africa,elec_t_d,1995,2040,36.2,USD/GWa
319,South Africa,elec_t_d,1995,2050,36.2,USD/GWa
320,South Africa,elec_t_d,2000,2000,36.2,USD/GWa
321,South Africa,elec_t_d,2000,2005,36.2,USD/GWa
322,South Africa,elec_t_d,2000,2010,36.2,USD/GWa
323,South Africa,elec_t_d,2000,2020,36.2,USD/GWa
324,South Africa,elec_t_d,2000,2030,36.2,USD/GWa
325,South Africa,elec_t_d,2000,2040,36.2,USD/GWa
326,South Africa,elec_t_d,2000,2050,36.2,USD/GWa
327,South Africa,elec_t_d,2005,2005,36.2,USD/GWa
328,South Africa,elec_t_d,2005,2010,36.2,USD/GWa
329,South Africa,elec_t_d,2005,2020,36.2,USD/GWa
330,South Africa,elec_t_d,2005,2030,36.2,USD/GWa
331,South Africa,elec_t_d,2005,2040,36.2,USD/GWa
332,South Africa,elec_t_d,2005,2050,36.2,USD/GWa
333,South Africa,elec_t_d,2005,2060,36.2,USD/GWa
334,South Africa,elec_t_d,2010,2010,36.2,USD/GWa
335,South Africa,elec_t_d,2010,2020,36.2,USD/GWa
336,South Africa,elec_t_d,2010,2030,36.2,USD/GWa
337,South Africa,elec_t_d,2010,2040,36.2,USD/GWa
338,South Africa,elec_t_d,2010,2050,36.2,USD/GWa
339,South Africa,elec_t_d,2010,2060,36.2,USD/GWa
340,South Africa,elec_t_d,2020,2020,36.2,USD/GWa
341,South Africa,elec_t_d,2020,2030,36.2,USD/GWa
342,South Africa,elec_t_d,2020,2040,36.2,USD/GWa
343,South Africa,elec_t_d,2020,2050,36.2,USD/GWa
344,South Africa,elec_t_d,2020,2060,36.2,USD/GWa
345,South Africa,elec_t_d,2020,2070,36.2,USD/GWa
346,South Africa,elec_t_d,2030,2030,36.2,USD/GWa
347,South Africa,elec_t_d,2030,2040,36.2,USD/GWa
348,South Africa,elec_t_d,2030,2050,36.2,USD/GWa
349,South Africa,elec_t_d,2030,2060,36.2,USD/GWa
350,South Africa,elec_t_d,2030,2070,36.2,USD/GWa
351,South Africa,elec_t_d,2040,2040,36.2,USD/GWa
352,South Africa,elec_t_d,2040,2050,36.2,USD/GWa
353,South Africa,elec_t_d,2040,2060,36.2,USD/GWa
354,South Africa,elec_t_d,2040,2070,36.2,USD/GWa
355,South Africa,elec_t_d,2050,2050,36.2,USD/GWa
356,South Africa,elec_t_d,2050,2060,36.2,USD/GWa
357,South Africa,elec_t_d,2050,2070,36.2,USD/GWa
358,South Africa,elec_t_d,2060,2060,36.2,USD/GWa
359,South Africa,elec_t_d,2060,2070,36.2,USD/GWa
360,South Africa,elec_t_d,2070,2070,36.2,USD/GWa
361,South Africa,elec_trp,1990,1990,0,USD/GWa
362,South Africa,elec_trp,1995,1995,0,USD/GWa
363,South Africa,elec_trp,2000,2000,0,USD/GWa
364,South Africa,elec_trp,2005,2005,0,USD/GWa
365,South Africa,elec_trp,2010,2010,0,USD/GWa
366,South Africa,elec_trp,2020,2020,0,USD/GWa
367,South Africa,elec_trp,2030,2030,0,USD/GWa
368,South Africa,elec_trp,2040,2040,0,USD/GWa
369,South Africa,elec_trp,2050,2050,0,USD/GWa
370,South Africa,elec_trp,2060,2060,0,USD/GWa
371,South Africa,elec_trp,2070,2070,0,USD/GWa
372,South Africa,foil_i,1990,1990,23,USD/GWa
373,South Africa,foil_i,1990,1995,23,USD/GWa
374,South Africa,foil_i,1990,2000,23,USD/GWa
375,South Africa,foil_i,1990,2005,22,USD/GWa
376,South Africa,foil_i,1990,2010,20,USD/GWa
377,South Africa,foil_i,1995,1995,23,USD/GWa
378,South Africa,foil_i,1995,2000,23,USD/GWa
379,South Africa,foil_i,1995,2005,22,USD/GWa
380,South Africa,foil_i,1995,2010,20,USD/GWa
381,South Africa,foil_i,2000,2000,23,USD/GWa
382,South Africa,foil_i,2000,2005,22,USD/GWa
383,South Africa,foil_i,2000,2010,20,USD/GWa
384,South Africa,foil_i,2000,2020,18,USD/GWa
385,South Africa,foil_i,2005,2005,22,USD/GWa
386,South Africa,foil_i,2005,2010,20,USD/GWa
387,South Africa,foil_i,2005,2020,18,USD/GWa
388,South Africa,foil_i,2010,2010,20,USD/GWa
389,South Africa,foil_i,2010,2020,18,USD/GWa
390,South Africa,foil_i,2010,2030,18,USD/GWa
391,South Africa,foil_i,2020,2020,18,USD/GWa
392,South Africa,foil_i,2020,2030,18,USD/GWa
393,South Africa,foil_i,2020,2040,18,USD/GWa
394,South Africa,foil_i,2030,2030,18,USD/GWa
395,South Africa,foil_i,2030,2040,18,USD/GWa
396,South Africa,foil_i,2030,2050,18,USD/GWa
397,South Africa,foil_i,2040,2040,18,USD/GWa
398,South Africa,foil_i,2040,2050,18,USD/GWa
399,South Africa,foil_i,2040,2060,18,USD/GWa
400,South Africa,foil_i,2050,2050,18,USD/GWa
401,South Africa,foil_i,2050,2060,18,USD/GWa
402,South Africa,foil_i,2050,2070,18,USD/GWa
403,South Africa,foil_i,2060,2060,18,USD/GWa
404,South Africa,foil_i,2060,2070,18,USD/GWa
405,South Africa,foil_i,2070,2070,18,USD/GWa
406,South Africa,foil_ppl,1990,1990,31,USD/GWa
407,South Africa,foil_ppl,1990,1995,31,USD/GWa
408,South Africa,foil_ppl,1990,2000,31,USD/GWa
409,South Africa,foil_ppl,1990,2005,31,USD/GWa
410,South Africa,foil_ppl,1990,2010,31,USD/GWa
411,South Africa,foil_ppl,1995,1995,31,USD/GWa
412,South Africa,foil_ppl,1995,2000,31,USD/GWa
413,South Africa,foil_ppl,1995,2005,31,USD/GWa
414,South Africa,foil_ppl,1995,2010,31,USD/GWa
415,South Africa,foil_ppl,1995,2020,31,USD/GWa
416,South Africa,foil_ppl,2000,2000,31,USD/GWa
417,South Africa,foil_ppl,2000,2005,31,USD/GWa
418,South Africa,foil_ppl,2000,2010,31,USD/GWa
419,South Africa,foil_ppl,2000,2020,31,USD/GWa
420,South Africa,foil_ppl,2005,2005,31,USD/GWa
421,South Africa,foil_ppl,2005,2010,31,USD/GWa
422,South Africa,foil_ppl,2005,2020,31,USD/GWa
423,South Africa,foil_ppl,2005,2030,31,USD/GWa
424,South Africa,foil_ppl,2010,2010,31,USD/GWa
425,South Africa,foil_ppl,2010,2020,31,USD/GWa
426,South Africa,foil_ppl,2010,2030,31,USD/GWa
427,South Africa,foil_ppl,2020,2020,31,USD/GWa
428,South Africa,foil_ppl,2020,2030,31,USD/GWa
429,South Africa,foil_ppl,2020,2040,31,USD/GWa
430,South Africa,foil_ppl,2030,2030,31,USD/GWa
431,South Africa,foil_ppl,2030,2040,31,USD/GWa
432,South Africa,foil_ppl,2030,2050,31,USD/GWa
433,South Africa,foil_ppl,2040,2040,31,USD/GWa
434,South Africa,foil_ppl,2040,2050,31,USD/GWa
435,South Africa,foil_ppl,2040,2060,31,USD/GWa
436,South Africa,foil_ppl,2050,2050,31,USD/GWa
437,South Africa,foil_ppl,2050,2060,31,USD/GWa
438,South Africa,foil_ppl,2050,2070,31,USD/GWa
439,South Africa,foil_ppl,2060,2060,31,USD/GWa
440,South Africa,foil_ppl,2060,2070,31,USD/GWa
441,South Africa,foil_rc,1990,1990,0,USD/GWa
442,South Africa,foil_rc,1995,1995,0,USD/GWa
443,South Africa,foil_rc,2000,2000,0,USD/GWa
444,South Africa,foil_rc,2005,2005,0,USD/GWa
445,South Africa,foil_rc,2010,2010,0,USD/GWa
446,South Africa,foil_rc,2020,2020,0,USD/GWa
447,South Africa,foil_rc,2030,2030,0,USD/GWa
448,South Africa,foil_rc,2040,2040,0,USD/GWa
449,South Africa,foil_rc,2050,2050,0,USD/GWa
450,South Africa,foil_rc,2060,2060,0,USD/GWa
451,South Africa,foil_rc,2070,2070,0,USD/GWa
452,South Africa,foil_t_d,1990,1990,0,USD/GWa
453,South Africa,foil_t_d,1995,1995,0,USD/GWa
454,South Africa,foil_t_d,2000,2000,0,USD/GWa
455,South Africa,foil_t_d,2005,2005,0,USD/GWa
456,South Africa,foil_t_d,2010,2010,0,USD/GWa
457,South Africa,foil_t_d,2020,2020,0,USD/GWa
458,South Africa,foil_t_d,2030,2030,0,USD/GWa
459,South Africa,foil_t_d,2040,2040,0,USD/GWa
460,South Africa,foil_t_d,2050,2050,0,USD/GWa
461,South Africa,foil_t_d,2060,2060,0,USD/GWa
462,South Africa,foil_t_d,2070,2070,0,USD/GWa
463,South Africa,foil_trp,1990,1990,0,USD/GWa
464,South Africa,foil_trp,1995,1995,0,USD/GWa
465,South Africa,foil_trp,2000,2000,0,USD/GWa
466,South Africa,foil_trp,2005,2005,0,USD/GWa
467,South Africa,foil_trp,2010,2010,0,USD/GWa
468,South Africa,foil_trp,2020,2020,0,USD/GWa
469,South Africa,foil_trp,2030,2030,0,USD/GWa
470,South Africa,foil_trp,2040,2040,0,USD/GWa
471,South Africa,foil_trp,2050,2050,0,USD/GWa
472,South Africa,foil_trp,2060,2060,0,USD/GWa
473,South Africa,foil_trp,2070,2070,0,USD/GWa
474,South Africa,gas_bal,1990,1990,0,USD/GWa
475,South Africa,gas_bal,1995,1995,0,USD/GWa
476,South Africa,gas_bal,2000,2000,0,USD/GWa
477,South Africa,gas_bal,2005,2005,0,USD/GWa
478,South Africa,gas_bal,2010,2010,0,USD/GWa
479,South Africa,gas_bal,2020,2020,0,USD/GWa
480,South Africa,gas_bal,2030,2030,0,USD/GWa
481,South Africa,gas_bal,2040,2040,0,USD/GWa
482,South Africa,gas_bal,2050,2050,0,USD/GWa
483,South Africa,gas_bal,2060,2060,0,USD/GWa
484,South Africa,gas_bal,2070,2070,0,USD/GWa
485,South Africa,gas_bio,2010,2010,46,USD/GWa
486,South Africa,gas_bio,2010,2020,43,USD/GWa
487,South Africa,gas_bio,2010,2030,40,USD/GWa
488,South Africa,gas_bio,2020,2020,43,USD/GWa
489,South Africa,gas_bio,2020,2030,40,USD/GWa
490,South Africa,gas_bio,2020,2040,37,USD/GWa
491,South Africa,gas_bio,2030,2030,40,USD/GWa
492,South Africa,gas_bio,2030,2040,37,USD/GWa
493,South Africa,gas_bio,2030,2050,37,USD/GWa
494,South Africa,gas_bio,2040,2040,37,USD/GWa
495,South Africa,gas_bio,2040,2050,37,USD/GWa
496,South Africa,gas_bio,2040,2060,37,USD/GWa
497,South Africa,gas_bio,2050,2050,37,USD/GWa
498,South Africa,gas_bio,2050,2060,37,USD/GWa
499,South Africa,gas_bio,2050,2070,37,USD/GWa
500,South Africa,gas_bio,2060,2060,37,USD/GWa
501,South Africa,gas_bio,2060,2070,37,USD/GWa
502,South Africa,gas_cc,1995,1995,22,USD/GWa
503,South Africa,gas_cc,1995,2000,22,USD/GWa
504,South Africa,gas_cc,1995,2005,20,USD/GWa
505,South Africa,gas_cc,1995,2010,16,USD/GWa
506,South Africa,gas_cc,1995,2020,14,USD/GWa
507,South Africa,gas_cc,2000,2000,22,USD/GWa
508,South Africa,gas_cc,2000,2005,20,USD/GWa
509,South Africa,gas_cc,2000,2010,16,USD/GWa
510,South Africa,gas_cc,2000,2020,14,USD/GWa
511,South Africa,gas_cc,2005,2005,20,USD/GWa
512,South Africa,gas_cc,2005,2010,16,USD/GWa
513,South Africa,gas_cc,2005,2020,14,USD/GWa
514,South Africa,gas_cc,2005,2030,12,USD/GWa
515,South Africa,gas_cc,2010,2010,16,USD/GWa
516,South Africa,gas_cc,2010,2020,14,USD/GWa
517,South Africa,gas_cc,2010,2030,12,USD/GWa
518,South Africa,gas_cc,2020,2020,14,USD/GWa
519,South Africa,gas_cc,2020,2030,12,USD/GWa
520,South Africa,gas_cc,2020,2040,12,USD/GWa
521,South Africa,gas_cc,2030,2030,12,USD/GWa
522,South Africa,gas_cc,2030,2040,12,USD/GWa
523,South Africa,gas_cc,2030,2050,12,USD/GWa
524,South Africa,gas_cc,2040,2040,12,USD/GWa
525,South Africa,gas_cc,2040,2050,12,USD/GWa
526,South Africa,gas_cc,2040,2060,12,USD/GWa
527,South Africa,gas_cc,2050,2050,12,USD/GWa
528,South Africa,gas_cc,2050,2060,12,USD/GWa
529,South Africa,gas_cc,2050,2070,12,USD/GWa
530,South Africa,gas_cc,2060,2060,12,USD/GWa
531,South Africa,gas_cc,2060,2070,12,USD/GWa
532,South Africa,gas_cc,2070,2070,12,USD/GWa
533,South Africa,gas_cc_ccs,2020,2020,30,USD/GWa
534,South Africa,gas_cc_ccs,2020,2030,27,USD/GWa
535,South Africa,gas_cc_ccs,2020,2040,26,USD/GWa
536,South Africa,gas_cc_ccs,2030,2030,27,USD/GWa
537,South Africa,gas_cc_ccs,2030,2040,26,USD/GWa
538,South Africa,gas_cc_ccs,2030,2050,26,USD/GWa
539,South Africa,gas_cc_ccs,2040,2040,26,USD/GWa
540,South Africa,gas_cc_ccs,2040,2050,26,USD/GWa
541,South Africa,gas_cc_ccs,2040,2060,26,USD/GWa
542,South Africa,gas_cc_ccs,2050,2050,26,USD/GWa
543,South Africa,gas_cc_ccs,2050,2060,26,USD/GWa
544,South Africa,gas_cc_ccs,2050,2070,26,USD/GWa
545,South Africa,gas_cc_ccs,2060,2060,26,USD/GWa
546,South Africa,gas_cc_ccs,2060,2070,26,USD/GWa
547,South Africa,gas_cc_ccs,2070,2070,26,USD/GWa
548,South Africa,gas_ct,1990,1990,8,USD/GWa
549,South Africa,gas_ct,1990,1995,8,USD/GWa
550,South Africa,gas_ct,1990,2000,8,USD/GWa
551,South Africa,gas_ct,1990,2005,8,USD/GWa
552,South Africa,gas_ct,1990,2010,7,USD/GWa
553,South Africa,gas_ct,1995,1995,8,USD/GWa
554,South Africa,gas_ct,1995,2000,8,USD/GWa
555,South Africa,gas_ct,1995,2005,8,USD/GWa
556,South Africa,gas_ct,1995,2010,7,USD/GWa
557,South Africa,gas_ct,1995,2020,6,USD/GWa
558,South Africa,gas_ct,2000,2000,8,USD/GWa
559,South Africa,gas_ct,2000,2005,8,USD/GWa
560,South Africa,gas_ct,2000,2010,7,USD/GWa
561,South Africa,gas_ct,2000,2020,6,USD/GWa
562,South Africa,gas_ct,2005,2005,8,USD/GWa
563,South Africa,gas_ct,2005,2010,7,USD/GWa
564,South Africa,gas_ct,2005,2020,6,USD/GWa
565,South Africa,gas_ct,2005,2030,5,USD/GWa
566,South Africa,gas_ct,2010,2010,7,USD/GWa
567,South Africa,gas_ct,2010,2020,6,USD/GWa
568,South Africa,gas_ct,2010,2030,5,USD/GWa
569,South Africa,gas_ct,2020,2020,6,USD/GWa
570,South Africa,gas_ct,2020,2030,5,USD/GWa
571,South Africa,gas_ct,2020,2040,5,USD/GWa
572,South Africa,gas_ct,2030,2030,5,USD/GWa
573,South Africa,gas_ct,2030,2040,5,USD/GWa
574,South Africa,gas_ct,2030,2050,5,USD/GWa
575,South Africa,gas_ct,2040,2040,5,USD/GWa
576,South Africa,gas_ct,2040,2050,5,USD/GWa
577,South Africa,gas_ct,2040,2060,5,USD/GWa
578,South Africa,gas_ct,2050,2050,5,USD/GWa
579,South Africa,gas_ct,2050,2060,5,USD/GWa
580,South Africa,gas_ct,2050,2070,5,USD/GWa
581,South Africa,gas_ct,2060,2060,5,USD/GWa
582,South Africa,gas_ct,2060,2070,5,USD/GWa
583,South Africa,gas_ct,2070,2070,5,USD/GWa
584,South Africa,gas_fs,1995,1995,0,USD/GWa
585,South Africa,gas_fs,2000,2000,0,USD/GWa
586,South Africa,gas_fs,2005,2005,0,USD/GWa
587,South Africa,gas_fs,2010,2010,0,USD/GWa
588,South Africa,gas_fs,2020,2020,0,USD/GWa
589,South Africa,gas_fs,2030,2030,0,USD/GWa
590,South Africa,gas_fs,2040,2040,0,USD/GWa
591,South Africa,gas_fs,2050,2050,0,USD/GWa
592,South Africa,gas_fs,2060,2060,0,USD/GWa
593,South Africa,gas_fs,2070,2070,0,USD/GWa
594,South Africa,gas_i,1990,1990,14,USD/GWa
595,South Africa,gas_i,1990,1995,14,USD/GWa
596,South Africa,gas_i,1990,2000,14,USD/GWa
597,South Africa,gas_i,1990,2005,13,USD/GWa
598,South Africa,gas_i,1990,2010,12,USD/GWa
599,South Africa,gas_i,1995,1995,14,USD/GWa
600,South Africa,gas_i,1995,2000,14,USD/GWa
601,South Africa,gas_i,1995,2005,13,USD/GWa
602,South Africa,gas_i,1995,2010,12,USD/GWa
603,South Africa,gas_i,2000,2000,14,USD/GWa
604,South Africa,gas_i,2000,2005,13,USD/GWa
605,South Africa,gas_i,2000,2010,12,USD/GWa
606,South Africa,gas_i,2000,2020,11,USD/GWa
607,South Africa,gas_i,2005,2005,13,USD/GWa
608,South Africa,gas_i,2005,2010,12,USD/GWa
609,South Africa,gas_i,2005,2020,11,USD/GWa
610,South Africa,gas_i,2010,2010,12,USD/GWa
611,South Africa,gas_i,2010,2020,11,USD/GWa
612,South Africa,gas_i,2010,2030,11,USD/GWa
613,South Africa,gas_i,2020,2020,11,USD/GWa
614,South Africa,gas_i,2020,2030,11,USD/GWa
615,South Africa,gas_i,2020,2040,11,USD/GWa
616,South Africa,gas_i,2030,2030,11,USD/GWa
617,South Africa,gas_i,2030,2040,11,USD/GWa
618,South Africa,gas_i,2030,2050,11,USD/GWa
619,South Africa,gas_i,2040,2040,11,USD/GWa
620,South Africa,gas_i,2040,2050,11,USD/GWa
621,South Africa,gas_i,2040,2060,11,USD/GWa
622,South Africa,gas_i,2050,2050,11,USD/GWa
623,South Africa,gas_i,2050,2060,11,USD/GWa
624,South Africa,gas_i,2050,2070,11,USD/GWa
625,South Africa,gas_i,2060,2060,11,USD/GWa
626,South Africa,gas_i,2060,2070,11,USD/GWa
627,South Africa,gas_i,2070,2070,11,USD/GWa
628,South Africa,gas_ppl,1985,1990,23,USD/GWa
629,South Africa,gas_ppl,1985,1995,23,USD/GWa
630,South Africa,gas_ppl,1985,2000,23,USD/GWa
631,South Africa,gas_ppl,1985,2005,21,USD/GWa
632,South Africa,gas_ppl,1985,2010,18,USD/GWa
633,South Africa,gas_ppl,1990,1990,23,USD/GWa
634,South Africa,gas_ppl,1990,1995,23,USD/GWa
635,South Africa,gas_ppl,1990,2000,23,USD/GWa
636,South Africa,gas_ppl,1990,2005,21,USD/GWa
637,South Africa,gas_ppl,1990,2010,18,USD/GWa
638,South Africa,gas_ppl,1995,1995,23,USD/GWa
639,South Africa,gas_ppl,1995,2000,23,USD/GWa
640,South Africa,gas_ppl,1995,2005,21,USD/GWa
641,South Africa,gas_ppl,1995,2010,18,USD/GWa
642,South Africa,gas_ppl,1995,2020,16,USD/GWa
643,South Africa,gas_ppl,2000,2000,23,USD/GWa
644,South Africa,gas_ppl,2000,2005,21,USD/GWa
645,South Africa,gas_ppl,2000,2010,18,USD/GWa
646,South Africa,gas_ppl,2000,2020,16,USD/GWa
647,South Africa,gas_ppl,2005,2005,21,USD/GWa
648,South Africa,gas_ppl,2005,2010,18,USD/GWa
649,South Africa,gas_ppl,2005,2020,16,USD/GWa
650,South Africa,gas_ppl,2005,2030,14,USD/GWa
651,South Africa,gas_ppl,2010,2010,18,USD/GWa
652,South Africa,gas_ppl,2010,2020,16,USD/GWa
653,South Africa,gas_ppl,2010,2030,14,USD/GWa
654,South Africa,gas_ppl,2020,2020,16,USD/GWa
655,South Africa,gas_ppl,2020,2030,14,USD/GWa
656,South Africa,gas_ppl,2020,2040,14,USD/GWa
657,South Africa,gas_ppl,2030,2030,14,USD/GWa
658,South Africa,gas_ppl,2030,2040,14,USD/GWa
659,South Africa,gas_ppl,2030,2050,14,USD/GWa
660,South Africa,gas_ppl,2040,2040,14,USD/GWa
661,South Africa,gas_ppl,2040,2050,14,USD/GWa
662,South Africa,gas_ppl,2040,2060,14,USD/GWa
663,South Africa,gas_ppl,2050,2050,14,USD/GWa
664,South Africa,gas_ppl,2050,2060,14,USD/GWa
665,South Africa,gas_ppl,2050,2070,14,USD/GWa
666,South Africa,gas_ppl,2060,2060,14,USD/GWa
667,South Africa,gas_ppl,2060,2070,14,USD/GWa
668,South Africa,gas_ppl,2070,2070,14,USD/GWa
669,South Africa,gas_rc,1990,1990,0,USD/GWa
670,South Africa,gas_rc,1995,1995,0,USD/GWa
671,South Africa,gas_rc,2000,2000,0,USD/GWa
672,South Africa,gas_rc,2005,2005,0,USD/GWa
673,South Africa,gas_rc,2010,2010,0,USD/GWa
674,South Africa,gas_rc,2020,2020,0,USD/GWa
675,South Africa,gas_rc,2030,2030,0,USD/GWa
676,South Africa,gas_rc,2040,2040,0,USD/GWa
677,South Africa,gas_rc,2050,2050,0,USD/GWa
678,South Africa,gas_rc,2060,2060,0,USD/GWa
679,South Africa,gas_rc,2070,2070,0,USD/GWa
680,South Africa,gas_t_d,1975,1990,14,USD/GWa
681,South Africa,gas_t_d,1975,1995,14,USD/GWa
682,South Africa,gas_t_d,1975,2000,14,USD/GWa
683,South Africa,gas_t_d,1975,2005,14,USD/GWa
684,South Africa,gas_t_d,1975,2010,14,USD/GWa
685,South Africa,gas_t_d,1980,1990,14,USD/GWa
686,South Africa,gas_t_d,1980,1995,14,USD/GWa
687,South Africa,gas_t_d,1980,2000,14,USD/GWa
688,South Africa,gas_t_d,1980,2005,14,USD/GWa
689,South Africa,gas_t_d,1980,2010,14,USD/GWa
690,South Africa,gas_t_d,1985,1990,14,USD/GWa
691,South Africa,gas_t_d,1985,1995,14,USD/GWa
692,South Africa,gas_t_d,1985,2000,14,USD/GWa
693,South Africa,gas_t_d,1985,2005,14,USD/GWa
694,South Africa,gas_t_d,1985,2010,14,USD/GWa
695,South Africa,gas_t_d,1985,2020,14,USD/GWa
696,South Africa,gas_t_d,1990,1990,14,USD/GWa
697,South Africa,gas_t_d,1990,1995,14,USD/GWa
698,South Africa,gas_t_d,1990,2000,14,USD/GWa
699,South Africa,gas_t_d,1990,2005,14,USD/GWa
700,South Africa,gas_t_d,1990,2010,14,USD/GWa
701,South Africa,gas_t_d,1990,2020,14,USD/GWa
702,South Africa,gas_t_d,1995,1995,14,USD/GWa
703,South Africa,gas_t_d,1995,2000,14,USD/GWa
704,South Africa,gas_t_d,1995,2005,14,USD/GWa
705,South Africa,gas_t_d,1995,2010,14,USD/GWa
706,South Africa,gas_t_d,1995,2020,14,USD/GWa
707,South Africa,gas_t_d,1995,2030,16,USD/GWa
708,South Africa,gas_t_d,2000,2000,14,USD/GWa
709,South Africa,gas_t_d,2000,2005,14,USD/GWa
710,South Africa,gas_t_d,2000,2010,14,USD/GWa
711,South Africa,gas_t_d,2000,2020,14,USD/GWa
712,South Africa,gas_t_d,2000,2030,16,USD/GWa
713,South Africa,gas_t_d,2005,2005,14,USD/GWa
714,South Africa,gas_t_d,2005,2010,14,USD/GWa
715,South Africa,gas_t_d,2005,2020,14,USD/GWa
716,South Africa,gas_t_d,2005,2030,16,USD/GWa
717,South Africa,gas_t_d,2005,2040,18,USD/GWa
718,South Africa,gas_t_d,2010,2010,14,USD/GWa
719,South Africa,gas_t_d,2010,2020,14,USD/GWa
720,South Africa,gas_t_d,2010,2030,16,USD/GWa
721,South Africa,gas_t_d,2010,2040,18,USD/GWa
722,South Africa,gas_t_d,2020,2020,14,USD/GWa
723,South Africa,gas_t_d,2020,2030,16,USD/GWa
724,South Africa,gas_t_d,2020,2040,18,USD/GWa
725,South Africa,gas_t_d,2020,2050,20,USD/GWa
726,South Africa,gas_t_d,2030,2030,16,USD/GWa
727,South Africa,gas_t_d,2030,2040,18,USD/GWa
728,South Africa,gas_t_d,2030,2050,20,USD/GWa
729,South Africa,gas_t_d,2030,2060,22,USD/GWa
730,South Africa,gas_t_d,2040,2040,18,USD/GWa
731,South Africa,gas_t_d,2040,2050,20,USD/GWa
732,South Africa,gas_t_d,2040,2060,22,USD/GWa
733,South Africa,gas_t_d,2040,2070,24,USD/GWa
734,South Africa,gas_t_d,2050,2050,20,USD/GWa
735,South Africa,gas_t_d,2050,2060,20,USD/GWa
736,South Africa,gas_t_d,2050,2070,20,USD/GWa
737,South Africa,gas_t_d,2060,2060,18,USD/GWa
738,South Africa,gas_t_d,2060,2070,16,USD/GWa
739,South Africa,gas_t_d,2070,2070,12,USD/GWa
740,South Africa,gas_trp,1995,1995,0,USD/GWa
741,South Africa,gas_trp,2000,2000,0,USD/GWa
742,South Africa,gas_trp,2005,2005,0,USD/GWa
743,South Africa,gas_trp,2010,2010,0,USD/GWa
744,South Africa,gas_trp,2020,2020,0,USD/GWa
745,South Africa,gas_trp,2030,2030,0,USD/GWa
746,South Africa,gas_trp,2040,2040,0,USD/GWa
747,South Africa,gas_trp,2050,2050,0,USD/GWa
748,South Africa,gas_trp,2060,2060,0,USD/GWa
749,South Africa,gas_trp,2070,2070,0,USD/GWa
750,South Africa,hydro_ppl,2010,2010,50,???
751,South Africa,hydro_ppl,2010,2020,49,???
752,South Africa,hydro_ppl,2010,2030,49,???
753,South Africa,hydro_ppl,2010,2040,50,???
754,South Africa,hydro_ppl,2010,2050,52,???
755,South Africa,hydro_ppl,2010,2060,54,???
756,South Africa,hydro_ppl,2020,2020,49,???
757,South Africa,hydro_ppl,2020,2030,49,???
758,South Africa,hydro_ppl,2020,2040,50,???
759,South Africa,hydro_ppl,2020,2050,52,???
760,South Africa,hydro_ppl,2020,2060,54,???
761,South Africa,hydro_ppl,2020,2070,56,???
762,South Africa,hydro_ppl,2030,2030,49,???
763,South Africa,hydro_ppl,2030,2040,50,???
764,South Africa,hydro_ppl,2030,2050,52,???
765,South Africa,hydro_ppl,2030,2060,54,???
766,South Africa,hydro_ppl,2030,2070,56,???
767,South Africa,hydro_ppl,2040,2040,50,???
768,South Africa,hydro_ppl,2040,2050,52,???
769,South Africa,hydro_ppl,2040,2060,54,???
770,South Africa,hydro_ppl,2040,2070,56,???
771,South Africa,hydro_ppl,2050,2050,52,???
772,South Africa,hydro_ppl,2050,2060,52,???
773,South Africa,hydro_ppl,2050,2070,52,???
774,South Africa,hydro_ppl,2060,2060,50,???
775,South Africa,hydro_ppl,2060,2070,48,???
776,South Africa,hydro_ppl,2070,2070,44,???
777,South Africa,igcc,2010,2010,50,USD/GWa
778,South Africa,igcc,2010,2020,43,USD/GWa
779,South Africa,igcc,2010,2030,39,USD/GWa
780,South Africa,igcc,2020,2020,43,USD/GWa
781,South Africa,igcc,2020,2030,39,USD/GWa
782,South Africa,igcc,2020,2040,37,USD/GWa
783,South Africa,igcc,2030,2030,39,USD/GWa
784,South Africa,igcc,2030,2040,37,USD/GWa
785,South Africa,igcc,2030,2050,37,USD/GWa
786,South Africa,igcc,2040,2040,37,USD/GWa
787,South Africa,igcc,2040,2050,37,USD/GWa
788,South Africa,igcc,2040,2060,37,USD/GWa
789,South Africa,igcc,2050,2050,37,USD/GWa
790,South Africa,igcc,2050,2060,37,USD/GWa
791,South Africa,igcc,2050,2070,37,USD/GWa
792,South Africa,igcc,2060,2060,37,USD/GWa
793,South Africa,igcc,2060,2070,37,USD/GWa
794,South Africa,igcc_ccs,2020,2020,64,USD/GWa
795,South Africa,igcc_ccs,2020,2030,58,USD/GWa
796,South Africa,igcc_ccs,2020,2040,56,USD/GWa
797,South Africa,igcc_ccs,2030,2030,58,USD/GWa
798,South Africa,igcc_ccs,2030,2040,56,USD/GWa
799,South Africa,igcc_ccs,2030,2050,56,USD/GWa
800,South Africa,igcc_ccs,2040,2040,56,USD/GWa
801,South Africa,igcc_ccs,2040,2050,56,USD/GWa
802,South Africa,igcc_ccs,2040,2060,56,USD/GWa
803,South Africa,igcc_ccs,2050,2050,56,USD/GWa
804,South Africa,igcc_ccs,2050,2060,56,USD/GWa
805,South Africa,igcc_ccs,2050,2070,56,USD/GWa
806,South Africa,igcc_ccs,2060,2060,56,USD/GWa
807,South Africa,igcc_ccs,2060,2070,56,USD/GWa
808,South Africa,loil_fs,1990,1990,0,USD/GWa
809,South Africa,loil_fs,1995,1995,0,USD/GWa
810,South Africa,loil_fs,2000,2000,0,USD/GWa
811,South Africa,loil_fs,2005,2005,0,USD/GWa
812,South Africa,loil_fs,2010,2010,0,USD/GWa
813,South Africa,loil_fs,2020,2020,0,USD/GWa
814,South Africa,loil_fs,2030,2030,0,USD/GWa
815,South Africa,loil_fs,2040,2040,0,USD/GWa
816,South Africa,loil_fs,2050,2050,0,USD/GWa
817,South Africa,loil_fs,2060,2060,0,USD/GWa
818,South Africa,loil_fs,2070,2070,0,USD/GWa
819,South Africa,loil_i,1990,1990,14,USD/GWa
820,South Africa,loil_i,1990,1995,14,USD/GWa
821,South Africa,loil_i,1990,2000,14,USD/GWa
822,South Africa,loil_i,1990,2005,13,USD/GWa
823,South Africa,loil_i,1990,2010,12,USD/GWa
824,South Africa,loil_i,1995,1995,14,USD/GWa
825,South Africa,loil_i,1995,2000,14,USD/GWa
826,South Africa,loil_i,1995,2005,13,USD/GWa
827,South Africa,loil_i,1995,2010,12,USD/GWa
828,South Africa,loil_i,2000,2000,14,USD/GWa
829,South Africa,loil_i,2000,2005,13,USD/GWa
830,South Africa,loil_i,2000,2010,12,USD/GWa
831,South Africa,loil_i,2000,2020,11,USD/GWa
832,South Africa,loil_i,2005,2005,13,USD/GWa
833,South Africa,loil_i,2005,2010,12,USD/GWa
834,South Africa,loil_i,2005,2020,11,USD/GWa
835,South Africa,loil_i,2010,2010,12,USD/GWa
836,South Africa,loil_i,2010,2020,11,USD/GWa
837,South Africa,loil_i,2010,2030,11,USD/GWa
838,South Africa,loil_i,2020,2020,11,USD/GWa
839,South Africa,loil_i,2020,2030,11,USD/GWa
840,South Africa,loil_i,2020,2040,11,USD/GWa
841,South Africa,loil_i,2030,2030,11,USD/GWa
842,South Africa,loil_i,2030,2040,11,USD/GWa
843,South Africa,loil_i,2030,2050,11,USD/GWa
844,South Africa,loil_i,2040,2040,11,USD/GWa
845,South Africa,loil_i,2040,2050,11,USD/GWa
846,South Africa,loil_i,2040,2060,11,USD/GWa
847,South Africa,loil_i,2050,2050,11,USD/GWa
848,South Africa,loil_i,2050,2060,11,USD/GWa
849,South Africa,loil_i,2050,2070,11,USD/GWa
850,South Africa,loil_i,2060,2060,11,USD/GWa
851,South Africa,loil_i,2060,2070,11,USD/GWa
852,South Africa,loil_i,2070,2070,11,USD/GWa
853,South Africa,loil_ppl,1990,1990,28,USD/GWa
854,South Africa,loil_ppl,1990,1995,28,USD/GWa
855,South Africa,loil_ppl,1990,2000,28,USD/GWa
856,South Africa,loil_ppl,1990,2005,28,USD/GWa
857,South Africa,loil_ppl,1990,2010,28,USD/GWa
858,South Africa,loil_ppl,1995,1995,28,USD/GWa
859,South Africa,loil_ppl,1995,2000,28,USD/GWa
860,South Africa,loil_ppl,1995,2005,28,USD/GWa
861,South Africa,loil_ppl,1995,2010,28,USD/GWa
862,South Africa,loil_ppl,1995,2020,28,USD/GWa
863,South Africa,loil_ppl,2000,2000,28,USD/GWa
864,South Africa,loil_ppl,2000,2005,28,USD/GWa
865,South Africa,loil_ppl,2000,2010,28,USD/GWa
866,South Africa,loil_ppl,2000,2020,28,USD/GWa
867,South Africa,loil_ppl,2005,2005,28,USD/GWa
868,South Africa,loil_ppl,2005,2010,28,USD/GWa
869,South Africa,loil_ppl,2005,2020,28,USD/GWa
870,South Africa,loil_ppl,2005,2030,28,USD/GWa
871,South Africa,loil_ppl,2010,2010,28,USD/GWa
872,South Africa,loil_ppl,2010,2020,28,USD/GWa
873,South Africa,loil_ppl,2010,2030,28,USD/GWa
874,South Africa,loil_ppl,2020,2020,28,USD/GWa
875,South Africa,loil_ppl,2020,2030,28,USD/GWa
876,South Africa,loil_ppl,2020,2040,28,USD/GWa
877,South Africa,loil_ppl,2030,2030,28,USD/GWa
878,South Africa,loil_ppl,2030,2040,28,USD/GWa
879,South Africa,loil_ppl,2030,2050,28,USD/GWa
880,South Africa,loil_ppl,2040,2040,28,USD/GWa
881,South Africa,loil_ppl,2040,2050,28,USD/GWa
882,South Africa,loil_ppl,2040,2060,28,USD/GWa
883,South Africa,loil_ppl,2050,2050,28,USD/GWa
884,South Africa,loil_ppl,2050,2060,28,USD/GWa
885,South Africa,loil_ppl,2050,2070,28,USD/GWa
886,South Africa,loil_ppl,2060,2060,28,USD/GWa
887,South Africa,loil_ppl,2060,2070,28,USD/GWa
888,South Africa,loil_ppl,2070,2070,28,USD/GWa
889,South Africa,loil_rc,1990,1990,0,USD/GWa
890,South Africa,loil_rc,1995,1995,0,USD/GWa
891,South Africa,loil_rc,2000,2000,0,USD/GWa
892,South Africa,loil_rc,2005,2005,0,USD/GWa
893,South Africa,loil_rc,2010,2010,0,USD/GWa
894,South Africa,loil_rc,2020,2020,0,USD/GWa
895,South Africa,loil_rc,2030,2030,0,USD/GWa
896,South Africa,loil_rc,2040,2040,0,USD/GWa
897,South Africa,loil_rc,2050,2050,0,USD/GWa
898,South Africa,loil_rc,2060,2060,0,USD/GWa
899,South Africa,loil_rc,2070,2070,0,USD/GWa
900,South Africa,loil_t_d,1990,1990,0,USD/GWa
901,South Africa,loil_t_d,1995,1995,0,USD/GWa
902,South Africa,loil_t_d,2000,2000,0,USD/GWa
903,South Africa,loil_t_d,2005,2005,0,USD/GWa
904,South Africa,loil_t_d,2010,2010,0,USD/GWa
905,South Africa,loil_t_d,2020,2020,0,USD/GWa
906,South Africa,loil_t_d,2030,2030,0,USD/GWa
907,South Africa,loil_t_d,2040,2040,0,USD/GWa
908,South Africa,loil_t_d,2050,2050,0,USD/GWa
909,South Africa,loil_t_d,2060,2060,0,USD/GWa
910,South Africa,loil_t_d,2070,2070,0,USD/GWa
911,South Africa,loil_trp,1990,1990,0,USD/GWa
912,South Africa,loil_trp,1995,1995,0,USD/GWa
913,South Africa,loil_trp,2000,2000,0,USD/GWa
914,South Africa,loil_trp,2005,2005,0,USD/GWa
915,South Africa,loil_trp,2010,2010,0,USD/GWa
916,South Africa,loil_trp,2020,2020,0,USD/GWa
917,South Africa,loil_trp,2030,2030,0,USD/GWa
918,South Africa,loil_trp,2040,2040,0,USD/GWa
919,South Africa,loil_trp,2050,2050,0,USD/GWa
920,South Africa,loil_trp,2060,2060,0,USD/GWa
921,South Africa,loil_trp,2070,2070,0,USD/GWa
922,South Africa,meth_coal,2020,2020,29,USD/GWa
923,South Africa,meth_coal,2020,2030,27,USD/GWa
924,South Africa,meth_coal,2020,2040,27,USD/GWa
925,South Africa,meth_coal,2030,2030,27,USD/GWa
926,South Africa,meth_coal,2030,2040,27,USD/GWa
927,South Africa,meth_coal,2030,2050,28,USD/GWa
928,South Africa,meth_coal,2040,2040,27,USD/GWa
929,South Africa,meth_coal,2040,2050,28,USD/GWa
930,South Africa,meth_coal,2040,2060,29,USD/GWa
931,South Africa,meth_coal,2050,2050,28,USD/GWa
932,South Africa,meth_coal,2050,2060,28,USD/GWa
933,South Africa,meth_coal,2050,2070,28,USD/GWa
934,South Africa,meth_coal,2060,2060,27,USD/GWa
935,South Africa,meth_coal,2060,2070,28,USD/GWa
936,South Africa,meth_coal_ccs,2020,2020,29,USD/GWa
937,South Africa,meth_coal_ccs,2020,2030,28,USD/GWa
938,South Africa,meth_coal_ccs,2020,2040,28,USD/GWa
939,South Africa,meth_coal_ccs,2030,2030,28,USD/GWa
940,South Africa,meth_coal_ccs,2030,2040,28,USD/GWa
941,South Africa,meth_coal_ccs,2030,2050,28,USD/GWa
942,South Africa,meth_coal_ccs,2040,2040,28,USD/GWa
943,South Africa,meth_coal_ccs,2040,2050,28,USD/GWa
944,South Africa,meth_coal_ccs,2040,2060,28,USD/GWa
945,South Africa,meth_coal_ccs,2050,2050,28,USD/GWa
946,South Africa,meth_coal_ccs,2050,2060,28,USD/GWa
947,South Africa,meth_coal_ccs,2050,2070,28,USD/GWa
948,South Africa,meth_coal_ccs,2060,2060,28,USD/GWa
949,South Africa,meth_coal_ccs,2060,2070,28,USD/GWa
950,South Africa,meth_ng,2020,2020,15,USD/GWa
951,South Africa,meth_ng,2020,2030,14,USD/GWa
952,South Africa,meth_ng,2020,2040,14,USD/GWa
953,South Africa,meth_ng,2030,2030,14,USD/GWa
954,South Africa,meth_ng,2030,2040,14,USD/GWa
955,South Africa,meth_ng,2030,2050,15,USD/GWa
956,South Africa,meth_ng,2040,2040,14,USD/GWa
957,South Africa,meth_ng,2040,2050,15,USD/GWa
958,South Africa,meth_ng,2040,2060,16,USD/GWa
959,South Africa,meth_ng,2050,2050,15,USD/GWa
960,South Africa,meth_ng,2050,2060,15,USD/GWa
961,South Africa,meth_ng,2050,2070,15,USD/GWa
962,South Africa,meth_ng,2060,2060,14,USD/GWa
963,South Africa,meth_ng,2060,2070,15,USD/GWa
964,South Africa,meth_ng,2070,2070,15,USD/GWa
965,South Africa,meth_ng_ccs,2020,2020,16,USD/GWa
966,South Africa,meth_ng_ccs,2020,2030,16,USD/GWa
967,South Africa,meth_ng_ccs,2020,2040,15,USD/GWa
968,South Africa,meth_ng_ccs,2030,2030,16,USD/GWa
969,South Africa,meth_ng_ccs,2030,2040,15,USD/GWa
970,South Africa,meth_ng_ccs,2030,2050,16,USD/GWa
971,South Africa,meth_ng_ccs,2040,2040,15,USD/GWa
972,South Africa,meth_ng_ccs,2040,2050,16,USD/GWa
973,South Africa,meth_ng_ccs,2040,2060,17,USD/GWa
974,South Africa,meth_ng_ccs,2050,2050,16,USD/GWa
975,South Africa,meth_ng_ccs,2050,2060,16,USD/GWa
976,South Africa,meth_ng_ccs,2050,2070,16,USD/GWa
977,South Africa,meth_ng_ccs,2060,2060,15,USD/GWa
978,South Africa,meth_ng_ccs,2060,2070,16,USD/GWa
979,South Africa,meth_ng_ccs,2070,2070,16,USD/GWa
980,South Africa,nuc_ppl,2010,2010,65,???
981,South Africa,nuc_ppl,2010,2020,58,???
982,South Africa,nuc_ppl,2010,2030,55,???
983,South Africa,nuc_ppl,2010,2040,56,???
984,South Africa,nuc_ppl,2020,2020,98,???
985,South Africa,nuc_ppl,2020,2040,86,???
986,South Africa,nuc_ppl,2020,2050,84,???
987,South Africa,nuc_ppl,2030,2030,87,???
988,South Africa,nuc_ppl,2030,2040,84,???
989,South Africa,nuc_ppl,2030,2050,86,???
990,South Africa,nuc_ppl,2030,2060,88,???
991,South Africa,nuc_ppl,2040,2040,84,???
992,South Africa,nuc_ppl,2040,2050,86,???
993,South Africa,nuc_ppl,2040,2060,88,???
994,South Africa,nuc_ppl,2040,2070,90,???
995,South Africa,nuc_ppl,2050,2050,86,???
996,South Africa,nuc_ppl,2050,2060,86,???
997,South Africa,nuc_ppl,2050,2070,86,???
998,South Africa,nuc_ppl,2060,2060,84,???
999,South Africa,nuc_ppl,2060,2070,82,???
1000,South Africa,oil_bal,1990,1990,0,USD/GWa
1001,South Africa,oil_bal,1995,1995,0,USD/GWa
1002,South Africa,oil_bal,2000,2000,0,USD/GWa
1003,South Africa,oil_bal,2005,2005,0,USD/GWa
1004,South Africa,oil_bal,2010,2010,0,USD/GWa
1005,South Africa,oil_bal,2020,2020,0,USD/GWa
1006,South Africa,oil_bal,2030,2030,0,USD/GWa
1007,South Africa,oil_bal,2040,2040,0,USD/GWa
1008,South Africa,oil_bal,2050,2050,0,USD/GWa
1009,South Africa,oil_bal,2060,2060,0,USD/GWa
1010,South Africa,oil_bal,2070,2070,0,USD/GWa
1011,South Africa,ref_hil,1995,1995,2.3736265,USD/GWa
1012,South Africa,ref_hil,1995,2000,2.4347825,USD/GWa
1013,South Africa,ref_hil,1995,2005,2.4324324,USD/GWa
1014,South Africa,ref_hil,1995,2010,2.4086022,USD/GWa
1015,South Africa,ref_hil,1995,2020,2.2978723,USD/GWa
1016,South Africa,ref_hil,2000,2000,2.4347825,USD/GWa
1017,South Africa,ref_hil,2000,2005,2.4324324,USD/GWa
1018,South Africa,ref_hil,2000,2010,2.4086022,USD/GWa
1019,South Africa,ref_hil,2000,2020,2.2978723,USD/GWa
1020,South Africa,ref_hil,2005,2005,2.4324324,USD/GWa
1021,South Africa,ref_hil,2005,2010,2.4086022,USD/GWa
1022,South Africa,ref_hil,2005,2020,2.2978723,USD/GWa
1023,South Africa,ref_hil,2005,2030,2.1052632,USD/GWa
1024,South Africa,ref_hil,2010,2010,2.4086022,USD/GWa
1025,South Africa,ref_hil,2010,2020,2.2978723,USD/GWa
1026,South Africa,ref_hil,2010,2030,2.1052632,USD/GWa
1027,South Africa,ref_hil,2020,2020,2.2978723,USD/GWa
1028,South Africa,ref_hil,2020,2030,2.1052632,USD/GWa
1029,South Africa,ref_hil,2020,2040,2.1052632,USD/GWa
1030,South Africa,ref_hil,2030,2030,2.1052632,USD/GWa
1031,South Africa,ref_hil,2030,2040,2.1052632,USD/GWa
1032,South Africa,ref_hil,2030,2050,2.1052632,USD/GWa
1033,South Africa,ref_hil,2040,2040,2.1052632,USD/GWa
1034,South Africa,ref_hil,2040,2050,2.1052632,USD/GWa
1035,South Africa,ref_hil,2040,2060,2.1052632,USD/GWa
1036,South Africa,ref_hil,2050,2050,2.1052632,USD/GWa
1037,South Africa,ref_hil,2050,2060,2.1052632,USD/GWa
1038,South Africa,ref_hil,2050,2070,2.1052632,USD/GWa
1039,South Africa,ref_hil,2060,2060,2.1052632,USD/GWa
1040,South Africa,ref_hil,2060,2070,2.1052632,USD/GWa
1041,South Africa,ref_hil,2070,2070,2.1052632,USD/GWa
1042,South Africa,solar_i,2010,2010,64,???
1043,South Africa,solar_i,2010,2020,51,???
1044,South Africa,solar_i,2020,2020,51,???
1045,South Africa,solar_i,2020,2030,45,???
1046,South Africa,solar_i,2030,2030,43,???
1047,South Africa,solar_i,2030,2040,39.25,???
1048,South Africa,solar_i,2040,2040,38,???
1049,South Africa,solar_i,2040,2050,34.5,???
1050,South Africa,solar_i,2050,2050,36,???
1051,South Africa,solar_i,2050,2060,36,???
1052,South Africa,solar_i,2060,2060,34,???
1053,South Africa,solar_i,2060,2070,37.5,???
1054,South Africa,solar_pv_ppl,2010,2010,12,???
1055,South Africa,solar_pv_ppl,2010,2020,9.75,???
1056,South Africa,solar_pv_ppl,2010,2030,7.5,???
1057,South Africa,solar_pv_ppl,2020,2020,9,???
1058,South Africa,solar_pv_ppl,2020,2030,7.5,???
1059,South Africa,solar_pv_ppl,2020,2040,6.25,???
1060,South Africa,solar_pv_ppl,2030,2030,7,???
1061,South Africa,solar_pv_ppl,2030,2040,6.25,???
1062,South Africa,solar_pv_ppl,2030,2050,6,???
1063,South Africa,solar_pv_ppl,2040,2040,6,???
1064,South Africa,solar_pv_ppl,2040,2050,6,???
1065,South Africa,solar_pv_ppl,2040,2060,6,???
1066,South Africa,solar_pv_ppl,2050,2050,6,???
1067,South Africa,solar_pv_ppl,2050,2060,6,???
1068,South Africa,solar_pv_ppl,2050,2070,6,???
1069,South Africa,solar_pv_ppl,2060,2060,6,???
1070,South Africa,solar_pv_ppl,2060,2070,6,???
1071,South Africa,solar_pv_ppl,2070,2070,6,???
1072,South Africa,solar_th_ppl,2010,2010,68,???
1073,South Africa,solar_th_ppl,2010,2020,59,???
1074,South Africa,solar_th_ppl,2010,2030,54,???
1075,South Africa,solar_th_ppl,2020,2020,59,???
1076,South Africa,solar_th_ppl,2020,2030,55.25,???
1077,South Africa,solar_th_ppl,2020,2040,52.5,???
1078,South Africa,solar_th_ppl,2030,2030,54,???
1079,South Africa,solar_th_ppl,2030,2040,52.5,???
1080,South Africa,solar_th_ppl,2030,2050,51.25,???
1081,South Africa,solar_th_ppl,2040,2040,52,???
1082,South Africa,solar_th_ppl,2040,2050,51.25,???
1083,South Africa,solar_th_ppl,2040,2060,50.25,???
1084,South Africa,solar_th_ppl,2050,2050,51,???
1085,South Africa,solar_th_ppl,2050,2060,51,???
1086,South Africa,solar_th_ppl,2050,2070,51,???
1087,South Africa,solar_th_ppl,2060,2060,52,???
1088,South Africa,solar_th_ppl,2060,2070,51.25,???
1089,South Africa,solar_th_ppl_base,2010,2010,139,???
1090,South Africa,solar_th_ppl_base,2010,2020,118,???
1091,South Africa,solar_th_ppl_base,2010,2030,105,???
1092,South Africa,solar_th_ppl_base,2020,2020,118,???
1093,South Africa,solar_th_ppl_base,2020,2030,108.25,???
1094,South Africa,solar_th_ppl_base,2020,2040,99.75,???
1095,South Africa,solar_th_ppl_base,2030,2030,105,???
1096,South Africa,solar_th_ppl_base,2030,2040,99.75,???
1097,South Africa,solar_th_ppl_base,2030,2050,96.5,???
1098,South Africa,solar_th_ppl_base,2040,2040,98,???
1099,South Africa,solar_th_ppl_base,2040,2050,96.5,???
1100,South Africa,solar_th_ppl_base,2040,2060,94.5,???
1101,South Africa,solar_th_ppl_base,2050,2050,96,???
1102,South Africa,solar_th_ppl_base,2050,2060,96,???
1103,South Africa,solar_th_ppl_base,2050,2070,96,???
1104,South Africa,solar_th_ppl_base,2060,2060,98,???
1105,South Africa,solar_th_ppl_base,2060,2070,96.5,???
1106,South Africa,sp_el_I,1990,1990,0,USD/GWa
1107,South Africa,sp_el_I,1995,1995,0,USD/GWa
1108,South Africa,sp_el_I,2000,2000,0,USD/GWa
1109,South Africa,sp_el_I,2005,2005,0,USD/GWa
1110,South Africa,sp_el_I,2010,2010,0,USD/GWa
1111,South Africa,sp_el_I,2020,2020,0,USD/GWa
1112,South Africa,sp_el_I,2030,2030,0,USD/GWa
1113,South Africa,sp_el_I,2040,2040,0,USD/GWa
1114,South Africa,sp_el_I,2050,2050,0,USD/GWa
1115,South Africa,sp_el_I,2060,2060,0,USD/GWa
1116,South Africa,sp_el_I,2070,2070,0,USD/GWa
1117,South Africa,sp_el_RC,1990,1990,0,USD/GWa
1118,South Africa,sp_el_RC,1995,1995,0,USD/GWa
1119,South Africa,sp_el_RC,2000,2000,0,USD/GWa
1120,South Africa,sp_el_RC,2005,2005,0,USD/GWa
1121,South Africa,sp_el_RC,2010,2010,0,USD/GWa
1122,South Africa,sp_el_RC,2020,2020,0,USD/GWa
1123,South Africa,sp_el_RC,2030,2030,0,USD/GWa
1124,South Africa,sp_el_RC,2040,2040,0,USD/GWa
1125,South Africa,sp_el_RC,2050,2050,0,USD/GWa
1126,South Africa,sp_el_RC,2060,2060,0,USD/GWa
1127,South Africa,sp_el_RC,2070,2070,0,USD/GWa
1128,South Africa,syn_liq,2020,2020,40,USD/GWa
1129,South Africa,syn_liq,2020,2030,38,USD/GWa
1130,South Africa,syn_liq,2020,2040,37,USD/GWa
1131,South Africa,syn_liq,2030,2030,38,USD/GWa
1132,South Africa,syn_liq,2030,2040,37,USD/GWa
1133,South Africa,syn_liq,2030,2050,38,USD/GWa
1134,South Africa,syn_liq,2040,2040,37,USD/GWa
1135,South Africa,syn_liq,2040,2050,38,USD/GWa
1136,South Africa,syn_liq,2040,2060,39,USD/GWa
1137,South Africa,syn_liq,2050,2050,38,USD/GWa
1138,South Africa,syn_liq,2050,2060,38,USD/GWa
1139,South Africa,syn_liq,2050,2070,38,USD/GWa
1140,South Africa,syn_liq,2060,2060,37,USD/GWa
1141,South Africa,syn_liq,2060,2070,38,USD/GWa
1142,South Africa,syn_liq_ccs,2020,2020,40,USD/GWa
1143,South Africa,syn_liq_ccs,2020,2030,38,USD/GWa
1144,South Africa,syn_liq_ccs,2020,2040,38,USD/GWa
1145,South Africa,syn_liq_ccs,2030,2030,38,USD/GWa
1146,South Africa,syn_liq_ccs,2030,2040,38,USD/GWa
1147,South Africa,syn_liq_ccs,2030,2050,39,USD/GWa
1148,South Africa,syn_liq_ccs,2040,2040,38,USD/GWa
1149,South Africa,syn_liq_ccs,2040,2050,39,USD/GWa
1150,South Africa,syn_liq_ccs,2040,2060,40,USD/GWa
1151,South Africa,syn_liq_ccs,2050,2050,39,USD/GWa
1152,South Africa,syn_liq_ccs,2050,2060,39,USD/GWa
1153,South Africa,syn_liq_ccs,2050,2070,39,USD/GWa
1154,South Africa,syn_liq_ccs,2060,2060,38,USD/GWa
1155,South Africa,syn_liq_ccs,2060,2070,39,USD/GWa
1156,South Africa,wind_ppl,2010,2010,23,???
1157,South Africa,wind_ppl,2010,2020,19,???
1158,South Africa,wind_ppl,2010,2030,17,???
1159,South Africa,wind_ppl,2020,2020,19,???
1160,South Africa,wind_ppl,2020,2030,17.5,???
1161,South Africa,wind_ppl,2020,2040,16.25,???
1162,South Africa,wind_ppl,2030,2030,17,???
1163,South Africa,wind_ppl,2030,2040,16.25,???
1164,South Africa,wind_ppl,2030,2050,15.25,???
1165,South Africa,wind_ppl,2040,2040,16,???
1166,South Africa,wind_ppl,2040,2050,15.25,???
1167,South Africa,wind_ppl,2040,2060,14.25,???
1168,South Africa,wind_ppl,2050,2050,15,???
1169,South Africa,wind_ppl,2050,2060,15,???
1170,South Africa,wind_ppl,2050,2070,15,???
1171,South Africa,wind_ppl,2060,2060,16,???
1172,South Africa,wind_ppl,2060,2070,15.25,???
1173,South Africa,wind_ppl,2070,2070,15,???
